- The project is out-of-sync -- use `renv::status()` for details.

========================================
  PARAMETERISED BACKTEST SWEEP
========================================
master:   .cache/processed/master_dataset_complete.rds
metadata: NONE
out_root: experimental/backtest_output_baseline
window:   2020-01-01 -> 2026-03-31 (quarterly)
started:  2026-06-03 23:27:26
========================================

── Attaching core tidyverse packages ──────────────────────── tidyverse 2.0.0 ──
✔ forcats   1.0.1     ✔ purrr     1.2.2
✔ ggplot2   4.0.0     ✔ stringr   1.5.2
✔ lubridate 1.9.4     ✔ tibble    3.3.0
── Conflicts ────────────────────────────────────────── tidyverse_conflicts() ──
✖ dplyr::filter() masks stats::filter()
✖ dplyr::lag()    masks stats::lag()
ℹ Use the conflicted package (<http://conflicted.r-lib.org/>) to force all conflicts to become errors
ABS Release Schedule:
# A tibble: 13 × 4
   indicator_id       release_day_of_month release_lag_days release_frequency
   <chr>                             <dbl>            <dbl> <chr>            
 1 employment                           15               15 monthly          
 2 unemp_rate                           15               15 monthly          
 3 participation                        15               15 monthly          
 4 hours_worked                         15               15 monthly          
 5 household_spending                   30               30 monthly          
 6 exports_goods                         7               45 monthly          
 7 imports_goods                         7               45 monthly          
 8 exports_servs                         7               62 quarterly        
 9 imports_servs                         7               62 quarterly        
10 building_app                         30               30 monthly          
11 cons_conf                             5                5 monthly          
12 bus_conf                             11               11 monthly          
13 gdp_quarterly                         5               64 quarterly        

Release schedule saved to: .cache/processed/release_schedule.rds

=== Release Calendar Script Ready ===

Key functions:
  - get_available_data() - Filter to data available as of specific date
  - summarize_data_availability() - Check what's available now
  - generate_backtest_dates() - Create dates for historical evaluation
  - create_backtest_snapshot() - Get historical data snapshot
  - track_recent_releases() - See what updated recently

This enables:
  1. Real-time nowcasting with ragged edge data
  2. Backtesting with historically available data only
  3. Tracking impact of new data releases

Attaching package: 'Matrix'

The following objects are masked from 'package:tidyr':

    expand, pack, unpack


=== Model Estimation Script Ready ===

Key functions:
  - prepare_data_for_dfm() - Format data for nowcasting package
  - configure_dfm() - Set model parameters
  - estimate_dfm() - Run EM algorithm to estimate model
  - check_model_diagnostics() - Validate model quality
  - save_model() / load_model() - Persist models
  - run_model_estimation() - Complete workflow

Example usage:
  master_data <- readRDS(".cache/processed/master_dataset_wide.rds")
  result <- run_model_estimation(master_data, n_factors = 5)
  model <- result$model

Note: The nowcasting package API may vary by version.
You may need to adjust function calls based on installed version.
Check: help(package = 'nowcasting') for available functions
ABS Release Schedule:
# A tibble: 13 × 4
   indicator_id       release_day_of_month release_lag_days release_frequency
   <chr>                             <dbl>            <dbl> <chr>            
 1 employment                           15               15 monthly          
 2 unemp_rate                           15               15 monthly          
 3 participation                        15               15 monthly          
 4 hours_worked                         15               15 monthly          
 5 household_spending                   30               30 monthly          
 6 exports_goods                         7               45 monthly          
 7 imports_goods                         7               45 monthly          
 8 exports_servs                         7               62 quarterly        
 9 imports_servs                         7               62 quarterly        
10 building_app                         30               30 monthly          
11 cons_conf                             5                5 monthly          
12 bus_conf                             11               11 monthly          
13 gdp_quarterly                         5               64 quarterly        

Release schedule saved to: .cache/processed/release_schedule.rds

=== Release Calendar Script Ready ===

Key functions:
  - get_available_data() - Filter to data available as of specific date
  - summarize_data_availability() - Check what's available now
  - generate_backtest_dates() - Create dates for historical evaluation
  - create_backtest_snapshot() - Get historical data snapshot
  - track_recent_releases() - See what updated recently

This enables:
  1. Real-time nowcasting with ragged edge data
  2. Backtesting with historically available data only
  3. Tracking impact of new data releases

=== Model Estimation Script Ready ===

Key functions:
  - prepare_data_for_dfm() - Format data for nowcasting package
  - configure_dfm() - Set model parameters
  - estimate_dfm() - Run EM algorithm to estimate model
  - check_model_diagnostics() - Validate model quality
  - save_model() / load_model() - Persist models
  - run_model_estimation() - Complete workflow

Example usage:
  master_data <- readRDS(".cache/processed/master_dataset_wide.rds")
  result <- run_model_estimation(master_data, n_factors = 5)
  model <- result$model

Note: The nowcasting package API may vary by version.
You may need to adjust function calls based on installed version.
Check: help(package = 'nowcasting') for available functions

=== Nowcast Generation Script Ready ===

Key functions:
  - generate_nowcast() - Core nowcast generation with Kalman filter
  - calculate_confidence_intervals() - Uncertainty quantification
  - calculate_component_contributions() - GDP component breakdown
  - track_nowcast_evolution() - Track changes over quarter
  - calculate_data_release_impact() - Measure 'news' effect
  - run_complete_nowcast() - Complete workflow
  - save_nowcast_results() - Persist results

Outputs:
  - Point estimate of GDP growth
  - 68% and 95% confidence intervals
  - Component contributions (requires full component model)
  - Nowcast evolution time series
  - Data release impact attribution

=== Backtest harness ready ===
Functions: run_backtest(), calculate_accuracy_metrics(), plot_nowcast_vs_actual(), plot_forecast_errors(), generate_backtest_report(), save_backtest_results()

Warning message:
package 'purrr' was built under R version 4.5.3 
Indicators in metadata:
   household_spending, cons_conf, building_app, bus_conf, exports_goods, exports_servs, imports_goods, imports_servs, employment, unemp_rate, participation, hours_worked, gdp_quarterly 

master loaded: 316 periods, 13 indicator columns
  columns: building_app, bus_conf, cons_conf, employment, exports_goods, hours_worked, imports_goods, participation, unemp_rate, exports_servs, gdp_quarterly, imports_servs, household_spending 



########## r = 2 ##########

=== DFM Configuration ===
Number of factors: 2
VAR order: 1
EM max iterations: 100
EM tolerance: 1e-04

========================================
  NOWCAST MODEL BACKTESTING
========================================

Period: 2020-01-01 to 2026-03-31Frequency: quarterlyModel: 2-factor DFM
Using wide format from master dataset list

Backtest dates: 25 iterations
[1/25] 2020-03-31Filtering data available as of: 2020-03-31
  → 2506 observations available across all indicators
target: 2020 Q1, periods: 242, live_indicators: 8  estimating DFM... 
=== Component-Based DFM Estimation ===

Note: Using simplified aggregate approach
(Full component-based approach to be implemented)

=== Preparing Data for DFM ===

Indicator matrix: 242 periods × 12 indicators
GDP observations: 80/242 (quarterly, ~67% NAs expected)

Indicator frequencies:
# A tibble: 12 × 3
   indicator_id       frequency freq_numeric
   <chr>              <chr>            <dbl>
 1 household_spending monthly             12
 2 cons_conf          monthly             12
 3 building_app       monthly             12
 4 bus_conf           monthly             12
 5 exports_goods      monthly             12
 6 exports_servs      quarterly            4
 7 imports_goods      monthly             12
 8 imports_servs      quarterly            4
 9 employment         monthly             12
10 unemp_rate         monthly             12
11 participation      monthly             12
12 hours_worked       monthly             12

=== Estimating Dynamic Factor Model ===

Estimating with 2 factors...
Time series created: 242 periods, 13 variables
Variables: gdp, building_app, bus_conf, cons_conf, employment, exports_goods, hours_worked, imports_goods, participation, unemp_rate, exports_servs, imports_servs, household_spending
Formula: gdp ~ .

Frequency vector (4=quarterly, 12=monthly):
gdp = 4, building_app = 12, bus_conf = 12, cons_conf = 12, employment = 12, exports_goods = 12, hours_worked = 12, imports_goods = 12, participation = 12, unemp_rate = 12, exports_servs = 4, imports_servs = 4, household_spending = 12

Preprocessing with Bpanel()...
  NA.replace = FALSE (keep structural NAs)
  na.prop = 1 (don't discard any series)
  aggregate = FALSE (don't apply MA filter that creates more NAs!)

Per-series trans codes:
gdp = 7, building_app = 1, bus_conf = 2, cons_conf = 2, employment = 1, exports_goods = 1, hours_worked = 1, imports_goods = 1, participation = 2, unemp_rate = 2, exports_servs = 7, imports_servs = 7, household_spending = 1
NULL
COVID mask applied: 5 months × 13 series set to NA
Balanced panel: 254x13
Variables: gdp, building_app, bus_conf, cons_conf, employment, exports_goods, hours_worked, imports_goods, participation, unemp_rate, exports_servs, imports_servs, household_spending
Blocks structure: 13 variables × 2 factors (unrestricted)
5th iteration: 
The loglikelihood went from -737.0883 to -713.891
10th iteration: 
The loglikelihood went from -631.1995 to -615.3608
15th iteration: 
The loglikelihood went from -581.1712 to -578.6268
20th iteration: 
The loglikelihood went from -575.1656 to -574.8141
25th iteration: 
The loglikelihood went from -573.8135 to -573.6163
30th iteration: 
The loglikelihood went from -572.9485 to -572.8053
35th iteration: 
The loglikelihood went from -572.3034 to -572.1927
40th iteration: 
The loglikelihood went from -571.7953 to -571.7056
45th iteration: 
The loglikelihood went from -571.3777 to -571.3023
50th iteration: 
The loglikelihood went from -571.0224 to -570.9571
55th iteration: 
The loglikelihood went from -570.7113 to -570.6533
✓ Model estimation complete
done.
  nowcasting... 
=== Generating GDP Nowcast ===

Target quarter: 2020 Q1
Nowcast for 2020 Q1: QoQ=+0.71%  implied level=$616,211M  YoY=+2.21%  [out (nowcast)]
done.
→ nowcast $616,211M (+0.71%)
[2/25] 2020-06-30Filtering data available as of: 2020-06-30
  → 2539 observations available across all indicators
target: 2020 Q2, periods: 245, live_indicators: 8  estimating DFM... 
=== Component-Based DFM Estimation ===

Note: Using simplified aggregate approach
(Full component-based approach to be implemented)

=== Preparing Data for DFM ===

Indicator matrix: 245 periods × 12 indicators
GDP observations: 81/245 (quarterly, ~67% NAs expected)

Indicator frequencies:
# A tibble: 12 × 3
   indicator_id       frequency freq_numeric
   <chr>              <chr>            <dbl>
 1 household_spending monthly             12
 2 cons_conf          monthly             12
 3 building_app       monthly             12
 4 bus_conf           monthly             12
 5 exports_goods      monthly             12
 6 exports_servs      quarterly            4
 7 imports_goods      monthly             12
 8 imports_servs      quarterly            4
 9 employment         monthly             12
10 unemp_rate         monthly             12
11 participation      monthly             12
12 hours_worked       monthly             12

=== Estimating Dynamic Factor Model ===

Estimating with 2 factors...
Time series created: 245 periods, 13 variables
Variables: gdp, building_app, bus_conf, cons_conf, employment, exports_goods, hours_worked, imports_goods, participation, unemp_rate, exports_servs, imports_servs, household_spending
Formula: gdp ~ .

Frequency vector (4=quarterly, 12=monthly):
gdp = 4, building_app = 12, bus_conf = 12, cons_conf = 12, employment = 12, exports_goods = 12, hours_worked = 12, imports_goods = 12, participation = 12, unemp_rate = 12, exports_servs = 4, imports_servs = 4, household_spending = 12

Preprocessing with Bpanel()...
  NA.replace = FALSE (keep structural NAs)
  na.prop = 1 (don't discard any series)
  aggregate = FALSE (don't apply MA filter that creates more NAs!)

Per-series trans codes:
gdp = 7, building_app = 1, bus_conf = 2, cons_conf = 2, employment = 1, exports_goods = 1, hours_worked = 1, imports_goods = 1, participation = 2, unemp_rate = 2, exports_servs = 7, imports_servs = 7, household_spending = 1
NULL
COVID mask applied: 5 months × 13 series set to NA
Balanced panel: 257x13
Variables: gdp, building_app, bus_conf, cons_conf, employment, exports_goods, hours_worked, imports_goods, participation, unemp_rate, exports_servs, imports_servs, household_spending
Blocks structure: 13 variables × 2 factors (unrestricted)
5th iteration: 
The loglikelihood went from -736.0624 to -712.694
10th iteration: 
The loglikelihood went from -629.6229 to -613.8585
15th iteration: 
The loglikelihood went from -580.371 to -577.9105
20th iteration: 
The loglikelihood went from -574.5348 to -574.188
25th iteration: 
The loglikelihood went from -573.197 to -573.0013
30th iteration: 
The loglikelihood went from -572.3375 to -572.195
35th iteration: 
The loglikelihood went from -571.6952 to -571.5849
40th iteration: 
The loglikelihood went from -571.1887 to -571.0993
45th iteration: 
The loglikelihood went from -570.7723 to -570.6972
50th iteration: 
The loglikelihood went from -570.418 to -570.3529
55th iteration: 
The loglikelihood went from -570.1079 to -570.05
✓ Model estimation complete
done.
  nowcasting... 
=== Generating GDP Nowcast ===

Target quarter: 2020 Q2
Nowcast for 2020 Q2: QoQ=+0.70%  implied level=$614,791M  YoY=+1.66%  [out (nowcast)]
done.
→ nowcast $614,791M (+0.70%)
[3/25] 2020-09-30Filtering data available as of: 2020-09-30
  → 2572 observations available across all indicators
target: 2020 Q3, periods: 248, live_indicators: 8  estimating DFM... 
=== Component-Based DFM Estimation ===

Note: Using simplified aggregate approach
(Full component-based approach to be implemented)

=== Preparing Data for DFM ===

Indicator matrix: 248 periods × 12 indicators
GDP observations: 82/248 (quarterly, ~67% NAs expected)

Indicator frequencies:
# A tibble: 12 × 3
   indicator_id       frequency freq_numeric
   <chr>              <chr>            <dbl>
 1 household_spending monthly             12
 2 cons_conf          monthly             12
 3 building_app       monthly             12
 4 bus_conf           monthly             12
 5 exports_goods      monthly             12
 6 exports_servs      quarterly            4
 7 imports_goods      monthly             12
 8 imports_servs      quarterly            4
 9 employment         monthly             12
10 unemp_rate         monthly             12
11 participation      monthly             12
12 hours_worked       monthly             12

=== Estimating Dynamic Factor Model ===

Estimating with 2 factors...
Time series created: 248 periods, 13 variables
Variables: gdp, building_app, bus_conf, cons_conf, employment, exports_goods, hours_worked, imports_goods, participation, unemp_rate, exports_servs, imports_servs, household_spending
Formula: gdp ~ .

Frequency vector (4=quarterly, 12=monthly):
gdp = 4, building_app = 12, bus_conf = 12, cons_conf = 12, employment = 12, exports_goods = 12, hours_worked = 12, imports_goods = 12, participation = 12, unemp_rate = 12, exports_servs = 4, imports_servs = 4, household_spending = 12

Preprocessing with Bpanel()...
  NA.replace = FALSE (keep structural NAs)
  na.prop = 1 (don't discard any series)
  aggregate = FALSE (don't apply MA filter that creates more NAs!)

Per-series trans codes:
gdp = 7, building_app = 1, bus_conf = 2, cons_conf = 2, employment = 1, exports_goods = 1, hours_worked = 1, imports_goods = 1, participation = 2, unemp_rate = 2, exports_servs = 7, imports_servs = 7, household_spending = 1
NULL
COVID mask applied: 5 months × 13 series set to NA
Balanced panel: 260x13
Variables: gdp, building_app, bus_conf, cons_conf, employment, exports_goods, hours_worked, imports_goods, participation, unemp_rate, exports_servs, imports_servs, household_spending
Blocks structure: 13 variables × 2 factors (unrestricted)
5th iteration: 
The loglikelihood went from -764.6357 to -741.4772
10th iteration: 
The loglikelihood went from -661.6813 to -646.9863
15th iteration: 
The loglikelihood went from -615.1863 to -612.5211
20th iteration: 
The loglikelihood went from -608.6095 to -608.1735
25th iteration: 
The loglikelihood went from -606.8669 to -606.5998
30th iteration: 
The loglikelihood went from -605.6769 to -605.4759
35th iteration: 
The loglikelihood went from -604.7639 to -604.6057
40th iteration: 
The loglikelihood went from -604.0365 to -603.9081
45th iteration: 
The loglikelihood went from -603.44 to -603.3329
50th iteration: 
The loglikelihood went from -602.9383 to -602.847
55th iteration: 
The loglikelihood went from -602.5071 to -602.4278
60th iteration: 
The loglikelihood went from -602.1295 to -602.0592
65th iteration: 
The loglikelihood went from -601.7931 to -601.73
✓ Model estimation complete
done.
  nowcasting... 
=== Generating GDP Nowcast ===

Target quarter: 2020 Q3
Nowcast for 2020 Q3: QoQ=+0.81%  implied level=$573,964M  YoY=-5.64%  [out (nowcast)]
done.
→ nowcast $573,964M (+0.81%)
[4/25] 2020-12-31Filtering data available as of: 2020-12-31
  → 2605 observations available across all indicators
target: 2020 Q4, periods: 251, live_indicators: 8  estimating DFM... 
=== Component-Based DFM Estimation ===

Note: Using simplified aggregate approach
(Full component-based approach to be implemented)

=== Preparing Data for DFM ===

Indicator matrix: 251 periods × 12 indicators
GDP observations: 83/251 (quarterly, ~67% NAs expected)

Indicator frequencies:
# A tibble: 12 × 3
   indicator_id       frequency freq_numeric
   <chr>              <chr>            <dbl>
 1 household_spending monthly             12
 2 cons_conf          monthly             12
 3 building_app       monthly             12
 4 bus_conf           monthly             12
 5 exports_goods      monthly             12
 6 exports_servs      quarterly            4
 7 imports_goods      monthly             12
 8 imports_servs      quarterly            4
 9 employment         monthly             12
10 unemp_rate         monthly             12
11 participation      monthly             12
12 hours_worked       monthly             12

=== Estimating Dynamic Factor Model ===

Estimating with 2 factors...
Time series created: 251 periods, 13 variables
Variables: gdp, building_app, bus_conf, cons_conf, employment, exports_goods, hours_worked, imports_goods, participation, unemp_rate, exports_servs, imports_servs, household_spending
Formula: gdp ~ .

Frequency vector (4=quarterly, 12=monthly):
gdp = 4, building_app = 12, bus_conf = 12, cons_conf = 12, employment = 12, exports_goods = 12, hours_worked = 12, imports_goods = 12, participation = 12, unemp_rate = 12, exports_servs = 4, imports_servs = 4, household_spending = 12

Preprocessing with Bpanel()...
  NA.replace = FALSE (keep structural NAs)
  na.prop = 1 (don't discard any series)
  aggregate = FALSE (don't apply MA filter that creates more NAs!)

Per-series trans codes:
gdp = 7, building_app = 1, bus_conf = 2, cons_conf = 2, employment = 1, exports_goods = 1, hours_worked = 1, imports_goods = 1, participation = 2, unemp_rate = 2, exports_servs = 7, imports_servs = 7, household_spending = 1
NULL
COVID mask applied: 5 months × 13 series set to NA
Balanced panel: 263x13
Variables: gdp, building_app, bus_conf, cons_conf, employment, exports_goods, hours_worked, imports_goods, participation, unemp_rate, exports_servs, imports_servs, household_spending
Blocks structure: 13 variables × 2 factors (unrestricted)
5th iteration: 
The loglikelihood went from -762.7042 to -738.8157
10th iteration: 
The loglikelihood went from -654.9215 to -639.3985
15th iteration: 
The loglikelihood went from -607.6702 to -605.1315
20th iteration: 
The loglikelihood went from -600.667 to -600.0382
25th iteration: 
The loglikelihood went from -598.0577 to -597.6486
30th iteration: 
The loglikelihood went from -596.2505 to -595.9515
35th iteration: 
The loglikelihood went from -594.9168 to -594.6932
40th iteration: 
The loglikelihood went from -593.912 to -593.7413
45th iteration: 
The loglikelihood went from -593.1386 to -593.0053
50th iteration: 
The loglikelihood went from -592.5288 to -592.422
55th iteration: 
The loglikelihood went from -592.0356 to -591.9479
60th iteration: 
The loglikelihood went from -591.6263 to -591.5524
65th iteration: 
The loglikelihood went from -591.2782 to -591.2144
✓ Model estimation complete
done.
  nowcasting... 
=== Generating GDP Nowcast ===

Target quarter: 2020 Q4
Nowcast for 2020 Q4: QoQ=+1.00%  implied level=$595,035M  YoY=-2.75%  [out (nowcast)]
done.
→ nowcast $595,035M (+1.00%)
[5/25] 2021-03-31Filtering data available as of: 2021-03-31
  → 2638 observations available across all indicators
target: 2021 Q1, periods: 254, live_indicators: 8  estimating DFM... 
=== Component-Based DFM Estimation ===

Note: Using simplified aggregate approach
(Full component-based approach to be implemented)

=== Preparing Data for DFM ===

Indicator matrix: 254 periods × 12 indicators
GDP observations: 84/254 (quarterly, ~67% NAs expected)

Indicator frequencies:
# A tibble: 12 × 3
   indicator_id       frequency freq_numeric
   <chr>              <chr>            <dbl>
 1 household_spending monthly             12
 2 cons_conf          monthly             12
 3 building_app       monthly             12
 4 bus_conf           monthly             12
 5 exports_goods      monthly             12
 6 exports_servs      quarterly            4
 7 imports_goods      monthly             12
 8 imports_servs      quarterly            4
 9 employment         monthly             12
10 unemp_rate         monthly             12
11 participation      monthly             12
12 hours_worked       monthly             12

=== Estimating Dynamic Factor Model ===

Estimating with 2 factors...
Time series created: 254 periods, 13 variables
Variables: gdp, building_app, bus_conf, cons_conf, employment, exports_goods, hours_worked, imports_goods, participation, unemp_rate, exports_servs, imports_servs, household_spending
Formula: gdp ~ .

Frequency vector (4=quarterly, 12=monthly):
gdp = 4, building_app = 12, bus_conf = 12, cons_conf = 12, employment = 12, exports_goods = 12, hours_worked = 12, imports_goods = 12, participation = 12, unemp_rate = 12, exports_servs = 4, imports_servs = 4, household_spending = 12

Preprocessing with Bpanel()...
  NA.replace = FALSE (keep structural NAs)
  na.prop = 1 (don't discard any series)
  aggregate = FALSE (don't apply MA filter that creates more NAs!)

Per-series trans codes:
gdp = 7, building_app = 1, bus_conf = 2, cons_conf = 2, employment = 1, exports_goods = 1, hours_worked = 1, imports_goods = 1, participation = 2, unemp_rate = 2, exports_servs = 7, imports_servs = 7, household_spending = 1
NULL
COVID mask applied: 5 months × 13 series set to NA
Balanced panel: 266x13
Variables: gdp, building_app, bus_conf, cons_conf, employment, exports_goods, hours_worked, imports_goods, participation, unemp_rate, exports_servs, imports_servs, household_spending
Blocks structure: 13 variables × 2 factors (unrestricted)
5th iteration: 
The loglikelihood went from -773.4553 to -748.1079
10th iteration: 
The loglikelihood went from -661.4043 to -647.0147
15th iteration: 
The loglikelihood went from -621.022 to -618.9109
20th iteration: 
The loglikelihood went from -614.3851 to -613.6227
25th iteration: 
The loglikelihood went from -611.1193 to -610.5944
30th iteration: 
The loglikelihood went from -608.7998 to -608.4171
35th iteration: 
The loglikelihood went from -607.0992 to -606.8161
40th iteration: 
The loglikelihood went from -605.8338 to -605.6208
45th iteration: 
The loglikelihood went from -604.8749 to -604.7114
50th iteration: 
The loglikelihood went from -604.1321 to -604.0036
55th iteration: 
The loglikelihood went from -603.5426 to -603.4389
60th iteration: 
The loglikelihood went from -603.0625 to -602.9768
65th iteration: 
The loglikelihood went from -602.6616 to -602.5889
70th iteration: 
The loglikelihood went from -602.3187 to -602.2556
✓ Model estimation complete
done.
  nowcasting... 
=== Generating GDP Nowcast ===

Target quarter: 2021 Q1
Nowcast for 2021 Q1: QoQ=+0.85%  implied level=$614,347M  YoY=+0.63%  [out (nowcast)]
done.
→ nowcast $614,347M (+0.85%)
[6/25] 2021-06-30Filtering data available as of: 2021-06-30
  → 2671 observations available across all indicators
target: 2021 Q2, periods: 257, live_indicators: 8  estimating DFM... 
=== Component-Based DFM Estimation ===

Note: Using simplified aggregate approach
(Full component-based approach to be implemented)

=== Preparing Data for DFM ===

Indicator matrix: 257 periods × 12 indicators
GDP observations: 85/257 (quarterly, ~67% NAs expected)

Indicator frequencies:
# A tibble: 12 × 3
   indicator_id       frequency freq_numeric
   <chr>              <chr>            <dbl>
 1 household_spending monthly             12
 2 cons_conf          monthly             12
 3 building_app       monthly             12
 4 bus_conf           monthly             12
 5 exports_goods      monthly             12
 6 exports_servs      quarterly            4
 7 imports_goods      monthly             12
 8 imports_servs      quarterly            4
 9 employment         monthly             12
10 unemp_rate         monthly             12
11 participation      monthly             12
12 hours_worked       monthly             12

=== Estimating Dynamic Factor Model ===

Estimating with 2 factors...
Time series created: 257 periods, 13 variables
Variables: gdp, building_app, bus_conf, cons_conf, employment, exports_goods, hours_worked, imports_goods, participation, unemp_rate, exports_servs, imports_servs, household_spending
Formula: gdp ~ .

Frequency vector (4=quarterly, 12=monthly):
gdp = 4, building_app = 12, bus_conf = 12, cons_conf = 12, employment = 12, exports_goods = 12, hours_worked = 12, imports_goods = 12, participation = 12, unemp_rate = 12, exports_servs = 4, imports_servs = 4, household_spending = 12

Preprocessing with Bpanel()...
  NA.replace = FALSE (keep structural NAs)
  na.prop = 1 (don't discard any series)
  aggregate = FALSE (don't apply MA filter that creates more NAs!)

Per-series trans codes:
gdp = 7, building_app = 1, bus_conf = 2, cons_conf = 2, employment = 1, exports_goods = 1, hours_worked = 1, imports_goods = 1, participation = 2, unemp_rate = 2, exports_servs = 7, imports_servs = 7, household_spending = 1
NULL
COVID mask applied: 5 months × 13 series set to NA
Balanced panel: 269x13
Variables: gdp, building_app, bus_conf, cons_conf, employment, exports_goods, hours_worked, imports_goods, participation, unemp_rate, exports_servs, imports_servs, household_spending
Blocks structure: 13 variables × 2 factors (unrestricted)
5th iteration: 
The loglikelihood went from -763.506 to -737.6307
10th iteration: 
The loglikelihood went from -652.2921 to -639.2819
15th iteration: 
The loglikelihood went from -616.2473 to -614.1088
20th iteration: 
The loglikelihood went from -608.7177 to -607.7056
25th iteration: 
The loglikelihood went from -604.3053 to -603.5865
30th iteration: 
The loglikelihood went from -601.1321 to -600.6109
35th iteration: 
The loglikelihood went from -598.8293 to -598.4503
40th iteration: 
The loglikelihood went from -597.151 to -596.8733
45th iteration: 
The loglikelihood went from -595.9159 to -595.7098
50th iteration: 
The loglikelihood went from -594.9929 to -594.837
55th iteration: 
The loglikelihood went from -594.2891 to -594.1686
60th iteration: 
The loglikelihood went from -593.7397 to -593.644
65th iteration: 
The loglikelihood went from -593.2994 to -593.2216
70th iteration: 
The loglikelihood went from -592.9373 to -592.8722
✓ Model estimation complete
done.
  nowcasting... 
=== Generating GDP Nowcast ===

Target quarter: 2021 Q2
Nowcast for 2021 Q2: QoQ=+1.24%  implied level=$630,059M  YoY=+10.66%  [out (nowcast)]
done.
→ nowcast $630,059M (+1.24%)
[7/25] 2021-09-30Filtering data available as of: 2021-09-30
  → 2704 observations available across all indicators
target: 2021 Q3, periods: 260, live_indicators: 8  estimating DFM... 
=== Component-Based DFM Estimation ===

Note: Using simplified aggregate approach
(Full component-based approach to be implemented)

=== Preparing Data for DFM ===

Indicator matrix: 260 periods × 12 indicators
GDP observations: 86/260 (quarterly, ~67% NAs expected)

Indicator frequencies:
# A tibble: 12 × 3
   indicator_id       frequency freq_numeric
   <chr>              <chr>            <dbl>
 1 household_spending monthly             12
 2 cons_conf          monthly             12
 3 building_app       monthly             12
 4 bus_conf           monthly             12
 5 exports_goods      monthly             12
 6 exports_servs      quarterly            4
 7 imports_goods      monthly             12
 8 imports_servs      quarterly            4
 9 employment         monthly             12
10 unemp_rate         monthly             12
11 participation      monthly             12
12 hours_worked       monthly             12

=== Estimating Dynamic Factor Model ===

Estimating with 2 factors...
Time series created: 260 periods, 13 variables
Variables: gdp, building_app, bus_conf, cons_conf, employment, exports_goods, hours_worked, imports_goods, participation, unemp_rate, exports_servs, imports_servs, household_spending
Formula: gdp ~ .

Frequency vector (4=quarterly, 12=monthly):
gdp = 4, building_app = 12, bus_conf = 12, cons_conf = 12, employment = 12, exports_goods = 12, hours_worked = 12, imports_goods = 12, participation = 12, unemp_rate = 12, exports_servs = 4, imports_servs = 4, household_spending = 12

Preprocessing with Bpanel()...
  NA.replace = FALSE (keep structural NAs)
  na.prop = 1 (don't discard any series)
  aggregate = FALSE (don't apply MA filter that creates more NAs!)

Per-series trans codes:
gdp = 7, building_app = 1, bus_conf = 2, cons_conf = 2, employment = 1, exports_goods = 1, hours_worked = 1, imports_goods = 1, participation = 2, unemp_rate = 2, exports_servs = 7, imports_servs = 7, household_spending = 1
NULL
COVID mask applied: 5 months × 13 series set to NA
Balanced panel: 272x13
Variables: gdp, building_app, bus_conf, cons_conf, employment, exports_goods, hours_worked, imports_goods, participation, unemp_rate, exports_servs, imports_servs, household_spending
Blocks structure: 13 variables × 2 factors (unrestricted)
5th iteration: 
The loglikelihood went from -748.4669 to -720.313
10th iteration: 
The loglikelihood went from -634.9817 to -623.8578
15th iteration: 
The loglikelihood went from -605.3361 to -603.5001
20th iteration: 
The loglikelihood went from -598.6542 to -597.75
25th iteration: 
The loglikelihood went from -594.8117 to -594.2139
30th iteration: 
The loglikelihood went from -592.2416 to -591.8371
35th iteration: 
The loglikelihood went from -590.4943 to -590.2167
40th iteration: 
The loglikelihood went from -589.2859 to -589.0911
45th iteration: 
The loglikelihood went from -588.4291 to -588.2884
50th iteration: 
The loglikelihood went from -587.8024 to -587.6972
55th iteration: 
The loglikelihood went from -587.3274 to -587.2458
60th iteration: 
The loglikelihood went from -586.954 to -586.8884
✓ Model estimation complete
done.
  nowcasting... 
=== Generating GDP Nowcast ===

Target quarter: 2021 Q3
Nowcast for 2021 Q3: QoQ=+0.41%  implied level=$630,016M  YoY=+6.94%  [out (nowcast)]
done.
→ nowcast $630,016M (+0.41%)
[8/25] 2021-12-31Filtering data available as of: 2021-12-31
  → 2737 observations available across all indicators
target: 2021 Q4, periods: 263, live_indicators: 8  estimating DFM... 
=== Component-Based DFM Estimation ===

Note: Using simplified aggregate approach
(Full component-based approach to be implemented)

=== Preparing Data for DFM ===

Indicator matrix: 263 periods × 12 indicators
GDP observations: 87/263 (quarterly, ~67% NAs expected)

Indicator frequencies:
# A tibble: 12 × 3
   indicator_id       frequency freq_numeric
   <chr>              <chr>            <dbl>
 1 household_spending monthly             12
 2 cons_conf          monthly             12
 3 building_app       monthly             12
 4 bus_conf           monthly             12
 5 exports_goods      monthly             12
 6 exports_servs      quarterly            4
 7 imports_goods      monthly             12
 8 imports_servs      quarterly            4
 9 employment         monthly             12
10 unemp_rate         monthly             12
11 participation      monthly             12
12 hours_worked       monthly             12

=== Estimating Dynamic Factor Model ===

Estimating with 2 factors...
Time series created: 263 periods, 13 variables
Variables: gdp, building_app, bus_conf, cons_conf, employment, exports_goods, hours_worked, imports_goods, participation, unemp_rate, exports_servs, imports_servs, household_spending
Formula: gdp ~ .

Frequency vector (4=quarterly, 12=monthly):
gdp = 4, building_app = 12, bus_conf = 12, cons_conf = 12, employment = 12, exports_goods = 12, hours_worked = 12, imports_goods = 12, participation = 12, unemp_rate = 12, exports_servs = 4, imports_servs = 4, household_spending = 12

Preprocessing with Bpanel()...
  NA.replace = FALSE (keep structural NAs)
  na.prop = 1 (don't discard any series)
  aggregate = FALSE (don't apply MA filter that creates more NAs!)

Per-series trans codes:
gdp = 7, building_app = 1, bus_conf = 2, cons_conf = 2, employment = 1, exports_goods = 1, hours_worked = 1, imports_goods = 1, participation = 2, unemp_rate = 2, exports_servs = 7, imports_servs = 7, household_spending = 1
NULL
COVID mask applied: 5 months × 13 series set to NA
Balanced panel: 275x13
Variables: gdp, building_app, bus_conf, cons_conf, employment, exports_goods, hours_worked, imports_goods, participation, unemp_rate, exports_servs, imports_servs, household_spending
Blocks structure: 13 variables × 2 factors (unrestricted)
5th iteration: 
The loglikelihood went from -837.6724 to -826.4346
10th iteration: 
The loglikelihood went from -797.6313 to -793.7215
15th iteration: 
The loglikelihood went from -786.0461 to -785.2844
20th iteration: 
The loglikelihood went from -783.4182 to -783.0663
25th iteration: 
The loglikelihood went from -781.8531 to -781.5875
30th iteration: 
The loglikelihood went from -780.6417 to -780.4303
35th iteration: 
The loglikelihood went from -779.6654 to -779.4918
40th iteration: 
The loglikelihood went from -778.8554 to -778.709
45th iteration: 
The loglikelihood went from -778.166 to -778.0397
50th iteration: 
The loglikelihood went from -777.5664 to -777.4552
55th iteration: 
The loglikelihood went from -777.0351 to -776.9357
60th iteration: 
The loglikelihood went from -776.5572 to -776.467
65th iteration: 
The loglikelihood went from -776.1218 to -776.0391
70th iteration: 
The loglikelihood went from -775.721 to -775.6445
✓ Model estimation complete
done.
  nowcasting... 
=== Generating GDP Nowcast ===

Target quarter: 2021 Q4
Nowcast for 2021 Q4: QoQ=+0.35%  implied level=$618,862M  YoY=+1.59%  [out (nowcast)]
done.
→ nowcast $618,862M (+0.35%)
[9/25] 2022-03-31Filtering data available as of: 2022-03-31
  → 2770 observations available across all indicators
target: 2022 Q1, periods: 266, live_indicators: 8  estimating DFM... 
=== Component-Based DFM Estimation ===

Note: Using simplified aggregate approach
(Full component-based approach to be implemented)

=== Preparing Data for DFM ===

Indicator matrix: 266 periods × 12 indicators
GDP observations: 88/266 (quarterly, ~67% NAs expected)

Indicator frequencies:
# A tibble: 12 × 3
   indicator_id       frequency freq_numeric
   <chr>              <chr>            <dbl>
 1 household_spending monthly             12
 2 cons_conf          monthly             12
 3 building_app       monthly             12
 4 bus_conf           monthly             12
 5 exports_goods      monthly             12
 6 exports_servs      quarterly            4
 7 imports_goods      monthly             12
 8 imports_servs      quarterly            4
 9 employment         monthly             12
10 unemp_rate         monthly             12
11 participation      monthly             12
12 hours_worked       monthly             12

=== Estimating Dynamic Factor Model ===

Estimating with 2 factors...
Time series created: 266 periods, 13 variables
Variables: gdp, building_app, bus_conf, cons_conf, employment, exports_goods, hours_worked, imports_goods, participation, unemp_rate, exports_servs, imports_servs, household_spending
Formula: gdp ~ .

Frequency vector (4=quarterly, 12=monthly):
gdp = 4, building_app = 12, bus_conf = 12, cons_conf = 12, employment = 12, exports_goods = 12, hours_worked = 12, imports_goods = 12, participation = 12, unemp_rate = 12, exports_servs = 4, imports_servs = 4, household_spending = 12

Preprocessing with Bpanel()...
  NA.replace = FALSE (keep structural NAs)
  na.prop = 1 (don't discard any series)
  aggregate = FALSE (don't apply MA filter that creates more NAs!)

Per-series trans codes:
gdp = 7, building_app = 1, bus_conf = 2, cons_conf = 2, employment = 1, exports_goods = 1, hours_worked = 1, imports_goods = 1, participation = 2, unemp_rate = 2, exports_servs = 7, imports_servs = 7, household_spending = 1
NULL
COVID mask applied: 5 months × 13 series set to NA
Balanced panel: 278x13
Variables: gdp, building_app, bus_conf, cons_conf, employment, exports_goods, hours_worked, imports_goods, participation, unemp_rate, exports_servs, imports_servs, household_spending
Blocks structure: 13 variables × 2 factors (unrestricted)
5th iteration: 
The loglikelihood went from -835.4132 to -822.7904
10th iteration: 
The loglikelihood went from -798.7754 to -796.4945
15th iteration: 
The loglikelihood went from -791.0959 to -790.1315
20th iteration: 
The loglikelihood went from -787.0515 to -786.4248
25th iteration: 
The loglikelihood went from -784.2847 to -783.8213
30th iteration: 
The loglikelihood went from -782.1767 to -781.8093
35th iteration: 
The loglikelihood went from -780.4808 to -780.1802
40th iteration: 
The loglikelihood went from -779.088 to -778.8405
45th iteration: 
The loglikelihood went from -777.942 to -777.7386
50th iteration: 
The loglikelihood went from -777.0008 to -776.8339
55th iteration: 
The loglikelihood went from -776.2276 to -776.0902
60th iteration: 
The loglikelihood went from -775.5896 to -775.4756
65th iteration: 
The loglikelihood went from -775.0588 to -774.9634
70th iteration: 
The loglikelihood went from -774.6122 to -774.5314
✓ Model estimation complete
done.
  nowcasting... 
=== Generating GDP Nowcast ===

Target quarter: 2022 Q1
Nowcast for 2022 Q1: QoQ=+1.03%  implied level=$645,680M  YoY=+3.75%  [out (nowcast)]
done.
→ nowcast $645,680M (+1.03%)
[10/25] 2022-06-30Filtering data available as of: 2022-06-30
  → 2803 observations available across all indicators
target: 2022 Q2, periods: 269, live_indicators: 8  estimating DFM... 
=== Component-Based DFM Estimation ===

Note: Using simplified aggregate approach
(Full component-based approach to be implemented)

=== Preparing Data for DFM ===

Indicator matrix: 269 periods × 12 indicators
GDP observations: 89/269 (quarterly, ~67% NAs expected)

Indicator frequencies:
# A tibble: 12 × 3
   indicator_id       frequency freq_numeric
   <chr>              <chr>            <dbl>
 1 household_spending monthly             12
 2 cons_conf          monthly             12
 3 building_app       monthly             12
 4 bus_conf           monthly             12
 5 exports_goods      monthly             12
 6 exports_servs      quarterly            4
 7 imports_goods      monthly             12
 8 imports_servs      quarterly            4
 9 employment         monthly             12
10 unemp_rate         monthly             12
11 participation      monthly             12
12 hours_worked       monthly             12

=== Estimating Dynamic Factor Model ===

Estimating with 2 factors...
Time series created: 269 periods, 13 variables
Variables: gdp, building_app, bus_conf, cons_conf, employment, exports_goods, hours_worked, imports_goods, participation, unemp_rate, exports_servs, imports_servs, household_spending
Formula: gdp ~ .

Frequency vector (4=quarterly, 12=monthly):
gdp = 4, building_app = 12, bus_conf = 12, cons_conf = 12, employment = 12, exports_goods = 12, hours_worked = 12, imports_goods = 12, participation = 12, unemp_rate = 12, exports_servs = 4, imports_servs = 4, household_spending = 12

Preprocessing with Bpanel()...
  NA.replace = FALSE (keep structural NAs)
  na.prop = 1 (don't discard any series)
  aggregate = FALSE (don't apply MA filter that creates more NAs!)

Per-series trans codes:
gdp = 7, building_app = 1, bus_conf = 2, cons_conf = 2, employment = 1, exports_goods = 1, hours_worked = 1, imports_goods = 1, participation = 2, unemp_rate = 2, exports_servs = 7, imports_servs = 7, household_spending = 1
NULL
COVID mask applied: 5 months × 13 series set to NA
Balanced panel: 281x13
Variables: gdp, building_app, bus_conf, cons_conf, employment, exports_goods, hours_worked, imports_goods, participation, unemp_rate, exports_servs, imports_servs, household_spending
Blocks structure: 13 variables × 2 factors (unrestricted)
5th iteration: 
The loglikelihood went from -983.9018 to -981.003
10th iteration: 
The loglikelihood went from -975.5755 to -974.8792
15th iteration: 
The loglikelihood went from -973.0459 to -972.7344
20th iteration: 
The loglikelihood went from -971.8069 to -971.631
25th iteration: 
The loglikelihood went from -971.0656 to -970.9501
✓ Model estimation complete
done.
  nowcasting... 
=== Generating GDP Nowcast ===

Target quarter: 2022 Q2
Nowcast for 2022 Q2: QoQ=+0.79%  implied level=$650,143M  YoY=+3.61%  [out (nowcast)]
done.
→ nowcast $650,143M (+0.79%)
[11/25] 2022-09-30Filtering data available as of: 2022-09-30
  → 2836 observations available across all indicators
target: 2022 Q3, periods: 272, live_indicators: 8  estimating DFM... 
=== Component-Based DFM Estimation ===

Note: Using simplified aggregate approach
(Full component-based approach to be implemented)

=== Preparing Data for DFM ===

Indicator matrix: 272 periods × 12 indicators
GDP observations: 90/272 (quarterly, ~67% NAs expected)

Indicator frequencies:
# A tibble: 12 × 3
   indicator_id       frequency freq_numeric
   <chr>              <chr>            <dbl>
 1 household_spending monthly             12
 2 cons_conf          monthly             12
 3 building_app       monthly             12
 4 bus_conf           monthly             12
 5 exports_goods      monthly             12
 6 exports_servs      quarterly            4
 7 imports_goods      monthly             12
 8 imports_servs      quarterly            4
 9 employment         monthly             12
10 unemp_rate         monthly             12
11 participation      monthly             12
12 hours_worked       monthly             12

=== Estimating Dynamic Factor Model ===

Estimating with 2 factors...
Time series created: 272 periods, 13 variables
Variables: gdp, building_app, bus_conf, cons_conf, employment, exports_goods, hours_worked, imports_goods, participation, unemp_rate, exports_servs, imports_servs, household_spending
Formula: gdp ~ .

Frequency vector (4=quarterly, 12=monthly):
gdp = 4, building_app = 12, bus_conf = 12, cons_conf = 12, employment = 12, exports_goods = 12, hours_worked = 12, imports_goods = 12, participation = 12, unemp_rate = 12, exports_servs = 4, imports_servs = 4, household_spending = 12

Preprocessing with Bpanel()...
  NA.replace = FALSE (keep structural NAs)
  na.prop = 1 (don't discard any series)
  aggregate = FALSE (don't apply MA filter that creates more NAs!)

Per-series trans codes:
gdp = 7, building_app = 1, bus_conf = 2, cons_conf = 2, employment = 1, exports_goods = 1, hours_worked = 1, imports_goods = 1, participation = 2, unemp_rate = 2, exports_servs = 7, imports_servs = 7, household_spending = 1
NULL
COVID mask applied: 5 months × 13 series set to NA
Balanced panel: 284x13
Variables: gdp, building_app, bus_conf, cons_conf, employment, exports_goods, hours_worked, imports_goods, participation, unemp_rate, exports_servs, imports_servs, household_spending
Blocks structure: 13 variables × 2 factors (unrestricted)
5th iteration: 
The loglikelihood went from -846.3907 to -833.0743
10th iteration: 
The loglikelihood went from -807.4993 to -805.1944
15th iteration: 
The loglikelihood went from -800.0163 to -799.0904
20th iteration: 
The loglikelihood went from -796.0969 to -795.4958
25th iteration: 
The loglikelihood went from -793.4977 to -793.078
30th iteration: 
The loglikelihood went from -791.6323 to -791.3195
35th iteration: 
The loglikelihood went from -790.2217 to -789.9807
40th iteration: 
The loglikelihood went from -789.1279 to -788.9395
45th iteration: 
The loglikelihood went from -788.27 to -788.1214
50th iteration: 
The loglikelihood went from -787.5902 to -787.4714
55th iteration: 
The loglikelihood went from -787.0438 to -786.9474
60th iteration: 
The loglikelihood went from -786.5967 to -786.5168
✓ Model estimation complete
done.
  nowcasting... 
=== Generating GDP Nowcast ===

Target quarter: 2022 Q3
Nowcast for 2022 Q3: QoQ=+0.92%  implied level=$657,434M  YoY=+6.60%  [out (nowcast)]
done.
→ nowcast $657,434M (+0.92%)
[12/25] 2022-12-31Filtering data available as of: 2022-12-31
  → 2869 observations available across all indicators
target: 2022 Q4, periods: 275, live_indicators: 8  estimating DFM... 
=== Component-Based DFM Estimation ===

Note: Using simplified aggregate approach
(Full component-based approach to be implemented)

=== Preparing Data for DFM ===

Indicator matrix: 275 periods × 12 indicators
GDP observations: 91/275 (quarterly, ~67% NAs expected)

Indicator frequencies:
# A tibble: 12 × 3
   indicator_id       frequency freq_numeric
   <chr>              <chr>            <dbl>
 1 household_spending monthly             12
 2 cons_conf          monthly             12
 3 building_app       monthly             12
 4 bus_conf           monthly             12
 5 exports_goods      monthly             12
 6 exports_servs      quarterly            4
 7 imports_goods      monthly             12
 8 imports_servs      quarterly            4
 9 employment         monthly             12
10 unemp_rate         monthly             12
11 participation      monthly             12
12 hours_worked       monthly             12

=== Estimating Dynamic Factor Model ===

Estimating with 2 factors...
Time series created: 275 periods, 13 variables
Variables: gdp, building_app, bus_conf, cons_conf, employment, exports_goods, hours_worked, imports_goods, participation, unemp_rate, exports_servs, imports_servs, household_spending
Formula: gdp ~ .

Frequency vector (4=quarterly, 12=monthly):
gdp = 4, building_app = 12, bus_conf = 12, cons_conf = 12, employment = 12, exports_goods = 12, hours_worked = 12, imports_goods = 12, participation = 12, unemp_rate = 12, exports_servs = 4, imports_servs = 4, household_spending = 12

Preprocessing with Bpanel()...
  NA.replace = FALSE (keep structural NAs)
  na.prop = 1 (don't discard any series)
  aggregate = FALSE (don't apply MA filter that creates more NAs!)

Per-series trans codes:
gdp = 7, building_app = 1, bus_conf = 2, cons_conf = 2, employment = 1, exports_goods = 1, hours_worked = 1, imports_goods = 1, participation = 2, unemp_rate = 2, exports_servs = 7, imports_servs = 7, household_spending = 1
NULL
COVID mask applied: 5 months × 13 series set to NA
Balanced panel: 287x13
Variables: gdp, building_app, bus_conf, cons_conf, employment, exports_goods, hours_worked, imports_goods, participation, unemp_rate, exports_servs, imports_servs, household_spending
Blocks structure: 13 variables × 2 factors (unrestricted)
5th iteration: 
The loglikelihood went from -867.9971 to -854.1452
10th iteration: 
The loglikelihood went from -826.3379 to -823.6889
15th iteration: 
The loglikelihood went from -817.927 to -816.9907
20th iteration: 
The loglikelihood went from -814.0532 to -813.457
25th iteration: 
The loglikelihood went from -811.4517 to -811.0293
30th iteration: 
The loglikelihood went from -809.5845 to -809.2753
35th iteration: 
The loglikelihood went from -808.2045 to -807.9727
40th iteration: 
The loglikelihood went from -807.1619 to -806.9847
45th iteration: 
The loglikelihood went from -806.3589 to -806.2207
50th iteration: 
The loglikelihood went from -805.7271 to -805.6167
55th iteration: 
The loglikelihood went from -805.2174 to -805.1268
✓ Model estimation complete
done.
  nowcasting... 
=== Generating GDP Nowcast ===

Target quarter: 2022 Q4
Nowcast for 2022 Q4: QoQ=+0.73%  implied level=$659,357M  YoY=+3.17%  [out (nowcast)]
done.
→ nowcast $659,357M (+0.73%)
[13/25] 2023-03-31Filtering data available as of: 2023-03-31
  → 2902 observations available across all indicators
target: 2023 Q1, periods: 278, live_indicators: 8  estimating DFM... 
=== Component-Based DFM Estimation ===

Note: Using simplified aggregate approach
(Full component-based approach to be implemented)

=== Preparing Data for DFM ===

Indicator matrix: 278 periods × 12 indicators
GDP observations: 92/278 (quarterly, ~67% NAs expected)

Indicator frequencies:
# A tibble: 12 × 3
   indicator_id       frequency freq_numeric
   <chr>              <chr>            <dbl>
 1 household_spending monthly             12
 2 cons_conf          monthly             12
 3 building_app       monthly             12
 4 bus_conf           monthly             12
 5 exports_goods      monthly             12
 6 exports_servs      quarterly            4
 7 imports_goods      monthly             12
 8 imports_servs      quarterly            4
 9 employment         monthly             12
10 unemp_rate         monthly             12
11 participation      monthly             12
12 hours_worked       monthly             12

=== Estimating Dynamic Factor Model ===

Estimating with 2 factors...
Time series created: 278 periods, 13 variables
Variables: gdp, building_app, bus_conf, cons_conf, employment, exports_goods, hours_worked, imports_goods, participation, unemp_rate, exports_servs, imports_servs, household_spending
Formula: gdp ~ .

Frequency vector (4=quarterly, 12=monthly):
gdp = 4, building_app = 12, bus_conf = 12, cons_conf = 12, employment = 12, exports_goods = 12, hours_worked = 12, imports_goods = 12, participation = 12, unemp_rate = 12, exports_servs = 4, imports_servs = 4, household_spending = 12

Preprocessing with Bpanel()...
  NA.replace = FALSE (keep structural NAs)
  na.prop = 1 (don't discard any series)
  aggregate = FALSE (don't apply MA filter that creates more NAs!)

Per-series trans codes:
gdp = 7, building_app = 1, bus_conf = 2, cons_conf = 2, employment = 1, exports_goods = 1, hours_worked = 1, imports_goods = 1, participation = 2, unemp_rate = 2, exports_servs = 7, imports_servs = 7, household_spending = 1
NULL
COVID mask applied: 5 months × 13 series set to NA
Balanced panel: 290x13
Variables: gdp, building_app, bus_conf, cons_conf, employment, exports_goods, hours_worked, imports_goods, participation, unemp_rate, exports_servs, imports_servs, household_spending
Blocks structure: 13 variables × 2 factors (unrestricted)
5th iteration: 
The loglikelihood went from -873.2512 to -859.1905
10th iteration: 
The loglikelihood went from -830.7718 to -827.9374
15th iteration: 
The loglikelihood went from -821.9174 to -820.9886
20th iteration: 
The loglikelihood went from -818.0893 to -817.5075
25th iteration: 
The loglikelihood went from -815.594 to -815.2019
30th iteration: 
The loglikelihood went from -813.8969 to -813.6258
35th iteration: 
The loglikelihood went from -812.7109 to -812.5179
40th iteration: 
The loglikelihood went from -811.8565 to -811.7146
45th iteration: 
The loglikelihood went from -811.2195 to -811.1111
50th iteration: 
The loglikelihood went from -810.7258 to -810.6396
✓ Model estimation complete
done.
  nowcasting... 
=== Generating GDP Nowcast ===

Target quarter: 2023 Q1
Nowcast for 2023 Q1: QoQ=+0.74%  implied level=$664,823M  YoY=+3.07%  [out (nowcast)]
done.
→ nowcast $664,823M (+0.74%)
[14/25] 2023-06-30Filtering data available as of: 2023-06-30
  → 2935 observations available across all indicators
target: 2023 Q2, periods: 281, live_indicators: 8  estimating DFM... 
=== Component-Based DFM Estimation ===

Note: Using simplified aggregate approach
(Full component-based approach to be implemented)

=== Preparing Data for DFM ===

Indicator matrix: 281 periods × 12 indicators
GDP observations: 93/281 (quarterly, ~67% NAs expected)

Indicator frequencies:
# A tibble: 12 × 3
   indicator_id       frequency freq_numeric
   <chr>              <chr>            <dbl>
 1 household_spending monthly             12
 2 cons_conf          monthly             12
 3 building_app       monthly             12
 4 bus_conf           monthly             12
 5 exports_goods      monthly             12
 6 exports_servs      quarterly            4
 7 imports_goods      monthly             12
 8 imports_servs      quarterly            4
 9 employment         monthly             12
10 unemp_rate         monthly             12
11 participation      monthly             12
12 hours_worked       monthly             12

=== Estimating Dynamic Factor Model ===

Estimating with 2 factors...
Time series created: 281 periods, 13 variables
Variables: gdp, building_app, bus_conf, cons_conf, employment, exports_goods, hours_worked, imports_goods, participation, unemp_rate, exports_servs, imports_servs, household_spending
Formula: gdp ~ .

Frequency vector (4=quarterly, 12=monthly):
gdp = 4, building_app = 12, bus_conf = 12, cons_conf = 12, employment = 12, exports_goods = 12, hours_worked = 12, imports_goods = 12, participation = 12, unemp_rate = 12, exports_servs = 4, imports_servs = 4, household_spending = 12

Preprocessing with Bpanel()...
  NA.replace = FALSE (keep structural NAs)
  na.prop = 1 (don't discard any series)
  aggregate = FALSE (don't apply MA filter that creates more NAs!)

Per-series trans codes:
gdp = 7, building_app = 1, bus_conf = 2, cons_conf = 2, employment = 1, exports_goods = 1, hours_worked = 1, imports_goods = 1, participation = 2, unemp_rate = 2, exports_servs = 7, imports_servs = 7, household_spending = 1
NULL
COVID mask applied: 5 months × 13 series set to NA
Balanced panel: 293x13
Variables: gdp, building_app, bus_conf, cons_conf, employment, exports_goods, hours_worked, imports_goods, participation, unemp_rate, exports_servs, imports_servs, household_spending
Blocks structure: 13 variables × 2 factors (unrestricted)
5th iteration: 
The loglikelihood went from -876.6082 to -862.5427
10th iteration: 
The loglikelihood went from -834.4722 to -831.7423
15th iteration: 
The loglikelihood went from -826.0601 to -825.184
20th iteration: 
The loglikelihood went from -822.4669 to -821.9294
25th iteration: 
The loglikelihood went from -820.1844 to -819.8304
30th iteration: 
The loglikelihood went from -818.6555 to -818.4108
35th iteration: 
The loglikelihood went from -817.578 to -817.4
40th iteration: 
The loglikelihood went from -816.7805 to -816.6451
45th iteration: 
The loglikelihood went from -816.1643 to -816.057
50th iteration: 
The loglikelihood went from -815.6688 to -815.5805
✓ Model estimation complete
done.
  nowcasting... 
=== Generating GDP Nowcast ===

Target quarter: 2023 Q2
Nowcast for 2023 Q2: QoQ=+0.81%  implied level=$668,446M  YoY=+2.61%  [out (nowcast)]
done.
→ nowcast $668,446M (+0.81%)
[15/25] 2023-09-30Filtering data available as of: 2023-09-30
  → 2968 observations available across all indicators
target: 2023 Q3, periods: 284, live_indicators: 8  estimating DFM... 
=== Component-Based DFM Estimation ===

Note: Using simplified aggregate approach
(Full component-based approach to be implemented)

=== Preparing Data for DFM ===

Indicator matrix: 284 periods × 12 indicators
GDP observations: 94/284 (quarterly, ~67% NAs expected)

Indicator frequencies:
# A tibble: 12 × 3
   indicator_id       frequency freq_numeric
   <chr>              <chr>            <dbl>
 1 household_spending monthly             12
 2 cons_conf          monthly             12
 3 building_app       monthly             12
 4 bus_conf           monthly             12
 5 exports_goods      monthly             12
 6 exports_servs      quarterly            4
 7 imports_goods      monthly             12
 8 imports_servs      quarterly            4
 9 employment         monthly             12
10 unemp_rate         monthly             12
11 participation      monthly             12
12 hours_worked       monthly             12

=== Estimating Dynamic Factor Model ===

Estimating with 2 factors...
Time series created: 284 periods, 13 variables
Variables: gdp, building_app, bus_conf, cons_conf, employment, exports_goods, hours_worked, imports_goods, participation, unemp_rate, exports_servs, imports_servs, household_spending
Formula: gdp ~ .

Frequency vector (4=quarterly, 12=monthly):
gdp = 4, building_app = 12, bus_conf = 12, cons_conf = 12, employment = 12, exports_goods = 12, hours_worked = 12, imports_goods = 12, participation = 12, unemp_rate = 12, exports_servs = 4, imports_servs = 4, household_spending = 12

Preprocessing with Bpanel()...
  NA.replace = FALSE (keep structural NAs)
  na.prop = 1 (don't discard any series)
  aggregate = FALSE (don't apply MA filter that creates more NAs!)

Per-series trans codes:
gdp = 7, building_app = 1, bus_conf = 2, cons_conf = 2, employment = 1, exports_goods = 1, hours_worked = 1, imports_goods = 1, participation = 2, unemp_rate = 2, exports_servs = 7, imports_servs = 7, household_spending = 1
NULL
COVID mask applied: 5 months × 13 series set to NA
Balanced panel: 296x13
Variables: gdp, building_app, bus_conf, cons_conf, employment, exports_goods, hours_worked, imports_goods, participation, unemp_rate, exports_servs, imports_servs, household_spending
Blocks structure: 13 variables × 2 factors (unrestricted)
5th iteration: 
The loglikelihood went from -893.7319 to -879.0482
10th iteration: 
The loglikelihood went from -848.9266 to -845.9235
15th iteration: 
The loglikelihood went from -839.6856 to -838.7236
20th iteration: 
The loglikelihood went from -835.7377 to -835.1471
25th iteration: 
The loglikelihood went from -833.2306 to -832.8423
30th iteration: 
The loglikelihood went from -831.557 to -831.2906
35th iteration: 
The loglikelihood went from -830.3897 to -830.1988
40th iteration: 
The loglikelihood went from -829.5404 to -829.3979
45th iteration: 
The loglikelihood went from -828.8969 to -828.7862
50th iteration: 
The loglikelihood went from -828.3892 to -828.2997
✓ Model estimation complete
done.
  nowcasting... 
=== Generating GDP Nowcast ===

Target quarter: 2023 Q3
Nowcast for 2023 Q3: QoQ=+0.73%  implied level=$670,986M  YoY=+2.51%  [out (nowcast)]
done.
→ nowcast $670,986M (+0.73%)
[16/25] 2023-12-31Filtering data available as of: 2023-12-31
  → 3001 observations available across all indicators
target: 2023 Q4, periods: 287, live_indicators: 8  estimating DFM... 
=== Component-Based DFM Estimation ===

Note: Using simplified aggregate approach
(Full component-based approach to be implemented)

=== Preparing Data for DFM ===

Indicator matrix: 287 periods × 12 indicators
GDP observations: 95/287 (quarterly, ~67% NAs expected)

Indicator frequencies:
# A tibble: 12 × 3
   indicator_id       frequency freq_numeric
   <chr>              <chr>            <dbl>
 1 household_spending monthly             12
 2 cons_conf          monthly             12
 3 building_app       monthly             12
 4 bus_conf           monthly             12
 5 exports_goods      monthly             12
 6 exports_servs      quarterly            4
 7 imports_goods      monthly             12
 8 imports_servs      quarterly            4
 9 employment         monthly             12
10 unemp_rate         monthly             12
11 participation      monthly             12
12 hours_worked       monthly             12

=== Estimating Dynamic Factor Model ===

Estimating with 2 factors...
Time series created: 287 periods, 13 variables
Variables: gdp, building_app, bus_conf, cons_conf, employment, exports_goods, hours_worked, imports_goods, participation, unemp_rate, exports_servs, imports_servs, household_spending
Formula: gdp ~ .

Frequency vector (4=quarterly, 12=monthly):
gdp = 4, building_app = 12, bus_conf = 12, cons_conf = 12, employment = 12, exports_goods = 12, hours_worked = 12, imports_goods = 12, participation = 12, unemp_rate = 12, exports_servs = 4, imports_servs = 4, household_spending = 12

Preprocessing with Bpanel()...
  NA.replace = FALSE (keep structural NAs)
  na.prop = 1 (don't discard any series)
  aggregate = FALSE (don't apply MA filter that creates more NAs!)

Per-series trans codes:
gdp = 7, building_app = 1, bus_conf = 2, cons_conf = 2, employment = 1, exports_goods = 1, hours_worked = 1, imports_goods = 1, participation = 2, unemp_rate = 2, exports_servs = 7, imports_servs = 7, household_spending = 1
NULL
COVID mask applied: 5 months × 13 series set to NA
Balanced panel: 299x13
Variables: gdp, building_app, bus_conf, cons_conf, employment, exports_goods, hours_worked, imports_goods, participation, unemp_rate, exports_servs, imports_servs, household_spending
Blocks structure: 13 variables × 2 factors (unrestricted)
5th iteration: 
The loglikelihood went from -925.3468 to -909.2159
10th iteration: 
The loglikelihood went from -873.0382 to -869.293
15th iteration: 
The loglikelihood went from -862.0154 to -860.9843
20th iteration: 
The loglikelihood went from -857.8634 to -857.2546
25th iteration: 
The loglikelihood went from -855.297 to -854.9045
30th iteration: 
The loglikelihood went from -853.6177 to -853.3537
35th iteration: 
The loglikelihood went from -852.4691 to -852.2832
40th iteration: 
The loglikelihood went from -851.6459 to -851.5086
45th iteration: 
The loglikelihood went from -851.0265 to -850.9199
50th iteration: 
The loglikelihood went from -850.5361 to -850.4491
✓ Model estimation complete
done.
  nowcasting... 
=== Generating GDP Nowcast ===

Target quarter: 2023 Q4
Nowcast for 2023 Q4: QoQ=+0.70%  implied level=$673,512M  YoY=+2.06%  [out (nowcast)]
done.
→ nowcast $673,512M (+0.70%)
[17/25] 2024-03-31Filtering data available as of: 2024-03-31
  → 3034 observations available across all indicators
target: 2024 Q1, periods: 290, live_indicators: 8  estimating DFM... 
=== Component-Based DFM Estimation ===

Note: Using simplified aggregate approach
(Full component-based approach to be implemented)

=== Preparing Data for DFM ===

Indicator matrix: 290 periods × 12 indicators
GDP observations: 96/290 (quarterly, ~67% NAs expected)

Indicator frequencies:
# A tibble: 12 × 3
   indicator_id       frequency freq_numeric
   <chr>              <chr>            <dbl>
 1 household_spending monthly             12
 2 cons_conf          monthly             12
 3 building_app       monthly             12
 4 bus_conf           monthly             12
 5 exports_goods      monthly             12
 6 exports_servs      quarterly            4
 7 imports_goods      monthly             12
 8 imports_servs      quarterly            4
 9 employment         monthly             12
10 unemp_rate         monthly             12
11 participation      monthly             12
12 hours_worked       monthly             12

=== Estimating Dynamic Factor Model ===

Estimating with 2 factors...
Time series created: 290 periods, 13 variables
Variables: gdp, building_app, bus_conf, cons_conf, employment, exports_goods, hours_worked, imports_goods, participation, unemp_rate, exports_servs, imports_servs, household_spending
Formula: gdp ~ .

Frequency vector (4=quarterly, 12=monthly):
gdp = 4, building_app = 12, bus_conf = 12, cons_conf = 12, employment = 12, exports_goods = 12, hours_worked = 12, imports_goods = 12, participation = 12, unemp_rate = 12, exports_servs = 4, imports_servs = 4, household_spending = 12

Preprocessing with Bpanel()...
  NA.replace = FALSE (keep structural NAs)
  na.prop = 1 (don't discard any series)
  aggregate = FALSE (don't apply MA filter that creates more NAs!)

Per-series trans codes:
gdp = 7, building_app = 1, bus_conf = 2, cons_conf = 2, employment = 1, exports_goods = 1, hours_worked = 1, imports_goods = 1, participation = 2, unemp_rate = 2, exports_servs = 7, imports_servs = 7, household_spending = 1
NULL
COVID mask applied: 5 months × 13 series set to NA
Balanced panel: 302x13
Variables: gdp, building_app, bus_conf, cons_conf, employment, exports_goods, hours_worked, imports_goods, participation, unemp_rate, exports_servs, imports_servs, household_spending
Blocks structure: 13 variables × 2 factors (unrestricted)
5th iteration: 
The loglikelihood went from -939.6047 to -922.7447
10th iteration: 
The loglikelihood went from -883.6146 to -879.4853
15th iteration: 
The loglikelihood went from -871.6845 to -870.628
20th iteration: 
The loglikelihood went from -867.4531 to -866.8321
25th iteration: 
The loglikelihood went from -864.828 to -864.4255
30th iteration: 
The loglikelihood went from -863.1089 to -862.8401
35th iteration: 
The loglikelihood went from -861.9452 to -861.7588
40th iteration: 
The loglikelihood went from -861.1259 to -860.9911
45th iteration: 
The loglikelihood went from -860.5222 to -860.4197
✓ Model estimation complete
done.
  nowcasting... 
=== Generating GDP Nowcast ===

Target quarter: 2024 Q1
Nowcast for 2024 Q1: QoQ=+0.58%  implied level=$672,613M  YoY=+1.43%  [out (nowcast)]
done.
→ nowcast $672,613M (+0.58%)
[18/25] 2024-06-30Filtering data available as of: 2024-06-30
  → 3067 observations available across all indicators
target: 2024 Q2, periods: 293, live_indicators: 8  estimating DFM... 
=== Component-Based DFM Estimation ===

Note: Using simplified aggregate approach
(Full component-based approach to be implemented)

=== Preparing Data for DFM ===

Indicator matrix: 293 periods × 12 indicators
GDP observations: 97/293 (quarterly, ~67% NAs expected)

Indicator frequencies:
# A tibble: 12 × 3
   indicator_id       frequency freq_numeric
   <chr>              <chr>            <dbl>
 1 household_spending monthly             12
 2 cons_conf          monthly             12
 3 building_app       monthly             12
 4 bus_conf           monthly             12
 5 exports_goods      monthly             12
 6 exports_servs      quarterly            4
 7 imports_goods      monthly             12
 8 imports_servs      quarterly            4
 9 employment         monthly             12
10 unemp_rate         monthly             12
11 participation      monthly             12
12 hours_worked       monthly             12

=== Estimating Dynamic Factor Model ===

Estimating with 2 factors...
Time series created: 293 periods, 13 variables
Variables: gdp, building_app, bus_conf, cons_conf, employment, exports_goods, hours_worked, imports_goods, participation, unemp_rate, exports_servs, imports_servs, household_spending
Formula: gdp ~ .

Frequency vector (4=quarterly, 12=monthly):
gdp = 4, building_app = 12, bus_conf = 12, cons_conf = 12, employment = 12, exports_goods = 12, hours_worked = 12, imports_goods = 12, participation = 12, unemp_rate = 12, exports_servs = 4, imports_servs = 4, household_spending = 12

Preprocessing with Bpanel()...
  NA.replace = FALSE (keep structural NAs)
  na.prop = 1 (don't discard any series)
  aggregate = FALSE (don't apply MA filter that creates more NAs!)

Per-series trans codes:
gdp = 7, building_app = 1, bus_conf = 2, cons_conf = 2, employment = 1, exports_goods = 1, hours_worked = 1, imports_goods = 1, participation = 2, unemp_rate = 2, exports_servs = 7, imports_servs = 7, household_spending = 1
NULL
COVID mask applied: 5 months × 13 series set to NA
Balanced panel: 305x13
Variables: gdp, building_app, bus_conf, cons_conf, employment, exports_goods, hours_worked, imports_goods, participation, unemp_rate, exports_servs, imports_servs, household_spending
Blocks structure: 13 variables × 2 factors (unrestricted)
5th iteration: 
The loglikelihood went from -950.7237 to -934.0479
10th iteration: 
The loglikelihood went from -895.8908 to -891.9832
15th iteration: 
The loglikelihood went from -884.683 to -883.6868
20th iteration: 
The loglikelihood went from -880.6918 to -880.1077
25th iteration: 
The loglikelihood went from -878.2258 to -877.848
30th iteration: 
The loglikelihood went from -876.6108 to -876.3577
35th iteration: 
The loglikelihood went from -875.5134 to -875.337
40th iteration: 
The loglikelihood went from -874.7364 to -874.608
45th iteration: 
The loglikelihood went from -874.1603 to -874.0621
✓ Model estimation complete
done.
  nowcasting... 
=== Generating GDP Nowcast ===

Target quarter: 2024 Q2
Nowcast for 2024 Q2: QoQ=+0.67%  implied level=$674,883M  YoY=+1.32%  [out (nowcast)]
done.
→ nowcast $674,883M (+0.67%)
[19/25] 2024-09-30Filtering data available as of: 2024-09-30
  → 3100 observations available across all indicators
target: 2024 Q3, periods: 296, live_indicators: 8  estimating DFM... 
=== Component-Based DFM Estimation ===

Note: Using simplified aggregate approach
(Full component-based approach to be implemented)

=== Preparing Data for DFM ===

Indicator matrix: 296 periods × 12 indicators
GDP observations: 98/296 (quarterly, ~67% NAs expected)

Indicator frequencies:
# A tibble: 12 × 3
   indicator_id       frequency freq_numeric
   <chr>              <chr>            <dbl>
 1 household_spending monthly             12
 2 cons_conf          monthly             12
 3 building_app       monthly             12
 4 bus_conf           monthly             12
 5 exports_goods      monthly             12
 6 exports_servs      quarterly            4
 7 imports_goods      monthly             12
 8 imports_servs      quarterly            4
 9 employment         monthly             12
10 unemp_rate         monthly             12
11 participation      monthly             12
12 hours_worked       monthly             12

=== Estimating Dynamic Factor Model ===

Estimating with 2 factors...
Time series created: 296 periods, 13 variables
Variables: gdp, building_app, bus_conf, cons_conf, employment, exports_goods, hours_worked, imports_goods, participation, unemp_rate, exports_servs, imports_servs, household_spending
Formula: gdp ~ .

Frequency vector (4=quarterly, 12=monthly):
gdp = 4, building_app = 12, bus_conf = 12, cons_conf = 12, employment = 12, exports_goods = 12, hours_worked = 12, imports_goods = 12, participation = 12, unemp_rate = 12, exports_servs = 4, imports_servs = 4, household_spending = 12

Preprocessing with Bpanel()...
  NA.replace = FALSE (keep structural NAs)
  na.prop = 1 (don't discard any series)
  aggregate = FALSE (don't apply MA filter that creates more NAs!)

Per-series trans codes:
gdp = 7, building_app = 1, bus_conf = 2, cons_conf = 2, employment = 1, exports_goods = 1, hours_worked = 1, imports_goods = 1, participation = 2, unemp_rate = 2, exports_servs = 7, imports_servs = 7, household_spending = 1
NULL
COVID mask applied: 5 months × 13 series set to NA
Balanced panel: 308x13
Variables: gdp, building_app, bus_conf, cons_conf, employment, exports_goods, hours_worked, imports_goods, participation, unemp_rate, exports_servs, imports_servs, household_spending
Blocks structure: 13 variables × 2 factors (unrestricted)
5th iteration: 
The loglikelihood went from -965.8871 to -948.8509
10th iteration: 
The loglikelihood went from -908.9205 to -904.7509
15th iteration: 
The loglikelihood went from -897.0705 to -896.0504
20th iteration: 
The loglikelihood went from -892.9987 to -892.4021
25th iteration: 
The loglikelihood went from -890.473 to -890.0845
30th iteration: 
The loglikelihood went from -888.8102 to -888.5494
35th iteration: 
The loglikelihood went from -887.6793 to -887.4976
40th iteration: 
The loglikelihood went from -886.8793 to -886.7472
45th iteration: 
The loglikelihood went from -886.2865 to -886.1854
✓ Model estimation complete
done.
  nowcasting... 
=== Generating GDP Nowcast ===

Target quarter: 2024 Q3
Nowcast for 2024 Q3: QoQ=+0.62%  implied level=$676,217M  YoY=+1.11%  [out (nowcast)]
done.
→ nowcast $676,217M (+0.62%)
[20/25] 2024-12-31Filtering data available as of: 2024-12-31
  → 3133 observations available across all indicators
target: 2024 Q4, periods: 299, live_indicators: 8  estimating DFM... 
=== Component-Based DFM Estimation ===

Note: Using simplified aggregate approach
(Full component-based approach to be implemented)

=== Preparing Data for DFM ===

Indicator matrix: 299 periods × 12 indicators
GDP observations: 99/299 (quarterly, ~67% NAs expected)

Indicator frequencies:
# A tibble: 12 × 3
   indicator_id       frequency freq_numeric
   <chr>              <chr>            <dbl>
 1 household_spending monthly             12
 2 cons_conf          monthly             12
 3 building_app       monthly             12
 4 bus_conf           monthly             12
 5 exports_goods      monthly             12
 6 exports_servs      quarterly            4
 7 imports_goods      monthly             12
 8 imports_servs      quarterly            4
 9 employment         monthly             12
10 unemp_rate         monthly             12
11 participation      monthly             12
12 hours_worked       monthly             12

=== Estimating Dynamic Factor Model ===

Estimating with 2 factors...
Time series created: 299 periods, 13 variables
Variables: gdp, building_app, bus_conf, cons_conf, employment, exports_goods, hours_worked, imports_goods, participation, unemp_rate, exports_servs, imports_servs, household_spending
Formula: gdp ~ .

Frequency vector (4=quarterly, 12=monthly):
gdp = 4, building_app = 12, bus_conf = 12, cons_conf = 12, employment = 12, exports_goods = 12, hours_worked = 12, imports_goods = 12, participation = 12, unemp_rate = 12, exports_servs = 4, imports_servs = 4, household_spending = 12

Preprocessing with Bpanel()...
  NA.replace = FALSE (keep structural NAs)
  na.prop = 1 (don't discard any series)
  aggregate = FALSE (don't apply MA filter that creates more NAs!)

Per-series trans codes:
gdp = 7, building_app = 1, bus_conf = 2, cons_conf = 2, employment = 1, exports_goods = 1, hours_worked = 1, imports_goods = 1, participation = 2, unemp_rate = 2, exports_servs = 7, imports_servs = 7, household_spending = 1
NULL
COVID mask applied: 5 months × 13 series set to NA
Balanced panel: 311x13
Variables: gdp, building_app, bus_conf, cons_conf, employment, exports_goods, hours_worked, imports_goods, participation, unemp_rate, exports_servs, imports_servs, household_spending
Blocks structure: 13 variables × 2 factors (unrestricted)
5th iteration: 
The loglikelihood went from -981.387 to -964.1247
10th iteration: 
The loglikelihood went from -922.5997 to -918.1635
15th iteration: 
The loglikelihood went from -910.0942 to -909.0552
20th iteration: 
The loglikelihood went from -905.9762 to -905.3751
25th iteration: 
The loglikelihood went from -903.4272 to -903.0341
30th iteration: 
The loglikelihood went from -901.7434 to -901.4789
35th iteration: 
The loglikelihood went from -900.5961 to -900.4116
40th iteration: 
The loglikelihood went from -899.7831 to -899.6486
45th iteration: 
The loglikelihood went from -899.1788 to -899.0755
✓ Model estimation complete
done.
  nowcasting... 
=== Generating GDP Nowcast ===

Target quarter: 2024 Q4
Nowcast for 2024 Q4: QoQ=+0.65%  implied level=$678,537M  YoY=+1.46%  [out (nowcast)]
done.
→ nowcast $678,537M (+0.65%)
[21/25] 2025-03-31Filtering data available as of: 2025-03-31
  → 3166 observations available across all indicators
target: 2025 Q1, periods: 302, live_indicators: 8  estimating DFM... 
=== Component-Based DFM Estimation ===

Note: Using simplified aggregate approach
(Full component-based approach to be implemented)

=== Preparing Data for DFM ===

Indicator matrix: 302 periods × 12 indicators
GDP observations: 100/302 (quarterly, ~67% NAs expected)

Indicator frequencies:
# A tibble: 12 × 3
   indicator_id       frequency freq_numeric
   <chr>              <chr>            <dbl>
 1 household_spending monthly             12
 2 cons_conf          monthly             12
 3 building_app       monthly             12
 4 bus_conf           monthly             12
 5 exports_goods      monthly             12
 6 exports_servs      quarterly            4
 7 imports_goods      monthly             12
 8 imports_servs      quarterly            4
 9 employment         monthly             12
10 unemp_rate         monthly             12
11 participation      monthly             12
12 hours_worked       monthly             12

=== Estimating Dynamic Factor Model ===

Estimating with 2 factors...
Time series created: 302 periods, 13 variables
Variables: gdp, building_app, bus_conf, cons_conf, employment, exports_goods, hours_worked, imports_goods, participation, unemp_rate, exports_servs, imports_servs, household_spending
Formula: gdp ~ .

Frequency vector (4=quarterly, 12=monthly):
gdp = 4, building_app = 12, bus_conf = 12, cons_conf = 12, employment = 12, exports_goods = 12, hours_worked = 12, imports_goods = 12, participation = 12, unemp_rate = 12, exports_servs = 4, imports_servs = 4, household_spending = 12

Preprocessing with Bpanel()...
  NA.replace = FALSE (keep structural NAs)
  na.prop = 1 (don't discard any series)
  aggregate = FALSE (don't apply MA filter that creates more NAs!)

Per-series trans codes:
gdp = 7, building_app = 1, bus_conf = 2, cons_conf = 2, employment = 1, exports_goods = 1, hours_worked = 1, imports_goods = 1, participation = 2, unemp_rate = 2, exports_servs = 7, imports_servs = 7, household_spending = 1
NULL
COVID mask applied: 5 months × 13 series set to NA
Balanced panel: 314x13
Variables: gdp, building_app, bus_conf, cons_conf, employment, exports_goods, hours_worked, imports_goods, participation, unemp_rate, exports_servs, imports_servs, household_spending
Blocks structure: 13 variables × 2 factors (unrestricted)
5th iteration: 
The loglikelihood went from -991.2235 to -973.6311
10th iteration: 
The loglikelihood went from -931.1926 to -926.6349
15th iteration: 
The loglikelihood went from -918.3626 to -917.3039
20th iteration: 
The loglikelihood went from -914.1739 to -913.5634
25th iteration: 
The loglikelihood went from -911.5846 to -911.1849
30th iteration: 
The loglikelihood went from -909.8705 to -909.6006
35th iteration: 
The loglikelihood went from -908.6974 to -908.5082
40th iteration: 
The loglikelihood went from -907.8618 to -907.7232
45th iteration: 
The loglikelihood went from -907.2381 to -907.1314
✓ Model estimation complete
done.
  nowcasting... 
=== Generating GDP Nowcast ===

Target quarter: 2025 Q1
Nowcast for 2025 Q1: QoQ=+0.64%  implied level=$681,431M  YoY=+1.65%  [out (nowcast)]
done.
→ nowcast $681,431M (+0.64%)
[22/25] 2025-06-30Filtering data available as of: 2025-06-30
  → 3199 observations available across all indicators
target: 2025 Q2, periods: 305, live_indicators: 8  estimating DFM... 
=== Component-Based DFM Estimation ===

Note: Using simplified aggregate approach
(Full component-based approach to be implemented)

=== Preparing Data for DFM ===

Indicator matrix: 305 periods × 12 indicators
GDP observations: 101/305 (quarterly, ~67% NAs expected)

Indicator frequencies:
# A tibble: 12 × 3
   indicator_id       frequency freq_numeric
   <chr>              <chr>            <dbl>
 1 household_spending monthly             12
 2 cons_conf          monthly             12
 3 building_app       monthly             12
 4 bus_conf           monthly             12
 5 exports_goods      monthly             12
 6 exports_servs      quarterly            4
 7 imports_goods      monthly             12
 8 imports_servs      quarterly            4
 9 employment         monthly             12
10 unemp_rate         monthly             12
11 participation      monthly             12
12 hours_worked       monthly             12

=== Estimating Dynamic Factor Model ===

Estimating with 2 factors...
Time series created: 305 periods, 13 variables
Variables: gdp, building_app, bus_conf, cons_conf, employment, exports_goods, hours_worked, imports_goods, participation, unemp_rate, exports_servs, imports_servs, household_spending
Formula: gdp ~ .

Frequency vector (4=quarterly, 12=monthly):
gdp = 4, building_app = 12, bus_conf = 12, cons_conf = 12, employment = 12, exports_goods = 12, hours_worked = 12, imports_goods = 12, participation = 12, unemp_rate = 12, exports_servs = 4, imports_servs = 4, household_spending = 12

Preprocessing with Bpanel()...
  NA.replace = FALSE (keep structural NAs)
  na.prop = 1 (don't discard any series)
  aggregate = FALSE (don't apply MA filter that creates more NAs!)

Per-series trans codes:
gdp = 7, building_app = 1, bus_conf = 2, cons_conf = 2, employment = 1, exports_goods = 1, hours_worked = 1, imports_goods = 1, participation = 2, unemp_rate = 2, exports_servs = 7, imports_servs = 7, household_spending = 1
NULL
COVID mask applied: 5 months × 13 series set to NA
Balanced panel: 317x13
Variables: gdp, building_app, bus_conf, cons_conf, employment, exports_goods, hours_worked, imports_goods, participation, unemp_rate, exports_servs, imports_servs, household_spending
Blocks structure: 13 variables × 2 factors (unrestricted)
5th iteration: 
The loglikelihood went from -996.7098 to -979.5549
10th iteration: 
The loglikelihood went from -939.1318 to -934.8857
15th iteration: 
The loglikelihood went from -927.0696 to -926.0361
20th iteration: 
The loglikelihood went from -922.9524 to -922.3496
25th iteration: 
The loglikelihood went from -920.3967 to -920.0025
30th iteration: 
The loglikelihood went from -918.7079 to -918.4425
35th iteration: 
The loglikelihood went from -917.5553 to -917.3697
40th iteration: 
The loglikelihood went from -916.7363 to -916.6006
45th iteration: 
The loglikelihood went from -916.1258 to -916.0213
✓ Model estimation complete
done.
  nowcasting... 
=== Generating GDP Nowcast ===

Target quarter: 2025 Q2
Nowcast for 2025 Q2: QoQ=+0.67%  implied level=$683,412M  YoY=+1.69%  [out (nowcast)]
done.
→ nowcast $683,412M (+0.67%)
[23/25] 2025-09-30Filtering data available as of: 2025-09-30
  → 3232 observations available across all indicators
target: 2025 Q3, periods: 308, live_indicators: 8  estimating DFM... 
=== Component-Based DFM Estimation ===

Note: Using simplified aggregate approach
(Full component-based approach to be implemented)

=== Preparing Data for DFM ===

Indicator matrix: 308 periods × 12 indicators
GDP observations: 102/308 (quarterly, ~67% NAs expected)

Indicator frequencies:
# A tibble: 12 × 3
   indicator_id       frequency freq_numeric
   <chr>              <chr>            <dbl>
 1 household_spending monthly             12
 2 cons_conf          monthly             12
 3 building_app       monthly             12
 4 bus_conf           monthly             12
 5 exports_goods      monthly             12
 6 exports_servs      quarterly            4
 7 imports_goods      monthly             12
 8 imports_servs      quarterly            4
 9 employment         monthly             12
10 unemp_rate         monthly             12
11 participation      monthly             12
12 hours_worked       monthly             12

=== Estimating Dynamic Factor Model ===

Estimating with 2 factors...
Time series created: 308 periods, 13 variables
Variables: gdp, building_app, bus_conf, cons_conf, employment, exports_goods, hours_worked, imports_goods, participation, unemp_rate, exports_servs, imports_servs, household_spending
Formula: gdp ~ .

Frequency vector (4=quarterly, 12=monthly):
gdp = 4, building_app = 12, bus_conf = 12, cons_conf = 12, employment = 12, exports_goods = 12, hours_worked = 12, imports_goods = 12, participation = 12, unemp_rate = 12, exports_servs = 4, imports_servs = 4, household_spending = 12

Preprocessing with Bpanel()...
  NA.replace = FALSE (keep structural NAs)
  na.prop = 1 (don't discard any series)
  aggregate = FALSE (don't apply MA filter that creates more NAs!)

Per-series trans codes:
gdp = 7, building_app = 1, bus_conf = 2, cons_conf = 2, employment = 1, exports_goods = 1, hours_worked = 1, imports_goods = 1, participation = 2, unemp_rate = 2, exports_servs = 7, imports_servs = 7, household_spending = 1
NULL
COVID mask applied: 5 months × 13 series set to NA
Balanced panel: 320x13
Variables: gdp, building_app, bus_conf, cons_conf, employment, exports_goods, hours_worked, imports_goods, participation, unemp_rate, exports_servs, imports_servs, household_spending
Blocks structure: 13 variables × 2 factors (unrestricted)
5th iteration: 
The loglikelihood went from -1023.4787 to -1005.9789
10th iteration: 
The loglikelihood went from -961.3037 to -956.2314
15th iteration: 
The loglikelihood went from -947.1734 to -946.0843
20th iteration: 
The loglikelihood went from -942.9392 to -942.327
25th iteration: 
The loglikelihood went from -940.3272 to -939.9197
30th iteration: 
The loglikelihood went from -938.5709 to -938.2923
35th iteration: 
The loglikelihood went from -937.3557 to -937.1585
40th iteration: 
The loglikelihood went from -936.4821 to -936.3363
45th iteration: 
The loglikelihood went from -935.8239 to -935.7105
50th iteration: 
The loglikelihood went from -935.3016 to -935.2086
✓ Model estimation complete
done.
  nowcasting... 
=== Generating GDP Nowcast ===

Target quarter: 2025 Q3
Nowcast for 2025 Q3: QoQ=+0.66%  implied level=$689,907M  YoY=+2.34%  [out (nowcast)]
done.
→ nowcast $689,907M (+0.66%)
[24/25] 2025-12-31Filtering data available as of: 2025-12-31
  → 3265 observations available across all indicators
target: 2025 Q4, periods: 311, live_indicators: 8  estimating DFM... 
=== Component-Based DFM Estimation ===

Note: Using simplified aggregate approach
(Full component-based approach to be implemented)

=== Preparing Data for DFM ===

Indicator matrix: 311 periods × 12 indicators
GDP observations: 103/311 (quarterly, ~67% NAs expected)

Indicator frequencies:
# A tibble: 12 × 3
   indicator_id       frequency freq_numeric
   <chr>              <chr>            <dbl>
 1 household_spending monthly             12
 2 cons_conf          monthly             12
 3 building_app       monthly             12
 4 bus_conf           monthly             12
 5 exports_goods      monthly             12
 6 exports_servs      quarterly            4
 7 imports_goods      monthly             12
 8 imports_servs      quarterly            4
 9 employment         monthly             12
10 unemp_rate         monthly             12
11 participation      monthly             12
12 hours_worked       monthly             12

=== Estimating Dynamic Factor Model ===

Estimating with 2 factors...
Time series created: 311 periods, 13 variables
Variables: gdp, building_app, bus_conf, cons_conf, employment, exports_goods, hours_worked, imports_goods, participation, unemp_rate, exports_servs, imports_servs, household_spending
Formula: gdp ~ .

Frequency vector (4=quarterly, 12=monthly):
gdp = 4, building_app = 12, bus_conf = 12, cons_conf = 12, employment = 12, exports_goods = 12, hours_worked = 12, imports_goods = 12, participation = 12, unemp_rate = 12, exports_servs = 4, imports_servs = 4, household_spending = 12

Preprocessing with Bpanel()...
  NA.replace = FALSE (keep structural NAs)
  na.prop = 1 (don't discard any series)
  aggregate = FALSE (don't apply MA filter that creates more NAs!)

Per-series trans codes:
gdp = 7, building_app = 1, bus_conf = 2, cons_conf = 2, employment = 1, exports_goods = 1, hours_worked = 1, imports_goods = 1, participation = 2, unemp_rate = 2, exports_servs = 7, imports_servs = 7, household_spending = 1
NULL
COVID mask applied: 5 months × 13 series set to NA
Balanced panel: 323x13
Variables: gdp, building_app, bus_conf, cons_conf, employment, exports_goods, hours_worked, imports_goods, participation, unemp_rate, exports_servs, imports_servs, household_spending
Blocks structure: 13 variables × 2 factors (unrestricted)
5th iteration: 
The loglikelihood went from -1034.4433 to -1016.6751
10th iteration: 
The loglikelihood went from -970.7505 to -965.4707
15th iteration: 
The loglikelihood went from -956.092 to -954.9854
20th iteration: 
The loglikelihood went from -951.8137 to -951.1972
25th iteration: 
The loglikelihood went from -949.1798 to -948.768
30th iteration: 
The loglikelihood went from -947.4027 to -947.1203
35th iteration: 
The loglikelihood went from -946.1695 to -945.9691
40th iteration: 
The loglikelihood went from -945.2806 to -945.132
45th iteration: 
The loglikelihood went from -944.6089 to -944.493
50th iteration: 
The loglikelihood went from -944.0742 to -943.9789
✓ Model estimation complete
done.
  nowcasting... 
=== Generating GDP Nowcast ===

Target quarter: 2025 Q4
Nowcast for 2025 Q4: QoQ=+0.56%  implied level=$691,889M  YoY=+2.19%  [out (nowcast)]
done.
→ nowcast $691,889M (+0.56%)
[25/25] 2026-03-31Filtering data available as of: 2026-03-31
  → 3298 observations available across all indicators
target: 2026 Q1, periods: 314, live_indicators: 8  estimating DFM... 
=== Component-Based DFM Estimation ===

Note: Using simplified aggregate approach
(Full component-based approach to be implemented)

=== Preparing Data for DFM ===

Indicator matrix: 314 periods × 12 indicators
GDP observations: 104/314 (quarterly, ~67% NAs expected)

Indicator frequencies:
# A tibble: 12 × 3
   indicator_id       frequency freq_numeric
   <chr>              <chr>            <dbl>
 1 household_spending monthly             12
 2 cons_conf          monthly             12
 3 building_app       monthly             12
 4 bus_conf           monthly             12
 5 exports_goods      monthly             12
 6 exports_servs      quarterly            4
 7 imports_goods      monthly             12
 8 imports_servs      quarterly            4
 9 employment         monthly             12
10 unemp_rate         monthly             12
11 participation      monthly             12
12 hours_worked       monthly             12

=== Estimating Dynamic Factor Model ===

Estimating with 2 factors...
Time series created: 314 periods, 13 variables
Variables: gdp, building_app, bus_conf, cons_conf, employment, exports_goods, hours_worked, imports_goods, participation, unemp_rate, exports_servs, imports_servs, household_spending
Formula: gdp ~ .

Frequency vector (4=quarterly, 12=monthly):
gdp = 4, building_app = 12, bus_conf = 12, cons_conf = 12, employment = 12, exports_goods = 12, hours_worked = 12, imports_goods = 12, participation = 12, unemp_rate = 12, exports_servs = 4, imports_servs = 4, household_spending = 12

Preprocessing with Bpanel()...
  NA.replace = FALSE (keep structural NAs)
  na.prop = 1 (don't discard any series)
  aggregate = FALSE (don't apply MA filter that creates more NAs!)

Per-series trans codes:
gdp = 7, building_app = 1, bus_conf = 2, cons_conf = 2, employment = 1, exports_goods = 1, hours_worked = 1, imports_goods = 1, participation = 2, unemp_rate = 2, exports_servs = 7, imports_servs = 7, household_spending = 1
NULL
COVID mask applied: 5 months × 13 series set to NA
Balanced panel: 326x13
Variables: gdp, building_app, bus_conf, cons_conf, employment, exports_goods, hours_worked, imports_goods, participation, unemp_rate, exports_servs, imports_servs, household_spending
Blocks structure: 13 variables × 2 factors (unrestricted)
5th iteration: 
The loglikelihood went from -1048.1167 to -1030.2164
10th iteration: 
The loglikelihood went from -983.4627 to -978.0335
15th iteration: 
The loglikelihood went from -968.4734 to -967.3769
20th iteration: 
The loglikelihood went from -964.2694 to -963.6654
25th iteration: 
The loglikelihood went from -961.6766 to -961.2676
30th iteration: 
The loglikelihood went from -959.9032 to -959.6192
35th iteration: 
The loglikelihood went from -958.6585 to -958.4551
40th iteration: 
The loglikelihood went from -957.7546 to -957.6031
45th iteration: 
The loglikelihood went from -957.0695 to -956.9513
50th iteration: 
The loglikelihood went from -956.5247 to -956.4277
✓ Model estimation complete
done.
  nowcasting... 
=== Generating GDP Nowcast ===

Target quarter: 2026 Q1
Nowcast for 2026 Q1: QoQ=+0.72%  implied level=$699,044M  YoY=+2.98%  [out (nowcast)]
done.
→ nowcast $699,044M (+0.72%)

=== Accuracy metrics ===
# A tibble: 10 × 2
   metric                        value
   <chr>                         <dbl>
 1 n_forecasts                  25    
 2 mae_millions               6451.   
 3 rmse_millions             11453.   
 4 mape_pct                      1.05 
 5 mean_bias_millions         1366.   
 6 median_abs_error_millions  2591.   
 7 correlation_level             0.939
 8 mae_qoq_pp                    1.04 
 9 rmse_qoq_pp                   1.88 
10 hit_rate_direction_pct       84    

Results saved to experimental/backtest_output_baseline/r2
Report saved: experimental/backtest_output_baseline/r2/backtest_report.md

!!! r = 2 FAILED: object 'summaries' not found
    (continuing to next r; this r is dropped from the comparison)


########## r = 3 ##########

=== DFM Configuration ===
Number of factors: 3
VAR order: 1
EM max iterations: 100
EM tolerance: 1e-04

========================================
  NOWCAST MODEL BACKTESTING
========================================

Period: 2020-01-01 to 2026-03-31Frequency: quarterlyModel: 3-factor DFM
Using wide format from master dataset list

Backtest dates: 25 iterations
[1/25] 2020-03-31Filtering data available as of: 2020-03-31
  → 2506 observations available across all indicators
target: 2020 Q1, periods: 242, live_indicators: 8  estimating DFM... 
=== Component-Based DFM Estimation ===

Note: Using simplified aggregate approach
(Full component-based approach to be implemented)

=== Preparing Data for DFM ===

Indicator matrix: 242 periods × 12 indicators
GDP observations: 80/242 (quarterly, ~67% NAs expected)

Indicator frequencies:
# A tibble: 12 × 3
   indicator_id       frequency freq_numeric
   <chr>              <chr>            <dbl>
 1 household_spending monthly             12
 2 cons_conf          monthly             12
 3 building_app       monthly             12
 4 bus_conf           monthly             12
 5 exports_goods      monthly             12
 6 exports_servs      quarterly            4
 7 imports_goods      monthly             12
 8 imports_servs      quarterly            4
 9 employment         monthly             12
10 unemp_rate         monthly             12
11 participation      monthly             12
12 hours_worked       monthly             12

=== Estimating Dynamic Factor Model ===

Estimating with 3 factors...
Time series created: 242 periods, 13 variables
Variables: gdp, building_app, bus_conf, cons_conf, employment, exports_goods, hours_worked, imports_goods, participation, unemp_rate, exports_servs, imports_servs, household_spending
Formula: gdp ~ .

Frequency vector (4=quarterly, 12=monthly):
gdp = 4, building_app = 12, bus_conf = 12, cons_conf = 12, employment = 12, exports_goods = 12, hours_worked = 12, imports_goods = 12, participation = 12, unemp_rate = 12, exports_servs = 4, imports_servs = 4, household_spending = 12

Preprocessing with Bpanel()...
  NA.replace = FALSE (keep structural NAs)
  na.prop = 1 (don't discard any series)
  aggregate = FALSE (don't apply MA filter that creates more NAs!)

Per-series trans codes:
gdp = 7, building_app = 1, bus_conf = 2, cons_conf = 2, employment = 1, exports_goods = 1, hours_worked = 1, imports_goods = 1, participation = 2, unemp_rate = 2, exports_servs = 7, imports_servs = 7, household_spending = 1
NULL
COVID mask applied: 5 months × 13 series set to NA
Balanced panel: 254x13
Variables: gdp, building_app, bus_conf, cons_conf, employment, exports_goods, hours_worked, imports_goods, participation, unemp_rate, exports_servs, imports_servs, household_spending
Blocks structure: 13 variables × 3 factors (unrestricted)
5th iteration: 
The loglikelihood went from -511.255 to -510.1001
10th iteration: 
The loglikelihood went from -507.7504 to -507.4159
15th iteration: 
The loglikelihood went from -506.4736 to -506.298
20th iteration: 
The loglikelihood went from -505.7198 to -505.5962
25th iteration: 
The loglikelihood went from -505.1455 to -505.0389
30th iteration: 
The loglikelihood went from -504.6073 to -504.4919
35th iteration: 
The loglikelihood went from -503.9354 to -503.7512
40th iteration: 
The loglikelihood went from -502.5424 to -502.0458
45th iteration: 
The loglikelihood went from -500.1612 to -499.9717
50th iteration: 
The loglikelihood went from -499.6089 to -499.5515
✓ Model estimation complete
done.
  nowcasting... 
=== Generating GDP Nowcast ===

Target quarter: 2020 Q1
Nowcast for 2020 Q1: QoQ=+0.71%  implied level=$616,206M  YoY=+2.21%  [out (nowcast)]
done.
→ nowcast $616,206M (+0.71%)
[2/25] 2020-06-30Filtering data available as of: 2020-06-30
  → 2539 observations available across all indicators
target: 2020 Q2, periods: 245, live_indicators: 8  estimating DFM... 
=== Component-Based DFM Estimation ===

Note: Using simplified aggregate approach
(Full component-based approach to be implemented)

=== Preparing Data for DFM ===

Indicator matrix: 245 periods × 12 indicators
GDP observations: 81/245 (quarterly, ~67% NAs expected)

Indicator frequencies:
# A tibble: 12 × 3
   indicator_id       frequency freq_numeric
   <chr>              <chr>            <dbl>
 1 household_spending monthly             12
 2 cons_conf          monthly             12
 3 building_app       monthly             12
 4 bus_conf           monthly             12
 5 exports_goods      monthly             12
 6 exports_servs      quarterly            4
 7 imports_goods      monthly             12
 8 imports_servs      quarterly            4
 9 employment         monthly             12
10 unemp_rate         monthly             12
11 participation      monthly             12
12 hours_worked       monthly             12

=== Estimating Dynamic Factor Model ===

Estimating with 3 factors...
Time series created: 245 periods, 13 variables
Variables: gdp, building_app, bus_conf, cons_conf, employment, exports_goods, hours_worked, imports_goods, participation, unemp_rate, exports_servs, imports_servs, household_spending
Formula: gdp ~ .

Frequency vector (4=quarterly, 12=monthly):
gdp = 4, building_app = 12, bus_conf = 12, cons_conf = 12, employment = 12, exports_goods = 12, hours_worked = 12, imports_goods = 12, participation = 12, unemp_rate = 12, exports_servs = 4, imports_servs = 4, household_spending = 12

Preprocessing with Bpanel()...
  NA.replace = FALSE (keep structural NAs)
  na.prop = 1 (don't discard any series)
  aggregate = FALSE (don't apply MA filter that creates more NAs!)

Per-series trans codes:
gdp = 7, building_app = 1, bus_conf = 2, cons_conf = 2, employment = 1, exports_goods = 1, hours_worked = 1, imports_goods = 1, participation = 2, unemp_rate = 2, exports_servs = 7, imports_servs = 7, household_spending = 1
NULL
COVID mask applied: 5 months × 13 series set to NA
Balanced panel: 257x13
Variables: gdp, building_app, bus_conf, cons_conf, employment, exports_goods, hours_worked, imports_goods, participation, unemp_rate, exports_servs, imports_servs, household_spending
Blocks structure: 13 variables × 3 factors (unrestricted)
5th iteration: 
The loglikelihood went from -510.7976 to -509.6363
10th iteration: 
The loglikelihood went from -507.27 to -506.9335
15th iteration: 
The loglikelihood went from -505.9892 to -505.8142
20th iteration: 
The loglikelihood went from -505.241 to -505.1192
25th iteration: 
The loglikelihood went from -504.6787 to -504.5756
30th iteration: 
The loglikelihood went from -504.1656 to -504.0587
35th iteration: 
The loglikelihood went from -503.5646 to -503.4097
40th iteration: 
The loglikelihood went from -502.4601 to -502.0702
45th iteration: 
The loglikelihood went from -499.9562 to -499.6207
50th iteration: 
The loglikelihood went from -499.0908 to -499.0228
✓ Model estimation complete
done.
  nowcasting... 
=== Generating GDP Nowcast ===

Target quarter: 2020 Q2
Nowcast for 2020 Q2: QoQ=+0.75%  implied level=$615,065M  YoY=+1.71%  [out (nowcast)]
done.
→ nowcast $615,065M (+0.75%)
[3/25] 2020-09-30Filtering data available as of: 2020-09-30
  → 2572 observations available across all indicators
target: 2020 Q3, periods: 248, live_indicators: 8  estimating DFM... 
=== Component-Based DFM Estimation ===

Note: Using simplified aggregate approach
(Full component-based approach to be implemented)

=== Preparing Data for DFM ===

Indicator matrix: 248 periods × 12 indicators
GDP observations: 82/248 (quarterly, ~67% NAs expected)

Indicator frequencies:
# A tibble: 12 × 3
   indicator_id       frequency freq_numeric
   <chr>              <chr>            <dbl>
 1 household_spending monthly             12
 2 cons_conf          monthly             12
 3 building_app       monthly             12
 4 bus_conf           monthly             12
 5 exports_goods      monthly             12
 6 exports_servs      quarterly            4
 7 imports_goods      monthly             12
 8 imports_servs      quarterly            4
 9 employment         monthly             12
10 unemp_rate         monthly             12
11 participation      monthly             12
12 hours_worked       monthly             12

=== Estimating Dynamic Factor Model ===

Estimating with 3 factors...
Time series created: 248 periods, 13 variables
Variables: gdp, building_app, bus_conf, cons_conf, employment, exports_goods, hours_worked, imports_goods, participation, unemp_rate, exports_servs, imports_servs, household_spending
Formula: gdp ~ .

Frequency vector (4=quarterly, 12=monthly):
gdp = 4, building_app = 12, bus_conf = 12, cons_conf = 12, employment = 12, exports_goods = 12, hours_worked = 12, imports_goods = 12, participation = 12, unemp_rate = 12, exports_servs = 4, imports_servs = 4, household_spending = 12

Preprocessing with Bpanel()...
  NA.replace = FALSE (keep structural NAs)
  na.prop = 1 (don't discard any series)
  aggregate = FALSE (don't apply MA filter that creates more NAs!)

Per-series trans codes:
gdp = 7, building_app = 1, bus_conf = 2, cons_conf = 2, employment = 1, exports_goods = 1, hours_worked = 1, imports_goods = 1, participation = 2, unemp_rate = 2, exports_servs = 7, imports_servs = 7, household_spending = 1
NULL
COVID mask applied: 5 months × 13 series set to NA
Balanced panel: 260x13
Variables: gdp, building_app, bus_conf, cons_conf, employment, exports_goods, hours_worked, imports_goods, participation, unemp_rate, exports_servs, imports_servs, household_spending
Blocks structure: 13 variables × 3 factors (unrestricted)
5th iteration: 
The loglikelihood went from -535.4613 to -534.208
10th iteration: 
The loglikelihood went from -531.466 to -531.0453
15th iteration: 
The loglikelihood went from -529.8347 to -529.6102
20th iteration: 
The loglikelihood went from -528.8963 to -528.7519
25th iteration: 
The loglikelihood went from -528.2636 to -528.1587
30th iteration: 
The loglikelihood went from -527.7828 to -527.6967
35th iteration: 
The loglikelihood went from -527.3649 to -527.282
40th iteration: 
The loglikelihood went from -526.9261 to -526.8248
45th iteration: 
The loglikelihood went from -526.2989 to -526.1131
50th iteration: 
The loglikelihood went from -524.8356 to -524.3196
55th iteration: 
The loglikelihood went from -522.6018 to -522.4458
60th iteration: 
The loglikelihood went from -522.1411 to -522.0922
✓ Model estimation complete
done.
  nowcasting... 
=== Generating GDP Nowcast ===

Target quarter: 2020 Q3
Nowcast for 2020 Q3: QoQ=+0.84%  implied level=$574,102M  YoY=-5.62%  [out (nowcast)]
done.
→ nowcast $574,102M (+0.84%)
[4/25] 2020-12-31Filtering data available as of: 2020-12-31
  → 2605 observations available across all indicators
target: 2020 Q4, periods: 251, live_indicators: 8  estimating DFM... 
=== Component-Based DFM Estimation ===

Note: Using simplified aggregate approach
(Full component-based approach to be implemented)

=== Preparing Data for DFM ===

Indicator matrix: 251 periods × 12 indicators
GDP observations: 83/251 (quarterly, ~67% NAs expected)

Indicator frequencies:
# A tibble: 12 × 3
   indicator_id       frequency freq_numeric
   <chr>              <chr>            <dbl>
 1 household_spending monthly             12
 2 cons_conf          monthly             12
 3 building_app       monthly             12
 4 bus_conf           monthly             12
 5 exports_goods      monthly             12
 6 exports_servs      quarterly            4
 7 imports_goods      monthly             12
 8 imports_servs      quarterly            4
 9 employment         monthly             12
10 unemp_rate         monthly             12
11 participation      monthly             12
12 hours_worked       monthly             12

=== Estimating Dynamic Factor Model ===

Estimating with 3 factors...
Time series created: 251 periods, 13 variables
Variables: gdp, building_app, bus_conf, cons_conf, employment, exports_goods, hours_worked, imports_goods, participation, unemp_rate, exports_servs, imports_servs, household_spending
Formula: gdp ~ .

Frequency vector (4=quarterly, 12=monthly):
gdp = 4, building_app = 12, bus_conf = 12, cons_conf = 12, employment = 12, exports_goods = 12, hours_worked = 12, imports_goods = 12, participation = 12, unemp_rate = 12, exports_servs = 4, imports_servs = 4, household_spending = 12

Preprocessing with Bpanel()...
  NA.replace = FALSE (keep structural NAs)
  na.prop = 1 (don't discard any series)
  aggregate = FALSE (don't apply MA filter that creates more NAs!)

Per-series trans codes:
gdp = 7, building_app = 1, bus_conf = 2, cons_conf = 2, employment = 1, exports_goods = 1, hours_worked = 1, imports_goods = 1, participation = 2, unemp_rate = 2, exports_servs = 7, imports_servs = 7, household_spending = 1
NULL
COVID mask applied: 5 months × 13 series set to NA
Balanced panel: 263x13
Variables: gdp, building_app, bus_conf, cons_conf, employment, exports_goods, hours_worked, imports_goods, participation, unemp_rate, exports_servs, imports_servs, household_spending
Blocks structure: 13 variables × 3 factors (unrestricted)
5th iteration: 
The loglikelihood went from -542.3591 to -540.6735
10th iteration: 
The loglikelihood went from -536.0636 to -535.1817
15th iteration: 
The loglikelihood went from -532.2317 to -531.6048
20th iteration: 
The loglikelihood went from -529.4212 to -528.9439
25th iteration: 
The loglikelihood went from -527.2582 to -526.8863
30th iteration: 
The loglikelihood went from -525.5674 to -525.2756
35th iteration: 
The loglikelihood went from -524.2374 to -524.0068
40th iteration: 
The loglikelihood went from -523.1818 to -522.9971
45th iteration: 
The loglikelihood went from -522.3284 to -522.1762
50th iteration: 
The loglikelihood went from -521.6122 to -521.4795
55th iteration: 
The loglikelihood went from -520.9618 to -520.8309
60th iteration: 
The loglikelihood went from -520.254 to -520.0828
65th iteration: 
The loglikelihood went from -519.169 to -518.8824
70th iteration: 
The loglikelihood went from -517.996 to -517.8856
✓ Model estimation complete
done.
  nowcasting... 
=== Generating GDP Nowcast ===

Target quarter: 2020 Q4
Nowcast for 2020 Q4: QoQ=+1.18%  implied level=$596,094M  YoY=-2.58%  [out (nowcast)]
done.
→ nowcast $596,094M (+1.18%)
[5/25] 2021-03-31Filtering data available as of: 2021-03-31
  → 2638 observations available across all indicators
target: 2021 Q1, periods: 254, live_indicators: 8  estimating DFM... 
=== Component-Based DFM Estimation ===

Note: Using simplified aggregate approach
(Full component-based approach to be implemented)

=== Preparing Data for DFM ===

Indicator matrix: 254 periods × 12 indicators
GDP observations: 84/254 (quarterly, ~67% NAs expected)

Indicator frequencies:
# A tibble: 12 × 3
   indicator_id       frequency freq_numeric
   <chr>              <chr>            <dbl>
 1 household_spending monthly             12
 2 cons_conf          monthly             12
 3 building_app       monthly             12
 4 bus_conf           monthly             12
 5 exports_goods      monthly             12
 6 exports_servs      quarterly            4
 7 imports_goods      monthly             12
 8 imports_servs      quarterly            4
 9 employment         monthly             12
10 unemp_rate         monthly             12
11 participation      monthly             12
12 hours_worked       monthly             12

=== Estimating Dynamic Factor Model ===

Estimating with 3 factors...
Time series created: 254 periods, 13 variables
Variables: gdp, building_app, bus_conf, cons_conf, employment, exports_goods, hours_worked, imports_goods, participation, unemp_rate, exports_servs, imports_servs, household_spending
Formula: gdp ~ .

Frequency vector (4=quarterly, 12=monthly):
gdp = 4, building_app = 12, bus_conf = 12, cons_conf = 12, employment = 12, exports_goods = 12, hours_worked = 12, imports_goods = 12, participation = 12, unemp_rate = 12, exports_servs = 4, imports_servs = 4, household_spending = 12

Preprocessing with Bpanel()...
  NA.replace = FALSE (keep structural NAs)
  na.prop = 1 (don't discard any series)
  aggregate = FALSE (don't apply MA filter that creates more NAs!)

Per-series trans codes:
gdp = 7, building_app = 1, bus_conf = 2, cons_conf = 2, employment = 1, exports_goods = 1, hours_worked = 1, imports_goods = 1, participation = 2, unemp_rate = 2, exports_servs = 7, imports_servs = 7, household_spending = 1
NULL
COVID mask applied: 5 months × 13 series set to NA
Balanced panel: 266x13
Variables: gdp, building_app, bus_conf, cons_conf, employment, exports_goods, hours_worked, imports_goods, participation, unemp_rate, exports_servs, imports_servs, household_spending
Blocks structure: 13 variables × 3 factors (unrestricted)
5th iteration: 
The loglikelihood went from -548.9834 to -547.1652
10th iteration: 
The loglikelihood went from -541.6387 to -540.4995
15th iteration: 
The loglikelihood went from -536.6544 to -535.8615
20th iteration: 
The loglikelihood went from -533.2221 to -532.6681
25th iteration: 
The loglikelihood went from -530.7576 to -530.3431
30th iteration: 
The loglikelihood went from -528.8717 to -528.5401
35th iteration: 
The loglikelihood went from -527.2827 to -526.9665
40th iteration: 
The loglikelihood went from -525.4522 to -524.9235
45th iteration: 
The loglikelihood went from -522.1071 to -521.6146
50th iteration: 
The loglikelihood went from -520.6738 to -520.5419
55th iteration: 
The loglikelihood went from -520.1425 to -520.0612
60th iteration: 
The loglikelihood went from -519.7766 to -519.7134
65th iteration: 
The loglikelihood went from -519.4841 to -519.4319
✓ Model estimation complete
done.
  nowcasting... 
=== Generating GDP Nowcast ===

Target quarter: 2021 Q1
Nowcast for 2021 Q1: QoQ=+0.86%  implied level=$614,398M  YoY=+0.64%  [out (nowcast)]
done.
→ nowcast $614,398M (+0.86%)
[6/25] 2021-06-30Filtering data available as of: 2021-06-30
  → 2671 observations available across all indicators
target: 2021 Q2, periods: 257, live_indicators: 8  estimating DFM... 
=== Component-Based DFM Estimation ===

Note: Using simplified aggregate approach
(Full component-based approach to be implemented)

=== Preparing Data for DFM ===

Indicator matrix: 257 periods × 12 indicators
GDP observations: 85/257 (quarterly, ~67% NAs expected)

Indicator frequencies:
# A tibble: 12 × 3
   indicator_id       frequency freq_numeric
   <chr>              <chr>            <dbl>
 1 household_spending monthly             12
 2 cons_conf          monthly             12
 3 building_app       monthly             12
 4 bus_conf           monthly             12
 5 exports_goods      monthly             12
 6 exports_servs      quarterly            4
 7 imports_goods      monthly             12
 8 imports_servs      quarterly            4
 9 employment         monthly             12
10 unemp_rate         monthly             12
11 participation      monthly             12
12 hours_worked       monthly             12

=== Estimating Dynamic Factor Model ===

Estimating with 3 factors...
Time series created: 257 periods, 13 variables
Variables: gdp, building_app, bus_conf, cons_conf, employment, exports_goods, hours_worked, imports_goods, participation, unemp_rate, exports_servs, imports_servs, household_spending
Formula: gdp ~ .

Frequency vector (4=quarterly, 12=monthly):
gdp = 4, building_app = 12, bus_conf = 12, cons_conf = 12, employment = 12, exports_goods = 12, hours_worked = 12, imports_goods = 12, participation = 12, unemp_rate = 12, exports_servs = 4, imports_servs = 4, household_spending = 12

Preprocessing with Bpanel()...
  NA.replace = FALSE (keep structural NAs)
  na.prop = 1 (don't discard any series)
  aggregate = FALSE (don't apply MA filter that creates more NAs!)

Per-series trans codes:
gdp = 7, building_app = 1, bus_conf = 2, cons_conf = 2, employment = 1, exports_goods = 1, hours_worked = 1, imports_goods = 1, participation = 2, unemp_rate = 2, exports_servs = 7, imports_servs = 7, household_spending = 1
NULL
COVID mask applied: 5 months × 13 series set to NA
Balanced panel: 269x13
Variables: gdp, building_app, bus_conf, cons_conf, employment, exports_goods, hours_worked, imports_goods, participation, unemp_rate, exports_servs, imports_servs, household_spending
Blocks structure: 13 variables × 3 factors (unrestricted)
5th iteration: 
The loglikelihood went from -561.1313 to -559.0748
10th iteration: 
The loglikelihood went from -552.8601 to -551.5867
15th iteration: 
The loglikelihood went from -547.114 to -546.1087
20th iteration: 
The loglikelihood went from -542.3893 to -541.5325
25th iteration: 
The loglikelihood went from -538.5155 to -537.875
30th iteration: 
The loglikelihood went from -535.6931 to -535.2243
35th iteration: 
The loglikelihood went from -533.5732 to -533.2062
40th iteration: 
The loglikelihood went from -531.8628 to -531.5464
45th iteration: 
The loglikelihood went from -530.2391 to -529.8598
50th iteration: 
The loglikelihood went from -527.3656 to -526.2288
55th iteration: 
The loglikelihood went from -522.67 to -522.3664
60th iteration: 
The loglikelihood went from -521.6965 to -521.587
65th iteration: 
The loglikelihood went from -521.2362 to -521.1626
70th iteration: 
The loglikelihood went from -520.9051 to -520.8482
✓ Model estimation complete
done.
  nowcasting... 
=== Generating GDP Nowcast ===

Target quarter: 2021 Q2
Nowcast for 2021 Q2: QoQ=+1.22%  implied level=$629,934M  YoY=+10.64%  [out (nowcast)]
done.
→ nowcast $629,934M (+1.22%)
[7/25] 2021-09-30Filtering data available as of: 2021-09-30
  → 2704 observations available across all indicators
target: 2021 Q3, periods: 260, live_indicators: 8  estimating DFM... 
=== Component-Based DFM Estimation ===

Note: Using simplified aggregate approach
(Full component-based approach to be implemented)

=== Preparing Data for DFM ===

Indicator matrix: 260 periods × 12 indicators
GDP observations: 86/260 (quarterly, ~67% NAs expected)

Indicator frequencies:
# A tibble: 12 × 3
   indicator_id       frequency freq_numeric
   <chr>              <chr>            <dbl>
 1 household_spending monthly             12
 2 cons_conf          monthly             12
 3 building_app       monthly             12
 4 bus_conf           monthly             12
 5 exports_goods      monthly             12
 6 exports_servs      quarterly            4
 7 imports_goods      monthly             12
 8 imports_servs      quarterly            4
 9 employment         monthly             12
10 unemp_rate         monthly             12
11 participation      monthly             12
12 hours_worked       monthly             12

=== Estimating Dynamic Factor Model ===

Estimating with 3 factors...
Time series created: 260 periods, 13 variables
Variables: gdp, building_app, bus_conf, cons_conf, employment, exports_goods, hours_worked, imports_goods, participation, unemp_rate, exports_servs, imports_servs, household_spending
Formula: gdp ~ .

Frequency vector (4=quarterly, 12=monthly):
gdp = 4, building_app = 12, bus_conf = 12, cons_conf = 12, employment = 12, exports_goods = 12, hours_worked = 12, imports_goods = 12, participation = 12, unemp_rate = 12, exports_servs = 4, imports_servs = 4, household_spending = 12

Preprocessing with Bpanel()...
  NA.replace = FALSE (keep structural NAs)
  na.prop = 1 (don't discard any series)
  aggregate = FALSE (don't apply MA filter that creates more NAs!)

Per-series trans codes:
gdp = 7, building_app = 1, bus_conf = 2, cons_conf = 2, employment = 1, exports_goods = 1, hours_worked = 1, imports_goods = 1, participation = 2, unemp_rate = 2, exports_servs = 7, imports_servs = 7, household_spending = 1
NULL
COVID mask applied: 5 months × 13 series set to NA
Balanced panel: 272x13
Variables: gdp, building_app, bus_conf, cons_conf, employment, exports_goods, hours_worked, imports_goods, participation, unemp_rate, exports_servs, imports_servs, household_spending
Blocks structure: 13 variables × 3 factors (unrestricted)
5th iteration: 
The loglikelihood went from -560.3109 to -558.2807
10th iteration: 
The loglikelihood went from -552.2715 to -551.0695
15th iteration: 
The loglikelihood went from -547 to -546.1253
20th iteration: 
The loglikelihood went from -542.9499 to -542.1729
25th iteration: 
The loglikelihood went from -537.8638 to -535.6928
30th iteration: 
The loglikelihood went from -526.6306 to -526.0732
35th iteration: 
The loglikelihood went from -524.8298 to -524.6124
40th iteration: 
The loglikelihood went from -523.9002 to -523.7516
45th iteration: 
The loglikelihood went from -523.244 to -523.1353
50th iteration: 
The loglikelihood went from -522.758 to -522.6759
55th iteration: 
The loglikelihood went from -522.3864 to -522.3224
60th iteration: 
The loglikelihood went from -522.0934 to -522.042
✓ Model estimation complete
done.
  nowcasting... 
=== Generating GDP Nowcast ===

Target quarter: 2021 Q3
Nowcast for 2021 Q3: QoQ=+0.06%  implied level=$627,829M  YoY=+6.57%  [out (nowcast)]
done.
→ nowcast $627,829M (+0.06%)
[8/25] 2021-12-31Filtering data available as of: 2021-12-31
  → 2737 observations available across all indicators
target: 2021 Q4, periods: 263, live_indicators: 8  estimating DFM... 
=== Component-Based DFM Estimation ===

Note: Using simplified aggregate approach
(Full component-based approach to be implemented)

=== Preparing Data for DFM ===

Indicator matrix: 263 periods × 12 indicators
GDP observations: 87/263 (quarterly, ~67% NAs expected)

Indicator frequencies:
# A tibble: 12 × 3
   indicator_id       frequency freq_numeric
   <chr>              <chr>            <dbl>
 1 household_spending monthly             12
 2 cons_conf          monthly             12
 3 building_app       monthly             12
 4 bus_conf           monthly             12
 5 exports_goods      monthly             12
 6 exports_servs      quarterly            4
 7 imports_goods      monthly             12
 8 imports_servs      quarterly            4
 9 employment         monthly             12
10 unemp_rate         monthly             12
11 participation      monthly             12
12 hours_worked       monthly             12

=== Estimating Dynamic Factor Model ===

Estimating with 3 factors...
Time series created: 263 periods, 13 variables
Variables: gdp, building_app, bus_conf, cons_conf, employment, exports_goods, hours_worked, imports_goods, participation, unemp_rate, exports_servs, imports_servs, household_spending
Formula: gdp ~ .

Frequency vector (4=quarterly, 12=monthly):
gdp = 4, building_app = 12, bus_conf = 12, cons_conf = 12, employment = 12, exports_goods = 12, hours_worked = 12, imports_goods = 12, participation = 12, unemp_rate = 12, exports_servs = 4, imports_servs = 4, household_spending = 12

Preprocessing with Bpanel()...
  NA.replace = FALSE (keep structural NAs)
  na.prop = 1 (don't discard any series)
  aggregate = FALSE (don't apply MA filter that creates more NAs!)

Per-series trans codes:
gdp = 7, building_app = 1, bus_conf = 2, cons_conf = 2, employment = 1, exports_goods = 1, hours_worked = 1, imports_goods = 1, participation = 2, unemp_rate = 2, exports_servs = 7, imports_servs = 7, household_spending = 1
NULL
COVID mask applied: 5 months × 13 series set to NA
Balanced panel: 275x13
Variables: gdp, building_app, bus_conf, cons_conf, employment, exports_goods, hours_worked, imports_goods, participation, unemp_rate, exports_servs, imports_servs, household_spending
Blocks structure: 13 variables × 3 factors (unrestricted)
5th iteration: 
The loglikelihood went from -726.4734 to -725.3546
10th iteration: 
The loglikelihood went from -722.4709 to -721.9081
15th iteration: 
The loglikelihood went from -719.9569 to -719.5234
20th iteration: 
The loglikelihood went from -717.9453 to -717.585
25th iteration: 
The loglikelihood went from -716.2652 to -715.964
30th iteration: 
The loglikelihood went from -714.864 to -714.6136
35th iteration: 
The loglikelihood went from -713.7002 to -713.4922
40th iteration: 
The loglikelihood went from -712.7323 to -712.5589
45th iteration: 
The loglikelihood went from -711.9242 to -711.779
50th iteration: 
The loglikelihood went from -711.2459 to -711.1237
55th iteration: 
The loglikelihood went from -710.6734 to -710.5697
60th iteration: 
The loglikelihood went from -710.1868 to -710.0984
65th iteration: 
The loglikelihood went from -709.7705 to -709.6944
✓ Model estimation complete
done.
  nowcasting... 
=== Generating GDP Nowcast ===

Target quarter: 2021 Q4
Nowcast for 2021 Q4: QoQ=+0.74%  implied level=$621,286M  YoY=+1.99%  [out (nowcast)]
done.
→ nowcast $621,286M (+0.74%)
[9/25] 2022-03-31Filtering data available as of: 2022-03-31
  → 2770 observations available across all indicators
target: 2022 Q1, periods: 266, live_indicators: 8  estimating DFM... 
=== Component-Based DFM Estimation ===

Note: Using simplified aggregate approach
(Full component-based approach to be implemented)

=== Preparing Data for DFM ===

Indicator matrix: 266 periods × 12 indicators
GDP observations: 88/266 (quarterly, ~67% NAs expected)

Indicator frequencies:
# A tibble: 12 × 3
   indicator_id       frequency freq_numeric
   <chr>              <chr>            <dbl>
 1 household_spending monthly             12
 2 cons_conf          monthly             12
 3 building_app       monthly             12
 4 bus_conf           monthly             12
 5 exports_goods      monthly             12
 6 exports_servs      quarterly            4
 7 imports_goods      monthly             12
 8 imports_servs      quarterly            4
 9 employment         monthly             12
10 unemp_rate         monthly             12
11 participation      monthly             12
12 hours_worked       monthly             12

=== Estimating Dynamic Factor Model ===

Estimating with 3 factors...
Time series created: 266 periods, 13 variables
Variables: gdp, building_app, bus_conf, cons_conf, employment, exports_goods, hours_worked, imports_goods, participation, unemp_rate, exports_servs, imports_servs, household_spending
Formula: gdp ~ .

Frequency vector (4=quarterly, 12=monthly):
gdp = 4, building_app = 12, bus_conf = 12, cons_conf = 12, employment = 12, exports_goods = 12, hours_worked = 12, imports_goods = 12, participation = 12, unemp_rate = 12, exports_servs = 4, imports_servs = 4, household_spending = 12

Preprocessing with Bpanel()...
  NA.replace = FALSE (keep structural NAs)
  na.prop = 1 (don't discard any series)
  aggregate = FALSE (don't apply MA filter that creates more NAs!)

Per-series trans codes:
gdp = 7, building_app = 1, bus_conf = 2, cons_conf = 2, employment = 1, exports_goods = 1, hours_worked = 1, imports_goods = 1, participation = 2, unemp_rate = 2, exports_servs = 7, imports_servs = 7, household_spending = 1
NULL
COVID mask applied: 5 months × 13 series set to NA
Balanced panel: 278x13
Variables: gdp, building_app, bus_conf, cons_conf, employment, exports_goods, hours_worked, imports_goods, participation, unemp_rate, exports_servs, imports_servs, household_spending
Blocks structure: 13 variables × 3 factors (unrestricted)
5th iteration: 
The loglikelihood went from -733.9839 to -733.1329
10th iteration: 
The loglikelihood went from -731.3836 to -731.0893
15th iteration: 
The loglikelihood went from -730.0754 to -729.8335
20th iteration: 
The loglikelihood went from -728.7889 to -728.4961
25th iteration: 
The loglikelihood went from -727.2055 to -726.8713
30th iteration: 
The loglikelihood went from -725.6586 to -725.4117
35th iteration: 
The loglikelihood went from -724.6894 to -724.5646
40th iteration: 
The loglikelihood went from -724.1974 to -724.1262
✓ Model estimation complete
done.
  nowcasting... 
=== Generating GDP Nowcast ===

Target quarter: 2022 Q1
Nowcast for 2022 Q1: QoQ=+1.21%  implied level=$646,834M  YoY=+3.93%  [out (nowcast)]
done.
→ nowcast $646,834M (+1.21%)
[10/25] 2022-06-30Filtering data available as of: 2022-06-30
  → 2803 observations available across all indicators
target: 2022 Q2, periods: 269, live_indicators: 8  estimating DFM... 
=== Component-Based DFM Estimation ===

Note: Using simplified aggregate approach
(Full component-based approach to be implemented)

=== Preparing Data for DFM ===

Indicator matrix: 269 periods × 12 indicators
GDP observations: 89/269 (quarterly, ~67% NAs expected)

Indicator frequencies:
# A tibble: 12 × 3
   indicator_id       frequency freq_numeric
   <chr>              <chr>            <dbl>
 1 household_spending monthly             12
 2 cons_conf          monthly             12
 3 building_app       monthly             12
 4 bus_conf           monthly             12
 5 exports_goods      monthly             12
 6 exports_servs      quarterly            4
 7 imports_goods      monthly             12
 8 imports_servs      quarterly            4
 9 employment         monthly             12
10 unemp_rate         monthly             12
11 participation      monthly             12
12 hours_worked       monthly             12

=== Estimating Dynamic Factor Model ===

Estimating with 3 factors...
Time series created: 269 periods, 13 variables
Variables: gdp, building_app, bus_conf, cons_conf, employment, exports_goods, hours_worked, imports_goods, participation, unemp_rate, exports_servs, imports_servs, household_spending
Formula: gdp ~ .

Frequency vector (4=quarterly, 12=monthly):
gdp = 4, building_app = 12, bus_conf = 12, cons_conf = 12, employment = 12, exports_goods = 12, hours_worked = 12, imports_goods = 12, participation = 12, unemp_rate = 12, exports_servs = 4, imports_servs = 4, household_spending = 12

Preprocessing with Bpanel()...
  NA.replace = FALSE (keep structural NAs)
  na.prop = 1 (don't discard any series)
  aggregate = FALSE (don't apply MA filter that creates more NAs!)

Per-series trans codes:
gdp = 7, building_app = 1, bus_conf = 2, cons_conf = 2, employment = 1, exports_goods = 1, hours_worked = 1, imports_goods = 1, participation = 2, unemp_rate = 2, exports_servs = 7, imports_servs = 7, household_spending = 1
NULL
COVID mask applied: 5 months × 13 series set to NA
Balanced panel: 281x13
Variables: gdp, building_app, bus_conf, cons_conf, employment, exports_goods, hours_worked, imports_goods, participation, unemp_rate, exports_servs, imports_servs, household_spending
Blocks structure: 13 variables × 3 factors (unrestricted)
5th iteration: 
The loglikelihood went from -913.9699 to -912.6926
10th iteration: 
The loglikelihood went from -908.9447 to -908.1775
15th iteration: 
The loglikelihood went from -905.9087 to -905.5167
20th iteration: 
The loglikelihood went from -904.3148 to -904.0666
25th iteration: 
The loglikelihood went from -903.1819 to -902.983
30th iteration: 
The loglikelihood went from -902.2679 to -902.1089
35th iteration: 
The loglikelihood went from -901.5483 to -901.4259
40th iteration: 
The loglikelihood went from -901.0005 to -900.9086
✓ Model estimation complete
done.
  nowcasting... 
=== Generating GDP Nowcast ===

Target quarter: 2022 Q2
Nowcast for 2022 Q2: QoQ=+0.92%  implied level=$650,948M  YoY=+3.74%  [out (nowcast)]
done.
→ nowcast $650,948M (+0.92%)
[11/25] 2022-09-30Filtering data available as of: 2022-09-30
  → 2836 observations available across all indicators
target: 2022 Q3, periods: 272, live_indicators: 8  estimating DFM... 
=== Component-Based DFM Estimation ===

Note: Using simplified aggregate approach
(Full component-based approach to be implemented)

=== Preparing Data for DFM ===

Indicator matrix: 272 periods × 12 indicators
GDP observations: 90/272 (quarterly, ~67% NAs expected)

Indicator frequencies:
# A tibble: 12 × 3
   indicator_id       frequency freq_numeric
   <chr>              <chr>            <dbl>
 1 household_spending monthly             12
 2 cons_conf          monthly             12
 3 building_app       monthly             12
 4 bus_conf           monthly             12
 5 exports_goods      monthly             12
 6 exports_servs      quarterly            4
 7 imports_goods      monthly             12
 8 imports_servs      quarterly            4
 9 employment         monthly             12
10 unemp_rate         monthly             12
11 participation      monthly             12
12 hours_worked       monthly             12

=== Estimating Dynamic Factor Model ===

Estimating with 3 factors...
Time series created: 272 periods, 13 variables
Variables: gdp, building_app, bus_conf, cons_conf, employment, exports_goods, hours_worked, imports_goods, participation, unemp_rate, exports_servs, imports_servs, household_spending
Formula: gdp ~ .

Frequency vector (4=quarterly, 12=monthly):
gdp = 4, building_app = 12, bus_conf = 12, cons_conf = 12, employment = 12, exports_goods = 12, hours_worked = 12, imports_goods = 12, participation = 12, unemp_rate = 12, exports_servs = 4, imports_servs = 4, household_spending = 12

Preprocessing with Bpanel()...
  NA.replace = FALSE (keep structural NAs)
  na.prop = 1 (don't discard any series)
  aggregate = FALSE (don't apply MA filter that creates more NAs!)

Per-series trans codes:
gdp = 7, building_app = 1, bus_conf = 2, cons_conf = 2, employment = 1, exports_goods = 1, hours_worked = 1, imports_goods = 1, participation = 2, unemp_rate = 2, exports_servs = 7, imports_servs = 7, household_spending = 1
NULL
COVID mask applied: 5 months × 13 series set to NA
Balanced panel: 284x13
Variables: gdp, building_app, bus_conf, cons_conf, employment, exports_goods, hours_worked, imports_goods, participation, unemp_rate, exports_servs, imports_servs, household_spending
Blocks structure: 13 variables × 3 factors (unrestricted)
5th iteration: 
The loglikelihood went from -725.0491 to -724.1523
10th iteration: 
The loglikelihood went from -722.0682 to -721.6588
15th iteration: 
The loglikelihood went from -720.0936 to -719.7035
20th iteration: 
The loglikelihood went from -718.1687 to -717.8083
25th iteration: 
The loglikelihood went from -716.5727 to -716.3262
30th iteration: 
The loglikelihood went from -715.5741 to -715.4325
35th iteration: 
The loglikelihood went from -714.9747 to -714.8778
40th iteration: 
The loglikelihood went from -714.5243 to -714.441
45th iteration: 
The loglikelihood went from -714.1132 to -714.0308
50th iteration: 
The loglikelihood went from -713.6845 to -713.5903
55th iteration: 
The loglikelihood went from -713.1438 to -713.0019
60th iteration: 
The loglikelihood went from -712.1212 to -711.7405
65th iteration: 
The loglikelihood went from -708.359 to -707.1749
70th iteration: 
The loglikelihood went from -705.7225 to -705.6365
✓ Model estimation complete
done.
  nowcasting... 
=== Generating GDP Nowcast ===

Target quarter: 2022 Q3
Nowcast for 2022 Q3: QoQ=+0.99%  implied level=$657,835M  YoY=+6.67%  [out (nowcast)]
done.
→ nowcast $657,835M (+0.99%)
[12/25] 2022-12-31Filtering data available as of: 2022-12-31
  → 2869 observations available across all indicators
target: 2022 Q4, periods: 275, live_indicators: 8  estimating DFM... 
=== Component-Based DFM Estimation ===

Note: Using simplified aggregate approach
(Full component-based approach to be implemented)

=== Preparing Data for DFM ===

Indicator matrix: 275 periods × 12 indicators
GDP observations: 91/275 (quarterly, ~67% NAs expected)

Indicator frequencies:
# A tibble: 12 × 3
   indicator_id       frequency freq_numeric
   <chr>              <chr>            <dbl>
 1 household_spending monthly             12
 2 cons_conf          monthly             12
 3 building_app       monthly             12
 4 bus_conf           monthly             12
 5 exports_goods      monthly             12
 6 exports_servs      quarterly            4
 7 imports_goods      monthly             12
 8 imports_servs      quarterly            4
 9 employment         monthly             12
10 unemp_rate         monthly             12
11 participation      monthly             12
12 hours_worked       monthly             12

=== Estimating Dynamic Factor Model ===

Estimating with 3 factors...
Time series created: 275 periods, 13 variables
Variables: gdp, building_app, bus_conf, cons_conf, employment, exports_goods, hours_worked, imports_goods, participation, unemp_rate, exports_servs, imports_servs, household_spending
Formula: gdp ~ .

Frequency vector (4=quarterly, 12=monthly):
gdp = 4, building_app = 12, bus_conf = 12, cons_conf = 12, employment = 12, exports_goods = 12, hours_worked = 12, imports_goods = 12, participation = 12, unemp_rate = 12, exports_servs = 4, imports_servs = 4, household_spending = 12

Preprocessing with Bpanel()...
  NA.replace = FALSE (keep structural NAs)
  na.prop = 1 (don't discard any series)
  aggregate = FALSE (don't apply MA filter that creates more NAs!)

Per-series trans codes:
gdp = 7, building_app = 1, bus_conf = 2, cons_conf = 2, employment = 1, exports_goods = 1, hours_worked = 1, imports_goods = 1, participation = 2, unemp_rate = 2, exports_servs = 7, imports_servs = 7, household_spending = 1
NULL
COVID mask applied: 5 months × 13 series set to NA
Balanced panel: 287x13
Variables: gdp, building_app, bus_conf, cons_conf, employment, exports_goods, hours_worked, imports_goods, participation, unemp_rate, exports_servs, imports_servs, household_spending
Blocks structure: 13 variables × 3 factors (unrestricted)
5th iteration: 
The loglikelihood went from -737.3517 to -736.4544
10th iteration: 
The loglikelihood went from -734.3715 to -733.9667
15th iteration: 
The loglikelihood went from -732.4023 to -732.0005
20th iteration: 
The loglikelihood went from -730.3567 to -729.9578
25th iteration: 
The loglikelihood went from -728.5724 to -728.2963
30th iteration: 
The loglikelihood went from -727.4652 to -727.3108
35th iteration: 
The loglikelihood went from -726.8103 to -726.7021
40th iteration: 
The loglikelihood went from -726.2889 to -726.1846
45th iteration: 
The loglikelihood went from -725.727 to -725.5932
50th iteration: 
The loglikelihood went from -724.8644 to -724.5896
55th iteration: 
The loglikelihood went from -722.4046 to -721.4063
60th iteration: 
The loglikelihood went from -718.7412 to -718.5999
65th iteration: 
The loglikelihood went from -718.2431 to -718.1706
✓ Model estimation complete
done.
  nowcasting... 
=== Generating GDP Nowcast ===

Target quarter: 2022 Q4
Nowcast for 2022 Q4: QoQ=+0.78%  implied level=$659,673M  YoY=+3.22%  [out (nowcast)]
done.
→ nowcast $659,673M (+0.78%)
[13/25] 2023-03-31Filtering data available as of: 2023-03-31
  → 2902 observations available across all indicators
target: 2023 Q1, periods: 278, live_indicators: 8  estimating DFM... 
=== Component-Based DFM Estimation ===

Note: Using simplified aggregate approach
(Full component-based approach to be implemented)

=== Preparing Data for DFM ===

Indicator matrix: 278 periods × 12 indicators
GDP observations: 92/278 (quarterly, ~67% NAs expected)

Indicator frequencies:
# A tibble: 12 × 3
   indicator_id       frequency freq_numeric
   <chr>              <chr>            <dbl>
 1 household_spending monthly             12
 2 cons_conf          monthly             12
 3 building_app       monthly             12
 4 bus_conf           monthly             12
 5 exports_goods      monthly             12
 6 exports_servs      quarterly            4
 7 imports_goods      monthly             12
 8 imports_servs      quarterly            4
 9 employment         monthly             12
10 unemp_rate         monthly             12
11 participation      monthly             12
12 hours_worked       monthly             12

=== Estimating Dynamic Factor Model ===

Estimating with 3 factors...
Time series created: 278 periods, 13 variables
Variables: gdp, building_app, bus_conf, cons_conf, employment, exports_goods, hours_worked, imports_goods, participation, unemp_rate, exports_servs, imports_servs, household_spending
Formula: gdp ~ .

Frequency vector (4=quarterly, 12=monthly):
gdp = 4, building_app = 12, bus_conf = 12, cons_conf = 12, employment = 12, exports_goods = 12, hours_worked = 12, imports_goods = 12, participation = 12, unemp_rate = 12, exports_servs = 4, imports_servs = 4, household_spending = 12

Preprocessing with Bpanel()...
  NA.replace = FALSE (keep structural NAs)
  na.prop = 1 (don't discard any series)
  aggregate = FALSE (don't apply MA filter that creates more NAs!)

Per-series trans codes:
gdp = 7, building_app = 1, bus_conf = 2, cons_conf = 2, employment = 1, exports_goods = 1, hours_worked = 1, imports_goods = 1, participation = 2, unemp_rate = 2, exports_servs = 7, imports_servs = 7, household_spending = 1
NULL
COVID mask applied: 5 months × 13 series set to NA
Balanced panel: 290x13
Variables: gdp, building_app, bus_conf, cons_conf, employment, exports_goods, hours_worked, imports_goods, participation, unemp_rate, exports_servs, imports_servs, household_spending
Blocks structure: 13 variables × 3 factors (unrestricted)
5th iteration: 
The loglikelihood went from -745.8283 to -744.8446
10th iteration: 
The loglikelihood went from -742.2163 to -741.632
15th iteration: 
The loglikelihood went from -739.3613 to -738.8324
20th iteration: 
The loglikelihood went from -737.0692 to -736.7335
25th iteration: 
The loglikelihood went from -735.751 to -735.5707
30th iteration: 
The loglikelihood went from -734.9799 to -734.8504
35th iteration: 
The loglikelihood went from -734.3527 to -734.2271
40th iteration: 
The loglikelihood went from -733.6783 to -733.5184
45th iteration: 
The loglikelihood went from -732.6456 to -732.315
50th iteration: 
The loglikelihood went from -729.8359 to -728.9107
55th iteration: 
The loglikelihood went from -727.0714 to -726.928
60th iteration: 
The loglikelihood went from -726.4904 to -726.3949
65th iteration: 
The loglikelihood went from -726.0399 to -725.9565
70th iteration: 
The loglikelihood went from -725.6407 to -725.5661
✓ Model estimation complete
done.
  nowcasting... 
=== Generating GDP Nowcast ===

Target quarter: 2023 Q1
Nowcast for 2023 Q1: QoQ=+0.62%  implied level=$664,014M  YoY=+2.94%  [out (nowcast)]
done.
→ nowcast $664,014M (+0.62%)
[14/25] 2023-06-30Filtering data available as of: 2023-06-30
  → 2935 observations available across all indicators
target: 2023 Q2, periods: 281, live_indicators: 8  estimating DFM... 
=== Component-Based DFM Estimation ===

Note: Using simplified aggregate approach
(Full component-based approach to be implemented)

=== Preparing Data for DFM ===

Indicator matrix: 281 periods × 12 indicators
GDP observations: 93/281 (quarterly, ~67% NAs expected)

Indicator frequencies:
# A tibble: 12 × 3
   indicator_id       frequency freq_numeric
   <chr>              <chr>            <dbl>
 1 household_spending monthly             12
 2 cons_conf          monthly             12
 3 building_app       monthly             12
 4 bus_conf           monthly             12
 5 exports_goods      monthly             12
 6 exports_servs      quarterly            4
 7 imports_goods      monthly             12
 8 imports_servs      quarterly            4
 9 employment         monthly             12
10 unemp_rate         monthly             12
11 participation      monthly             12
12 hours_worked       monthly             12

=== Estimating Dynamic Factor Model ===

Estimating with 3 factors...
Time series created: 281 periods, 13 variables
Variables: gdp, building_app, bus_conf, cons_conf, employment, exports_goods, hours_worked, imports_goods, participation, unemp_rate, exports_servs, imports_servs, household_spending
Formula: gdp ~ .

Frequency vector (4=quarterly, 12=monthly):
gdp = 4, building_app = 12, bus_conf = 12, cons_conf = 12, employment = 12, exports_goods = 12, hours_worked = 12, imports_goods = 12, participation = 12, unemp_rate = 12, exports_servs = 4, imports_servs = 4, household_spending = 12

Preprocessing with Bpanel()...
  NA.replace = FALSE (keep structural NAs)
  na.prop = 1 (don't discard any series)
  aggregate = FALSE (don't apply MA filter that creates more NAs!)

Per-series trans codes:
gdp = 7, building_app = 1, bus_conf = 2, cons_conf = 2, employment = 1, exports_goods = 1, hours_worked = 1, imports_goods = 1, participation = 2, unemp_rate = 2, exports_servs = 7, imports_servs = 7, household_spending = 1
NULL
COVID mask applied: 5 months × 13 series set to NA
Balanced panel: 293x13
Variables: gdp, building_app, bus_conf, cons_conf, employment, exports_goods, hours_worked, imports_goods, participation, unemp_rate, exports_servs, imports_servs, household_spending
Blocks structure: 13 variables × 3 factors (unrestricted)
5th iteration: 
The loglikelihood went from -755.0247 to -754.0107
10th iteration: 
The loglikelihood went from -751.0893 to -750.395
15th iteration: 
The loglikelihood went from -747.6748 to -747.0593
20th iteration: 
The loglikelihood went from -745.1365 to -744.798
25th iteration: 
The loglikelihood went from -743.8454 to -743.6725
30th iteration: 
The loglikelihood went from -743.1005 to -742.9753
35th iteration: 
The loglikelihood went from -742.5097 to -742.3992
40th iteration: 
The loglikelihood went from -741.9693 to -741.8631
45th iteration: 
The loglikelihood went from -741.4307 to -741.3174
50th iteration: 
The loglikelihood went from -740.8087 to -740.6568
55th iteration: 
The loglikelihood went from -739.805 to -739.4769
60th iteration: 
The loglikelihood went from -737.1153 to -736.3267
65th iteration: 
The loglikelihood went from -734.9104 to -734.8002
70th iteration: 
The loglikelihood went from -734.4614 to -734.3869
✓ Model estimation complete
done.
  nowcasting... 
=== Generating GDP Nowcast ===

Target quarter: 2023 Q2
Nowcast for 2023 Q2: QoQ=+0.74%  implied level=$667,989M  YoY=+2.54%  [out (nowcast)]
done.
→ nowcast $667,989M (+0.74%)
[15/25] 2023-09-30Filtering data available as of: 2023-09-30
  → 2968 observations available across all indicators
target: 2023 Q3, periods: 284, live_indicators: 8  estimating DFM... 
=== Component-Based DFM Estimation ===

Note: Using simplified aggregate approach
(Full component-based approach to be implemented)

=== Preparing Data for DFM ===

Indicator matrix: 284 periods × 12 indicators
GDP observations: 94/284 (quarterly, ~67% NAs expected)

Indicator frequencies:
# A tibble: 12 × 3
   indicator_id       frequency freq_numeric
   <chr>              <chr>            <dbl>
 1 household_spending monthly             12
 2 cons_conf          monthly             12
 3 building_app       monthly             12
 4 bus_conf           monthly             12
 5 exports_goods      monthly             12
 6 exports_servs      quarterly            4
 7 imports_goods      monthly             12
 8 imports_servs      quarterly            4
 9 employment         monthly             12
10 unemp_rate         monthly             12
11 participation      monthly             12
12 hours_worked       monthly             12

=== Estimating Dynamic Factor Model ===

Estimating with 3 factors...
Time series created: 284 periods, 13 variables
Variables: gdp, building_app, bus_conf, cons_conf, employment, exports_goods, hours_worked, imports_goods, participation, unemp_rate, exports_servs, imports_servs, household_spending
Formula: gdp ~ .

Frequency vector (4=quarterly, 12=monthly):
gdp = 4, building_app = 12, bus_conf = 12, cons_conf = 12, employment = 12, exports_goods = 12, hours_worked = 12, imports_goods = 12, participation = 12, unemp_rate = 12, exports_servs = 4, imports_servs = 4, household_spending = 12

Preprocessing with Bpanel()...
  NA.replace = FALSE (keep structural NAs)
  na.prop = 1 (don't discard any series)
  aggregate = FALSE (don't apply MA filter that creates more NAs!)

Per-series trans codes:
gdp = 7, building_app = 1, bus_conf = 2, cons_conf = 2, employment = 1, exports_goods = 1, hours_worked = 1, imports_goods = 1, participation = 2, unemp_rate = 2, exports_servs = 7, imports_servs = 7, household_spending = 1
NULL
COVID mask applied: 5 months × 13 series set to NA
Balanced panel: 296x13
Variables: gdp, building_app, bus_conf, cons_conf, employment, exports_goods, hours_worked, imports_goods, participation, unemp_rate, exports_servs, imports_servs, household_spending
Blocks structure: 13 variables × 3 factors (unrestricted)
5th iteration: 
The loglikelihood went from -769.0412 to -767.9666
10th iteration: 
The loglikelihood went from -764.6387 to -763.8268
15th iteration: 
The loglikelihood went from -760.7286 to -760.0577
20th iteration: 
The loglikelihood went from -758.0561 to -757.7155
25th iteration: 
The loglikelihood went from -756.7429 to -756.5588
30th iteration: 
The loglikelihood went from -755.926 to -755.7837
35th iteration: 
The loglikelihood went from -755.2504 to -755.124
40th iteration: 
The loglikelihood went from -754.6389 to -754.5218
45th iteration: 
The loglikelihood went from -754.0623 to -753.9482
50th iteration: 
The loglikelihood went from -753.4796 to -753.3554
55th iteration: 
The loglikelihood went from -752.7839 to -752.6074
60th iteration: 
The loglikelihood went from -751.5639 to -751.1491
65th iteration: 
The loglikelihood went from -748.6926 to -748.2095
70th iteration: 
The loglikelihood went from -747.5406 to -747.4626
✓ Model estimation complete
done.
  nowcasting... 
=== Generating GDP Nowcast ===

Target quarter: 2023 Q3
Nowcast for 2023 Q3: QoQ=+0.57%  implied level=$669,913M  YoY=+2.35%  [out (nowcast)]
done.
→ nowcast $669,913M (+0.57%)
[16/25] 2023-12-31Filtering data available as of: 2023-12-31
  → 3001 observations available across all indicators
target: 2023 Q4, periods: 287, live_indicators: 8  estimating DFM... 
=== Component-Based DFM Estimation ===

Note: Using simplified aggregate approach
(Full component-based approach to be implemented)

=== Preparing Data for DFM ===

Indicator matrix: 287 periods × 12 indicators
GDP observations: 95/287 (quarterly, ~67% NAs expected)

Indicator frequencies:
# A tibble: 12 × 3
   indicator_id       frequency freq_numeric
   <chr>              <chr>            <dbl>
 1 household_spending monthly             12
 2 cons_conf          monthly             12
 3 building_app       monthly             12
 4 bus_conf           monthly             12
 5 exports_goods      monthly             12
 6 exports_servs      quarterly            4
 7 imports_goods      monthly             12
 8 imports_servs      quarterly            4
 9 employment         monthly             12
10 unemp_rate         monthly             12
11 participation      monthly             12
12 hours_worked       monthly             12

=== Estimating Dynamic Factor Model ===

Estimating with 3 factors...
Time series created: 287 periods, 13 variables
Variables: gdp, building_app, bus_conf, cons_conf, employment, exports_goods, hours_worked, imports_goods, participation, unemp_rate, exports_servs, imports_servs, household_spending
Formula: gdp ~ .

Frequency vector (4=quarterly, 12=monthly):
gdp = 4, building_app = 12, bus_conf = 12, cons_conf = 12, employment = 12, exports_goods = 12, hours_worked = 12, imports_goods = 12, participation = 12, unemp_rate = 12, exports_servs = 4, imports_servs = 4, household_spending = 12

Preprocessing with Bpanel()...
  NA.replace = FALSE (keep structural NAs)
  na.prop = 1 (don't discard any series)
  aggregate = FALSE (don't apply MA filter that creates more NAs!)

Per-series trans codes:
gdp = 7, building_app = 1, bus_conf = 2, cons_conf = 2, employment = 1, exports_goods = 1, hours_worked = 1, imports_goods = 1, participation = 2, unemp_rate = 2, exports_servs = 7, imports_servs = 7, household_spending = 1
NULL
COVID mask applied: 5 months × 13 series set to NA
Balanced panel: 299x13
Variables: gdp, building_app, bus_conf, cons_conf, employment, exports_goods, hours_worked, imports_goods, participation, unemp_rate, exports_servs, imports_servs, household_spending
Blocks structure: 13 variables × 3 factors (unrestricted)
5th iteration: 
The loglikelihood went from -780.8478 to -779.7263
10th iteration: 
The loglikelihood went from -776.1655 to -775.3055
15th iteration: 
The loglikelihood went from -772.154 to -771.5061
20th iteration: 
The loglikelihood went from -769.6426 to -769.3293
25th iteration: 
The loglikelihood went from -768.4073 to -768.225
30th iteration: 
The loglikelihood went from -767.5797 to -767.4315
35th iteration: 
The loglikelihood went from -766.8683 to -766.7329
40th iteration: 
The loglikelihood went from -766.2025 to -766.0704
45th iteration: 
The loglikelihood went from -765.5237 to -765.3765
50th iteration: 
The loglikelihood went from -764.6757 to -764.4482
55th iteration: 
The loglikelihood went from -762.9889 to -762.3849
60th iteration: 
The loglikelihood went from -759.765 to -759.4904
65th iteration: 
The loglikelihood went from -759.0107 to -758.928
✓ Model estimation complete
done.
  nowcasting... 
=== Generating GDP Nowcast ===

Target quarter: 2023 Q4
Nowcast for 2023 Q4: QoQ=+0.48%  implied level=$672,046M  YoY=+1.83%  [out (nowcast)]
done.
→ nowcast $672,046M (+0.48%)
[17/25] 2024-03-31Filtering data available as of: 2024-03-31
  → 3034 observations available across all indicators
target: 2024 Q1, periods: 290, live_indicators: 8  estimating DFM... 
=== Component-Based DFM Estimation ===

Note: Using simplified aggregate approach
(Full component-based approach to be implemented)

=== Preparing Data for DFM ===

Indicator matrix: 290 periods × 12 indicators
GDP observations: 96/290 (quarterly, ~67% NAs expected)

Indicator frequencies:
# A tibble: 12 × 3
   indicator_id       frequency freq_numeric
   <chr>              <chr>            <dbl>
 1 household_spending monthly             12
 2 cons_conf          monthly             12
 3 building_app       monthly             12
 4 bus_conf           monthly             12
 5 exports_goods      monthly             12
 6 exports_servs      quarterly            4
 7 imports_goods      monthly             12
 8 imports_servs      quarterly            4
 9 employment         monthly             12
10 unemp_rate         monthly             12
11 participation      monthly             12
12 hours_worked       monthly             12

=== Estimating Dynamic Factor Model ===

Estimating with 3 factors...
Time series created: 290 periods, 13 variables
Variables: gdp, building_app, bus_conf, cons_conf, employment, exports_goods, hours_worked, imports_goods, participation, unemp_rate, exports_servs, imports_servs, household_spending
Formula: gdp ~ .

Frequency vector (4=quarterly, 12=monthly):
gdp = 4, building_app = 12, bus_conf = 12, cons_conf = 12, employment = 12, exports_goods = 12, hours_worked = 12, imports_goods = 12, participation = 12, unemp_rate = 12, exports_servs = 4, imports_servs = 4, household_spending = 12

Preprocessing with Bpanel()...
  NA.replace = FALSE (keep structural NAs)
  na.prop = 1 (don't discard any series)
  aggregate = FALSE (don't apply MA filter that creates more NAs!)

Per-series trans codes:
gdp = 7, building_app = 1, bus_conf = 2, cons_conf = 2, employment = 1, exports_goods = 1, hours_worked = 1, imports_goods = 1, participation = 2, unemp_rate = 2, exports_servs = 7, imports_servs = 7, household_spending = 1
NULL
COVID mask applied: 5 months × 13 series set to NA
Balanced panel: 302x13
Variables: gdp, building_app, bus_conf, cons_conf, employment, exports_goods, hours_worked, imports_goods, participation, unemp_rate, exports_servs, imports_servs, household_spending
Blocks structure: 13 variables × 3 factors (unrestricted)
5th iteration: 
The loglikelihood went from -786.2646 to -785.076
10th iteration: 
The loglikelihood went from -781.3106 to -780.4281
15th iteration: 
The loglikelihood went from -777.2961 to -776.6707
20th iteration: 
The loglikelihood went from -774.8853 to -774.5809
25th iteration: 
The loglikelihood went from -773.6568 to -773.4681
30th iteration: 
The loglikelihood went from -772.7888 to -772.6314
35th iteration: 
The loglikelihood went from -772.0332 to -771.8901
40th iteration: 
The loglikelihood went from -771.3364 to -771.2013
45th iteration: 
The loglikelihood went from -770.6616 to -770.5237
50th iteration: 
The loglikelihood went from -769.9244 to -769.7518
55th iteration: 
The loglikelihood went from -768.8272 to -768.4885
60th iteration: 
The loglikelihood went from -766.3463 to -765.7492
65th iteration: 
The loglikelihood went from -764.7297 to -764.6406
✓ Model estimation complete
done.
  nowcasting... 
=== Generating GDP Nowcast ===

Target quarter: 2024 Q1
Nowcast for 2024 Q1: QoQ=+0.70%  implied level=$673,454M  YoY=+1.56%  [out (nowcast)]
done.
→ nowcast $673,454M (+0.70%)
[18/25] 2024-06-30Filtering data available as of: 2024-06-30
  → 3067 observations available across all indicators
target: 2024 Q2, periods: 293, live_indicators: 8  estimating DFM... 
=== Component-Based DFM Estimation ===

Note: Using simplified aggregate approach
(Full component-based approach to be implemented)

=== Preparing Data for DFM ===

Indicator matrix: 293 periods × 12 indicators
GDP observations: 97/293 (quarterly, ~67% NAs expected)

Indicator frequencies:
# A tibble: 12 × 3
   indicator_id       frequency freq_numeric
   <chr>              <chr>            <dbl>
 1 household_spending monthly             12
 2 cons_conf          monthly             12
 3 building_app       monthly             12
 4 bus_conf           monthly             12
 5 exports_goods      monthly             12
 6 exports_servs      quarterly            4
 7 imports_goods      monthly             12
 8 imports_servs      quarterly            4
 9 employment         monthly             12
10 unemp_rate         monthly             12
11 participation      monthly             12
12 hours_worked       monthly             12

=== Estimating Dynamic Factor Model ===

Estimating with 3 factors...
Time series created: 293 periods, 13 variables
Variables: gdp, building_app, bus_conf, cons_conf, employment, exports_goods, hours_worked, imports_goods, participation, unemp_rate, exports_servs, imports_servs, household_spending
Formula: gdp ~ .

Frequency vector (4=quarterly, 12=monthly):
gdp = 4, building_app = 12, bus_conf = 12, cons_conf = 12, employment = 12, exports_goods = 12, hours_worked = 12, imports_goods = 12, participation = 12, unemp_rate = 12, exports_servs = 4, imports_servs = 4, household_spending = 12

Preprocessing with Bpanel()...
  NA.replace = FALSE (keep structural NAs)
  na.prop = 1 (don't discard any series)
  aggregate = FALSE (don't apply MA filter that creates more NAs!)

Per-series trans codes:
gdp = 7, building_app = 1, bus_conf = 2, cons_conf = 2, employment = 1, exports_goods = 1, hours_worked = 1, imports_goods = 1, participation = 2, unemp_rate = 2, exports_servs = 7, imports_servs = 7, household_spending = 1
NULL
COVID mask applied: 5 months × 13 series set to NA
Balanced panel: 305x13
Variables: gdp, building_app, bus_conf, cons_conf, employment, exports_goods, hours_worked, imports_goods, participation, unemp_rate, exports_servs, imports_servs, household_spending
Blocks structure: 13 variables × 3 factors (unrestricted)
5th iteration: 
The loglikelihood went from -794.8055 to -793.4992
10th iteration: 
The loglikelihood went from -789.5755 to -788.752
15th iteration: 
The loglikelihood went from -786.1543 to -785.6849
20th iteration: 
The loglikelihood went from -784.3398 to -784.0924
25th iteration: 
The loglikelihood went from -783.2705 to -783.0902
30th iteration: 
The loglikelihood went from -782.4202 to -782.2615
35th iteration: 
The loglikelihood went from -781.6448 to -781.4923
40th iteration: 
The loglikelihood went from -780.8634 to -780.6942
45th iteration: 
The loglikelihood went from -779.8798 to -779.6105
50th iteration: 
The loglikelihood went from -777.8513 to -777.1547
55th iteration: 
The loglikelihood went from -774.9149 to -774.7332
60th iteration: 
The loglikelihood went from -774.3234 to -774.2431
✓ Model estimation complete
done.
  nowcasting... 
=== Generating GDP Nowcast ===

Target quarter: 2024 Q2
Nowcast for 2024 Q2: QoQ=+0.63%  implied level=$674,597M  YoY=+1.27%  [out (nowcast)]
done.
→ nowcast $674,597M (+0.63%)
[19/25] 2024-09-30Filtering data available as of: 2024-09-30
  → 3100 observations available across all indicators
target: 2024 Q3, periods: 296, live_indicators: 8  estimating DFM... 
=== Component-Based DFM Estimation ===

Note: Using simplified aggregate approach
(Full component-based approach to be implemented)

=== Preparing Data for DFM ===

Indicator matrix: 296 periods × 12 indicators
GDP observations: 98/296 (quarterly, ~67% NAs expected)

Indicator frequencies:
# A tibble: 12 × 3
   indicator_id       frequency freq_numeric
   <chr>              <chr>            <dbl>
 1 household_spending monthly             12
 2 cons_conf          monthly             12
 3 building_app       monthly             12
 4 bus_conf           monthly             12
 5 exports_goods      monthly             12
 6 exports_servs      quarterly            4
 7 imports_goods      monthly             12
 8 imports_servs      quarterly            4
 9 employment         monthly             12
10 unemp_rate         monthly             12
11 participation      monthly             12
12 hours_worked       monthly             12

=== Estimating Dynamic Factor Model ===

Estimating with 3 factors...
Time series created: 296 periods, 13 variables
Variables: gdp, building_app, bus_conf, cons_conf, employment, exports_goods, hours_worked, imports_goods, participation, unemp_rate, exports_servs, imports_servs, household_spending
Formula: gdp ~ .

Frequency vector (4=quarterly, 12=monthly):
gdp = 4, building_app = 12, bus_conf = 12, cons_conf = 12, employment = 12, exports_goods = 12, hours_worked = 12, imports_goods = 12, participation = 12, unemp_rate = 12, exports_servs = 4, imports_servs = 4, household_spending = 12

Preprocessing with Bpanel()...
  NA.replace = FALSE (keep structural NAs)
  na.prop = 1 (don't discard any series)
  aggregate = FALSE (don't apply MA filter that creates more NAs!)

Per-series trans codes:
gdp = 7, building_app = 1, bus_conf = 2, cons_conf = 2, employment = 1, exports_goods = 1, hours_worked = 1, imports_goods = 1, participation = 2, unemp_rate = 2, exports_servs = 7, imports_servs = 7, household_spending = 1
NULL
COVID mask applied: 5 months × 13 series set to NA
Balanced panel: 308x13
Variables: gdp, building_app, bus_conf, cons_conf, employment, exports_goods, hours_worked, imports_goods, participation, unemp_rate, exports_servs, imports_servs, household_spending
Blocks structure: 13 variables × 3 factors (unrestricted)
5th iteration: 
The loglikelihood went from -804.6159 to -803.3429
10th iteration: 
The loglikelihood went from -799.5032 to -798.6838
15th iteration: 
The loglikelihood went from -796.0423 to -795.5543
20th iteration: 
The loglikelihood went from -794.1497 to -793.8934
25th iteration: 
The loglikelihood went from -793.0523 to -792.8697
30th iteration: 
The loglikelihood went from -792.1949 to -792.0357
35th iteration: 
The loglikelihood went from -791.4191 to -791.2674
40th iteration: 
The loglikelihood went from -790.6471 to -790.4823
45th iteration: 
The loglikelihood went from -789.7077 to -789.4584
50th iteration: 
The loglikelihood went from -787.8566 to -787.1946
55th iteration: 
The loglikelihood went from -784.5478 to -784.3051
60th iteration: 
The loglikelihood went from -783.8524 to -783.7701
✓ Model estimation complete
done.
  nowcasting... 
=== Generating GDP Nowcast ===

Target quarter: 2024 Q3
Nowcast for 2024 Q3: QoQ=+0.63%  implied level=$676,301M  YoY=+1.12%  [out (nowcast)]
done.
→ nowcast $676,301M (+0.63%)
[20/25] 2024-12-31Filtering data available as of: 2024-12-31
  → 3133 observations available across all indicators
target: 2024 Q4, periods: 299, live_indicators: 8  estimating DFM... 
=== Component-Based DFM Estimation ===

Note: Using simplified aggregate approach
(Full component-based approach to be implemented)

=== Preparing Data for DFM ===

Indicator matrix: 299 periods × 12 indicators
GDP observations: 99/299 (quarterly, ~67% NAs expected)

Indicator frequencies:
# A tibble: 12 × 3
   indicator_id       frequency freq_numeric
   <chr>              <chr>            <dbl>
 1 household_spending monthly             12
 2 cons_conf          monthly             12
 3 building_app       monthly             12
 4 bus_conf           monthly             12
 5 exports_goods      monthly             12
 6 exports_servs      quarterly            4
 7 imports_goods      monthly             12
 8 imports_servs      quarterly            4
 9 employment         monthly             12
10 unemp_rate         monthly             12
11 participation      monthly             12
12 hours_worked       monthly             12

=== Estimating Dynamic Factor Model ===

Estimating with 3 factors...
Time series created: 299 periods, 13 variables
Variables: gdp, building_app, bus_conf, cons_conf, employment, exports_goods, hours_worked, imports_goods, participation, unemp_rate, exports_servs, imports_servs, household_spending
Formula: gdp ~ .

Frequency vector (4=quarterly, 12=monthly):
gdp = 4, building_app = 12, bus_conf = 12, cons_conf = 12, employment = 12, exports_goods = 12, hours_worked = 12, imports_goods = 12, participation = 12, unemp_rate = 12, exports_servs = 4, imports_servs = 4, household_spending = 12

Preprocessing with Bpanel()...
  NA.replace = FALSE (keep structural NAs)
  na.prop = 1 (don't discard any series)
  aggregate = FALSE (don't apply MA filter that creates more NAs!)

Per-series trans codes:
gdp = 7, building_app = 1, bus_conf = 2, cons_conf = 2, employment = 1, exports_goods = 1, hours_worked = 1, imports_goods = 1, participation = 2, unemp_rate = 2, exports_servs = 7, imports_servs = 7, household_spending = 1
NULL
COVID mask applied: 5 months × 13 series set to NA
Balanced panel: 311x13
Variables: gdp, building_app, bus_conf, cons_conf, employment, exports_goods, hours_worked, imports_goods, participation, unemp_rate, exports_servs, imports_servs, household_spending
Blocks structure: 13 variables × 3 factors (unrestricted)
5th iteration: 
The loglikelihood went from -813.1434 to -811.8731
10th iteration: 
The loglikelihood went from -808.0481 to -807.2275
15th iteration: 
The loglikelihood went from -804.5613 to -804.0655
20th iteration: 
The loglikelihood went from -802.6398 to -802.3814
25th iteration: 
The loglikelihood went from -801.5395 to -801.3577
30th iteration: 
The loglikelihood went from -800.6856 to -800.5267
35th iteration: 
The loglikelihood went from -799.9088 to -799.7558
40th iteration: 
The loglikelihood went from -799.1237 to -798.9534
45th iteration: 
The loglikelihood went from -798.1329 to -797.861
50th iteration: 
The loglikelihood went from -796.0639 to -795.3352
55th iteration: 
The loglikelihood went from -792.9284 to -792.7417
60th iteration: 
The loglikelihood went from -792.3313 to -792.2508
✓ Model estimation complete
done.
  nowcasting... 
=== Generating GDP Nowcast ===

Target quarter: 2024 Q4
Nowcast for 2024 Q4: QoQ=+0.76%  implied level=$679,222M  YoY=+1.57%  [out (nowcast)]
done.
→ nowcast $679,222M (+0.76%)
[21/25] 2025-03-31Filtering data available as of: 2025-03-31
  → 3166 observations available across all indicators
target: 2025 Q1, periods: 302, live_indicators: 8  estimating DFM... 
=== Component-Based DFM Estimation ===

Note: Using simplified aggregate approach
(Full component-based approach to be implemented)

=== Preparing Data for DFM ===

Indicator matrix: 302 periods × 12 indicators
GDP observations: 100/302 (quarterly, ~67% NAs expected)

Indicator frequencies:
# A tibble: 12 × 3
   indicator_id       frequency freq_numeric
   <chr>              <chr>            <dbl>
 1 household_spending monthly             12
 2 cons_conf          monthly             12
 3 building_app       monthly             12
 4 bus_conf           monthly             12
 5 exports_goods      monthly             12
 6 exports_servs      quarterly            4
 7 imports_goods      monthly             12
 8 imports_servs      quarterly            4
 9 employment         monthly             12
10 unemp_rate         monthly             12
11 participation      monthly             12
12 hours_worked       monthly             12

=== Estimating Dynamic Factor Model ===

Estimating with 3 factors...
Time series created: 302 periods, 13 variables
Variables: gdp, building_app, bus_conf, cons_conf, employment, exports_goods, hours_worked, imports_goods, participation, unemp_rate, exports_servs, imports_servs, household_spending
Formula: gdp ~ .

Frequency vector (4=quarterly, 12=monthly):
gdp = 4, building_app = 12, bus_conf = 12, cons_conf = 12, employment = 12, exports_goods = 12, hours_worked = 12, imports_goods = 12, participation = 12, unemp_rate = 12, exports_servs = 4, imports_servs = 4, household_spending = 12

Preprocessing with Bpanel()...
  NA.replace = FALSE (keep structural NAs)
  na.prop = 1 (don't discard any series)
  aggregate = FALSE (don't apply MA filter that creates more NAs!)

Per-series trans codes:
gdp = 7, building_app = 1, bus_conf = 2, cons_conf = 2, employment = 1, exports_goods = 1, hours_worked = 1, imports_goods = 1, participation = 2, unemp_rate = 2, exports_servs = 7, imports_servs = 7, household_spending = 1
NULL
COVID mask applied: 5 months × 13 series set to NA
Balanced panel: 314x13
Variables: gdp, building_app, bus_conf, cons_conf, employment, exports_goods, hours_worked, imports_goods, participation, unemp_rate, exports_servs, imports_servs, household_spending
Blocks structure: 13 variables × 3 factors (unrestricted)
5th iteration: 
The loglikelihood went from -820.2961 to -819.0476
10th iteration: 
The loglikelihood went from -815.3177 to -814.518
15th iteration: 
The loglikelihood went from -811.9124 to -811.4255
✗ ERROR: Model estimation failed: error code 1 from Lapack routine 'dgesdd'
[22/25] 2025-06-30Filtering data available as of: 2025-06-30
  → 3199 observations available across all indicators
target: 2025 Q2, periods: 305, live_indicators: 8  estimating DFM... 
=== Component-Based DFM Estimation ===

Note: Using simplified aggregate approach
(Full component-based approach to be implemented)

=== Preparing Data for DFM ===

Indicator matrix: 305 periods × 12 indicators
GDP observations: 101/305 (quarterly, ~67% NAs expected)

Indicator frequencies:
# A tibble: 12 × 3
   indicator_id       frequency freq_numeric
   <chr>              <chr>            <dbl>
 1 household_spending monthly             12
 2 cons_conf          monthly             12
 3 building_app       monthly             12
 4 bus_conf           monthly             12
 5 exports_goods      monthly             12
 6 exports_servs      quarterly            4
 7 imports_goods      monthly             12
 8 imports_servs      quarterly            4
 9 employment         monthly             12
10 unemp_rate         monthly             12
11 participation      monthly             12
12 hours_worked       monthly             12

=== Estimating Dynamic Factor Model ===

Estimating with 3 factors...
Time series created: 305 periods, 13 variables
Variables: gdp, building_app, bus_conf, cons_conf, employment, exports_goods, hours_worked, imports_goods, participation, unemp_rate, exports_servs, imports_servs, household_spending
Formula: gdp ~ .

Frequency vector (4=quarterly, 12=monthly):
gdp = 4, building_app = 12, bus_conf = 12, cons_conf = 12, employment = 12, exports_goods = 12, hours_worked = 12, imports_goods = 12, participation = 12, unemp_rate = 12, exports_servs = 4, imports_servs = 4, household_spending = 12

Preprocessing with Bpanel()...
  NA.replace = FALSE (keep structural NAs)
  na.prop = 1 (don't discard any series)
  aggregate = FALSE (don't apply MA filter that creates more NAs!)

Per-series trans codes:
gdp = 7, building_app = 1, bus_conf = 2, cons_conf = 2, employment = 1, exports_goods = 1, hours_worked = 1, imports_goods = 1, participation = 2, unemp_rate = 2, exports_servs = 7, imports_servs = 7, household_spending = 1
NULL
COVID mask applied: 5 months × 13 series set to NA
Balanced panel: 317x13
Variables: gdp, building_app, bus_conf, cons_conf, employment, exports_goods, hours_worked, imports_goods, participation, unemp_rate, exports_servs, imports_servs, household_spending
Blocks structure: 13 variables × 3 factors (unrestricted)
5th iteration: 
The loglikelihood went from -829.0136 to -827.7726
10th iteration: 
The loglikelihood went from -824.0102 to -823.2007
15th iteration: 
The loglikelihood went from -820.5731 to -820.0838
20th iteration: 
The loglikelihood went from -818.6717 to -818.415
25th iteration: 
The loglikelihood went from -817.5808 to -817.4017
30th iteration: 
The loglikelihood went from -816.7476 to -816.5954
35th iteration: 
The loglikelihood went from -816.0196 to -815.8825
40th iteration: 
The loglikelihood went from -815.3544 to -815.2261
45th iteration: 
The loglikelihood went from -814.717 to -814.588
50th iteration: 
The loglikelihood went from -814.0371 to -813.8823
55th iteration: 
The loglikelihood went from -813.087 to -812.8056
60th iteration: 
The loglikelihood went from -810.849 to -810.0854
65th iteration: 
The loglikelihood went from -808.0918 to -807.9556
✓ Model estimation complete
done.
  nowcasting... 
=== Generating GDP Nowcast ===

Target quarter: 2025 Q2
Nowcast for 2025 Q2: QoQ=+0.61%  implied level=$682,976M  YoY=+1.62%  [out (nowcast)]
done.
→ nowcast $682,976M (+0.61%)
[23/25] 2025-09-30Filtering data available as of: 2025-09-30
  → 3232 observations available across all indicators
target: 2025 Q3, periods: 308, live_indicators: 8  estimating DFM... 
=== Component-Based DFM Estimation ===

Note: Using simplified aggregate approach
(Full component-based approach to be implemented)

=== Preparing Data for DFM ===

Indicator matrix: 308 periods × 12 indicators
GDP observations: 102/308 (quarterly, ~67% NAs expected)

Indicator frequencies:
# A tibble: 12 × 3
   indicator_id       frequency freq_numeric
   <chr>              <chr>            <dbl>
 1 household_spending monthly             12
 2 cons_conf          monthly             12
 3 building_app       monthly             12
 4 bus_conf           monthly             12
 5 exports_goods      monthly             12
 6 exports_servs      quarterly            4
 7 imports_goods      monthly             12
 8 imports_servs      quarterly            4
 9 employment         monthly             12
10 unemp_rate         monthly             12
11 participation      monthly             12
12 hours_worked       monthly             12

=== Estimating Dynamic Factor Model ===

Estimating with 3 factors...
Time series created: 308 periods, 13 variables
Variables: gdp, building_app, bus_conf, cons_conf, employment, exports_goods, hours_worked, imports_goods, participation, unemp_rate, exports_servs, imports_servs, household_spending
Formula: gdp ~ .

Frequency vector (4=quarterly, 12=monthly):
gdp = 4, building_app = 12, bus_conf = 12, cons_conf = 12, employment = 12, exports_goods = 12, hours_worked = 12, imports_goods = 12, participation = 12, unemp_rate = 12, exports_servs = 4, imports_servs = 4, household_spending = 12

Preprocessing with Bpanel()...
  NA.replace = FALSE (keep structural NAs)
  na.prop = 1 (don't discard any series)
  aggregate = FALSE (don't apply MA filter that creates more NAs!)

Per-series trans codes:
gdp = 7, building_app = 1, bus_conf = 2, cons_conf = 2, employment = 1, exports_goods = 1, hours_worked = 1, imports_goods = 1, participation = 2, unemp_rate = 2, exports_servs = 7, imports_servs = 7, household_spending = 1
NULL
COVID mask applied: 5 months × 13 series set to NA
Balanced panel: 320x13
Variables: gdp, building_app, bus_conf, cons_conf, employment, exports_goods, hours_worked, imports_goods, participation, unemp_rate, exports_servs, imports_servs, household_spending
Blocks structure: 13 variables × 3 factors (unrestricted)
5th iteration: 
The loglikelihood went from -838.6318 to -837.4241
10th iteration: 
The loglikelihood went from -833.7826 to -832.984
15th iteration: 
The loglikelihood went from -830.3035 to -829.7861
20th iteration: 
The loglikelihood went from -828.2768 to -828.005
25th iteration: 
The loglikelihood went from -827.1387 to -826.9554
30th iteration: 
The loglikelihood went from -826.2854 to -826.1282
35th iteration: 
The loglikelihood went from -825.5226 to -825.3747
40th iteration: 
The loglikelihood went from -824.781 to -824.6281
45th iteration: 
The loglikelihood went from -823.9551 to -823.7575
50th iteration: 
The loglikelihood went from -822.6515 to -822.2205
55th iteration: 
The loglikelihood went from -819.2373 to -818.4381
60th iteration: 
The loglikelihood went from -817.293 to -817.1838
65th iteration: 
The loglikelihood went from -816.824 to -816.7432
✓ Model estimation complete
done.
  nowcasting... 
=== Generating GDP Nowcast ===

Target quarter: 2025 Q3
Nowcast for 2025 Q3: QoQ=+0.73%  implied level=$690,396M  YoY=+2.41%  [out (nowcast)]
done.
→ nowcast $690,396M (+0.73%)
[24/25] 2025-12-31Filtering data available as of: 2025-12-31
  → 3265 observations available across all indicators
target: 2025 Q4, periods: 311, live_indicators: 8  estimating DFM... 
=== Component-Based DFM Estimation ===

Note: Using simplified aggregate approach
(Full component-based approach to be implemented)

=== Preparing Data for DFM ===

Indicator matrix: 311 periods × 12 indicators
GDP observations: 103/311 (quarterly, ~67% NAs expected)

Indicator frequencies:
# A tibble: 12 × 3
   indicator_id       frequency freq_numeric
   <chr>              <chr>            <dbl>
 1 household_spending monthly             12
 2 cons_conf          monthly             12
 3 building_app       monthly             12
 4 bus_conf           monthly             12
 5 exports_goods      monthly             12
 6 exports_servs      quarterly            4
 7 imports_goods      monthly             12
 8 imports_servs      quarterly            4
 9 employment         monthly             12
10 unemp_rate         monthly             12
11 participation      monthly             12
12 hours_worked       monthly             12

=== Estimating Dynamic Factor Model ===

Estimating with 3 factors...
Time series created: 311 periods, 13 variables
Variables: gdp, building_app, bus_conf, cons_conf, employment, exports_goods, hours_worked, imports_goods, participation, unemp_rate, exports_servs, imports_servs, household_spending
Formula: gdp ~ .

Frequency vector (4=quarterly, 12=monthly):
gdp = 4, building_app = 12, bus_conf = 12, cons_conf = 12, employment = 12, exports_goods = 12, hours_worked = 12, imports_goods = 12, participation = 12, unemp_rate = 12, exports_servs = 4, imports_servs = 4, household_spending = 12

Preprocessing with Bpanel()...
  NA.replace = FALSE (keep structural NAs)
  na.prop = 1 (don't discard any series)
  aggregate = FALSE (don't apply MA filter that creates more NAs!)

Per-series trans codes:
gdp = 7, building_app = 1, bus_conf = 2, cons_conf = 2, employment = 1, exports_goods = 1, hours_worked = 1, imports_goods = 1, participation = 2, unemp_rate = 2, exports_servs = 7, imports_servs = 7, household_spending = 1
NULL
COVID mask applied: 5 months × 13 series set to NA
Balanced panel: 323x13
Variables: gdp, building_app, bus_conf, cons_conf, employment, exports_goods, hours_worked, imports_goods, participation, unemp_rate, exports_servs, imports_servs, household_spending
Blocks structure: 13 variables × 3 factors (unrestricted)
5th iteration: 
The loglikelihood went from -844.7265 to -843.5132
10th iteration: 
The loglikelihood went from -839.8809 to -839.0964
15th iteration: 
The loglikelihood went from -836.5075 to -836.0154
20th iteration: 
The loglikelihood went from -834.5815 to -834.3208
25th iteration: 
The loglikelihood went from -833.478 to -833.2975
30th iteration: 
The loglikelihood went from -832.6353 to -832.48
35th iteration: 
The loglikelihood went from -831.8849 to -831.741
40th iteration: 
The loglikelihood went from -831.1738 to -831.0318
45th iteration: 
The loglikelihood went from -830.4386 to -830.277
50th iteration: 
The loglikelihood went from -829.4895 to -829.2256
55th iteration: 
The loglikelihood went from -827.437 to -826.6746
60th iteration: 
The loglikelihood went from -823.8812 to -823.6657
65th iteration: 
The loglikelihood went from -823.2253 to -823.1404
✓ Model estimation complete
done.
  nowcasting... 
=== Generating GDP Nowcast ===

Target quarter: 2025 Q4
Nowcast for 2025 Q4: QoQ=+0.62%  implied level=$692,281M  YoY=+2.25%  [out (nowcast)]
done.
→ nowcast $692,281M (+0.62%)
[25/25] 2026-03-31Filtering data available as of: 2026-03-31
  → 3298 observations available across all indicators
target: 2026 Q1, periods: 314, live_indicators: 8  estimating DFM... 
=== Component-Based DFM Estimation ===

Note: Using simplified aggregate approach
(Full component-based approach to be implemented)

=== Preparing Data for DFM ===

Indicator matrix: 314 periods × 12 indicators
GDP observations: 104/314 (quarterly, ~67% NAs expected)

Indicator frequencies:
# A tibble: 12 × 3
   indicator_id       frequency freq_numeric
   <chr>              <chr>            <dbl>
 1 household_spending monthly             12
 2 cons_conf          monthly             12
 3 building_app       monthly             12
 4 bus_conf           monthly             12
 5 exports_goods      monthly             12
 6 exports_servs      quarterly            4
 7 imports_goods      monthly             12
 8 imports_servs      quarterly            4
 9 employment         monthly             12
10 unemp_rate         monthly             12
11 participation      monthly             12
12 hours_worked       monthly             12

=== Estimating Dynamic Factor Model ===

Estimating with 3 factors...
Time series created: 314 periods, 13 variables
Variables: gdp, building_app, bus_conf, cons_conf, employment, exports_goods, hours_worked, imports_goods, participation, unemp_rate, exports_servs, imports_servs, household_spending
Formula: gdp ~ .

Frequency vector (4=quarterly, 12=monthly):
gdp = 4, building_app = 12, bus_conf = 12, cons_conf = 12, employment = 12, exports_goods = 12, hours_worked = 12, imports_goods = 12, participation = 12, unemp_rate = 12, exports_servs = 4, imports_servs = 4, household_spending = 12

Preprocessing with Bpanel()...
  NA.replace = FALSE (keep structural NAs)
  na.prop = 1 (don't discard any series)
  aggregate = FALSE (don't apply MA filter that creates more NAs!)

Per-series trans codes:
gdp = 7, building_app = 1, bus_conf = 2, cons_conf = 2, employment = 1, exports_goods = 1, hours_worked = 1, imports_goods = 1, participation = 2, unemp_rate = 2, exports_servs = 7, imports_servs = 7, household_spending = 1
NULL
COVID mask applied: 5 months × 13 series set to NA
Balanced panel: 326x13
Variables: gdp, building_app, bus_conf, cons_conf, employment, exports_goods, hours_worked, imports_goods, participation, unemp_rate, exports_servs, imports_servs, household_spending
Blocks structure: 13 variables × 3 factors (unrestricted)
5th iteration: 
The loglikelihood went from -854.8336 to -853.6419
10th iteration: 
The loglikelihood went from -850.0709 to -849.2923
15th iteration: 
The loglikelihood went from -846.683 to -846.1784
20th iteration: 
The loglikelihood went from -844.7005 to -844.4334
25th iteration: 
The loglikelihood went from -843.5828 to -843.4034
30th iteration: 
The loglikelihood went from -842.7512 to -842.5993
35th iteration: 
The loglikelihood went from -842.0212 to -841.8825
40th iteration: 
The loglikelihood went from -841.3431 to -841.2106
45th iteration: 
The loglikelihood went from -840.6772 to -840.5395
50th iteration: 
The loglikelihood went from -839.9342 to -839.7572
55th iteration: 
The loglikelihood went from -838.7809 to -838.4072
60th iteration: 
The loglikelihood went from -835.736 to -834.891
65th iteration: 
The loglikelihood went from -833.509 to -833.4007
✓ Model estimation complete
done.
  nowcasting... 
=== Generating GDP Nowcast ===

Target quarter: 2026 Q1
Nowcast for 2026 Q1: QoQ=+0.80%  implied level=$699,574M  YoY=+3.05%  [out (nowcast)]
done.
→ nowcast $699,574M (+0.80%)

=== Accuracy metrics ===
# A tibble: 10 × 2
   metric                        value
   <chr>                         <dbl>
 1 n_forecasts                  24    
 2 mae_millions               6333.   
 3 rmse_millions             11390.   
 4 mape_pct                      1.04 
 5 mean_bias_millions         1431.   
 6 median_abs_error_millions  2497.   
 7 correlation_level             0.940
 8 mae_qoq_pp                    1.02 
 9 rmse_qoq_pp                   1.87 
10 hit_rate_direction_pct       83.3  

Results saved to experimental/backtest_output_baseline/r3
Report saved: experimental/backtest_output_baseline/r3/backtest_report.md

!!! r = 3 FAILED: object 'summaries' not found
    (continuing to next r; this r is dropped from the comparison)


########## r = 4 ##########

=== DFM Configuration ===
Number of factors: 4
VAR order: 1
EM max iterations: 100
EM tolerance: 1e-04

========================================
  NOWCAST MODEL BACKTESTING
========================================

Period: 2020-01-01 to 2026-03-31Frequency: quarterlyModel: 4-factor DFM
Using wide format from master dataset list

Backtest dates: 25 iterations
[1/25] 2020-03-31Filtering data available as of: 2020-03-31
  → 2506 observations available across all indicators
target: 2020 Q1, periods: 242, live_indicators: 8  estimating DFM... 
=== Component-Based DFM Estimation ===

Note: Using simplified aggregate approach
(Full component-based approach to be implemented)

=== Preparing Data for DFM ===

Indicator matrix: 242 periods × 12 indicators
GDP observations: 80/242 (quarterly, ~67% NAs expected)

Indicator frequencies:
# A tibble: 12 × 3
   indicator_id       frequency freq_numeric
   <chr>              <chr>            <dbl>
 1 household_spending monthly             12
 2 cons_conf          monthly             12
 3 building_app       monthly             12
 4 bus_conf           monthly             12
 5 exports_goods      monthly             12
 6 exports_servs      quarterly            4
 7 imports_goods      monthly             12
 8 imports_servs      quarterly            4
 9 employment         monthly             12
10 unemp_rate         monthly             12
11 participation      monthly             12
12 hours_worked       monthly             12

=== Estimating Dynamic Factor Model ===

Estimating with 4 factors...
Time series created: 242 periods, 13 variables
Variables: gdp, building_app, bus_conf, cons_conf, employment, exports_goods, hours_worked, imports_goods, participation, unemp_rate, exports_servs, imports_servs, household_spending
Formula: gdp ~ .

Frequency vector (4=quarterly, 12=monthly):
gdp = 4, building_app = 12, bus_conf = 12, cons_conf = 12, employment = 12, exports_goods = 12, hours_worked = 12, imports_goods = 12, participation = 12, unemp_rate = 12, exports_servs = 4, imports_servs = 4, household_spending = 12

Preprocessing with Bpanel()...
  NA.replace = FALSE (keep structural NAs)
  na.prop = 1 (don't discard any series)
  aggregate = FALSE (don't apply MA filter that creates more NAs!)

Per-series trans codes:
gdp = 7, building_app = 1, bus_conf = 2, cons_conf = 2, employment = 1, exports_goods = 1, hours_worked = 1, imports_goods = 1, participation = 2, unemp_rate = 2, exports_servs = 7, imports_servs = 7, household_spending = 1
NULL
COVID mask applied: 5 months × 13 series set to NA
Balanced panel: 254x13
Variables: gdp, building_app, bus_conf, cons_conf, employment, exports_goods, hours_worked, imports_goods, participation, unemp_rate, exports_servs, imports_servs, household_spending
Blocks structure: 13 variables × 4 factors (unrestricted)
5th iteration: 
The loglikelihood went from -504.2992 to -503.0176
10th iteration: 
The loglikelihood went from -500.5487 to -500.188
15th iteration: 
The loglikelihood went from -499.1396 to -498.94
20th iteration: 
The loglikelihood went from -498.2805 to -498.1403
25th iteration: 
The loglikelihood went from -497.6399 to -497.5256
30th iteration: 
The loglikelihood went from -497.092 to -496.9867
35th iteration: 
The loglikelihood went from -496.5605 to -496.449
40th iteration: 
The loglikelihood went from -495.9481 to -495.7983
45th iteration: 
The loglikelihood went from -494.9602 to -494.641
50th iteration: 
The loglikelihood went from -492.6099 to -492.0841
55th iteration: 
The loglikelihood went from -491.1455 to -491.0384
60th iteration: 
The loglikelihood went from -490.6969 to -490.623
65th iteration: 
The loglikelihood went from -490.3559 to -490.295
70th iteration: 
The loglikelihood went from -490.0694 to -490.0168
✓ Model estimation complete
done.
  nowcasting... 
=== Generating GDP Nowcast ===

Target quarter: 2020 Q1
Nowcast for 2020 Q1: QoQ=+0.70%  implied level=$616,124M  YoY=+2.20%  [out (nowcast)]
done.
→ nowcast $616,124M (+0.70%)
[2/25] 2020-06-30Filtering data available as of: 2020-06-30
  → 2539 observations available across all indicators
target: 2020 Q2, periods: 245, live_indicators: 8  estimating DFM... 
=== Component-Based DFM Estimation ===

Note: Using simplified aggregate approach
(Full component-based approach to be implemented)

=== Preparing Data for DFM ===

Indicator matrix: 245 periods × 12 indicators
GDP observations: 81/245 (quarterly, ~67% NAs expected)

Indicator frequencies:
# A tibble: 12 × 3
   indicator_id       frequency freq_numeric
   <chr>              <chr>            <dbl>
 1 household_spending monthly             12
 2 cons_conf          monthly             12
 3 building_app       monthly             12
 4 bus_conf           monthly             12
 5 exports_goods      monthly             12
 6 exports_servs      quarterly            4
 7 imports_goods      monthly             12
 8 imports_servs      quarterly            4
 9 employment         monthly             12
10 unemp_rate         monthly             12
11 participation      monthly             12
12 hours_worked       monthly             12

=== Estimating Dynamic Factor Model ===

Estimating with 4 factors...
Time series created: 245 periods, 13 variables
Variables: gdp, building_app, bus_conf, cons_conf, employment, exports_goods, hours_worked, imports_goods, participation, unemp_rate, exports_servs, imports_servs, household_spending
Formula: gdp ~ .

Frequency vector (4=quarterly, 12=monthly):
gdp = 4, building_app = 12, bus_conf = 12, cons_conf = 12, employment = 12, exports_goods = 12, hours_worked = 12, imports_goods = 12, participation = 12, unemp_rate = 12, exports_servs = 4, imports_servs = 4, household_spending = 12

Preprocessing with Bpanel()...
  NA.replace = FALSE (keep structural NAs)
  na.prop = 1 (don't discard any series)
  aggregate = FALSE (don't apply MA filter that creates more NAs!)

Per-series trans codes:
gdp = 7, building_app = 1, bus_conf = 2, cons_conf = 2, employment = 1, exports_goods = 1, hours_worked = 1, imports_goods = 1, participation = 2, unemp_rate = 2, exports_servs = 7, imports_servs = 7, household_spending = 1
NULL
COVID mask applied: 5 months × 13 series set to NA
Balanced panel: 257x13
Variables: gdp, building_app, bus_conf, cons_conf, employment, exports_goods, hours_worked, imports_goods, participation, unemp_rate, exports_servs, imports_servs, household_spending
Blocks structure: 13 variables × 4 factors (unrestricted)
5th iteration: 
The loglikelihood went from -504.083 to -502.7889
10th iteration: 
The loglikelihood went from -500.2753 to -499.9067
15th iteration: 
The loglikelihood went from -498.8364 to -498.633
20th iteration: 
The loglikelihood went from -497.9635 to -497.8218
25th iteration: 
The loglikelihood went from -497.3184 to -497.2041
30th iteration: 
The loglikelihood went from -496.7731 to -496.6692
35th iteration: 
The loglikelihood went from -496.2525 to -496.1448
40th iteration: 
The loglikelihood went from -495.669 to -495.5301
45th iteration: 
The loglikelihood went from -494.7811 to -494.5055
50th iteration: 
The loglikelihood went from -492.6687 to -492.0879
55th iteration: 
The loglikelihood went from -490.8799 to -490.7583
60th iteration: 
The loglikelihood went from -490.3937 to -490.3164
65th iteration: 
The loglikelihood went from -490.0384 to -489.9751
70th iteration: 
The loglikelihood went from -489.7419 to -489.6877
75th iteration: 
The loglikelihood went from -489.4833 to -489.4348
✓ Model estimation complete
done.
  nowcasting... 
=== Generating GDP Nowcast ===

Target quarter: 2020 Q2
Nowcast for 2020 Q2: QoQ=+0.72%  implied level=$614,882M  YoY=+1.68%  [out (nowcast)]
done.
→ nowcast $614,882M (+0.72%)
[3/25] 2020-09-30Filtering data available as of: 2020-09-30
  → 2572 observations available across all indicators
target: 2020 Q3, periods: 248, live_indicators: 8  estimating DFM... 
=== Component-Based DFM Estimation ===

Note: Using simplified aggregate approach
(Full component-based approach to be implemented)

=== Preparing Data for DFM ===

Indicator matrix: 248 periods × 12 indicators
GDP observations: 82/248 (quarterly, ~67% NAs expected)

Indicator frequencies:
# A tibble: 12 × 3
   indicator_id       frequency freq_numeric
   <chr>              <chr>            <dbl>
 1 household_spending monthly             12
 2 cons_conf          monthly             12
 3 building_app       monthly             12
 4 bus_conf           monthly             12
 5 exports_goods      monthly             12
 6 exports_servs      quarterly            4
 7 imports_goods      monthly             12
 8 imports_servs      quarterly            4
 9 employment         monthly             12
10 unemp_rate         monthly             12
11 participation      monthly             12
12 hours_worked       monthly             12

=== Estimating Dynamic Factor Model ===

Estimating with 4 factors...
Time series created: 248 periods, 13 variables
Variables: gdp, building_app, bus_conf, cons_conf, employment, exports_goods, hours_worked, imports_goods, participation, unemp_rate, exports_servs, imports_servs, household_spending
Formula: gdp ~ .

Frequency vector (4=quarterly, 12=monthly):
gdp = 4, building_app = 12, bus_conf = 12, cons_conf = 12, employment = 12, exports_goods = 12, hours_worked = 12, imports_goods = 12, participation = 12, unemp_rate = 12, exports_servs = 4, imports_servs = 4, household_spending = 12

Preprocessing with Bpanel()...
  NA.replace = FALSE (keep structural NAs)
  na.prop = 1 (don't discard any series)
  aggregate = FALSE (don't apply MA filter that creates more NAs!)

Per-series trans codes:
gdp = 7, building_app = 1, bus_conf = 2, cons_conf = 2, employment = 1, exports_goods = 1, hours_worked = 1, imports_goods = 1, participation = 2, unemp_rate = 2, exports_servs = 7, imports_servs = 7, household_spending = 1
NULL
COVID mask applied: 5 months × 13 series set to NA
Balanced panel: 260x13
Variables: gdp, building_app, bus_conf, cons_conf, employment, exports_goods, hours_worked, imports_goods, participation, unemp_rate, exports_servs, imports_servs, household_spending
Blocks structure: 13 variables × 4 factors (unrestricted)
5th iteration: 
The loglikelihood went from -529.1377 to -527.6779
10th iteration: 
The loglikelihood went from -524.5192 to -524.0078
15th iteration: 
The loglikelihood went from -522.444 to -522.1352
20th iteration: 
The loglikelihood went from -521.1035 to -520.8845
25th iteration: 
The loglikelihood went from -520.1168 to -519.9463
30th iteration: 
The loglikelihood went from -519.3239 to -519.1794
35th iteration: 
The loglikelihood went from -518.6248 to -518.4884
40th iteration: 
The loglikelihood went from -517.9278 to -517.7785
45th iteration: 
The loglikelihood went from -517.0917 to -516.8817
50th iteration: 
The loglikelihood went from -515.6891 to -515.2466
55th iteration: 
The loglikelihood went from -513.1303 to -512.7708
60th iteration: 
The loglikelihood went from -512.0007 to -511.8632
65th iteration: 
The loglikelihood went from -511.3628 to -511.2451
70th iteration: 
The loglikelihood went from -510.7927 to -510.6832
75th iteration: 
The loglikelihood went from -510.2547 to -510.1493
80th iteration: 
The loglikelihood went from -509.7311 to -509.6269
85th iteration: 
The loglikelihood went from -509.209 to -509.104
90th iteration: 
The loglikelihood went from -508.6806 to -508.5738
95th iteration: 
The loglikelihood went from -508.1426 to -508.0339
100th iteration: 
The loglikelihood went from -507.5958 to -507.4857
105th iteration: 
The loglikelihood went from -507.0439 to -506.9334
110th iteration: 
The loglikelihood went from -506.4921 to -506.3822
115th iteration: 
The loglikelihood went from -505.9454 to -505.837
120th iteration: 
The loglikelihood went from -505.4078 to -505.3016
125th iteration: 
The loglikelihood went from -504.8818 to -504.7781
130th iteration: 
The loglikelihood went from -504.3683 to -504.2671
135th iteration: 
The loglikelihood went from -503.8671 to -503.7682
140th iteration: 
The loglikelihood went from -503.377 to -503.2801
145th iteration: 
The loglikelihood went from -502.8966 to -502.8016
150th iteration: 
The loglikelihood went from -502.4252 to -502.332
155th iteration: 
The loglikelihood went from -501.9637 to -501.8728
160th iteration: 
The loglikelihood went from -501.5146 to -501.4266
165th iteration: 
The loglikelihood went from -501.0815 to -500.9971
170th iteration: 
The loglikelihood went from -500.6672 to -500.5867
175th iteration: 
The loglikelihood went from -500.2714 to -500.1941
180th iteration: 
The loglikelihood went from -499.8891 to -499.8135
185th iteration: 
The loglikelihood went from -499.5103 to -499.4338
190th iteration: 
The loglikelihood went from -499.1199 to -499.0388
195th iteration: 
The loglikelihood went from -498.6968 to -498.6058
200th iteration: 
The loglikelihood went from -498.2098 to -498.1007
205th iteration: 
The loglikelihood went from -497.6072 to -497.4656
210th iteration: 
The loglikelihood went from -496.7927 to -496.5898
215th iteration: 
The loglikelihood went from -495.5699 to -495.247
220th iteration: 
The loglikelihood went from -493.5775 to -493.0532
225th iteration: 
The loglikelihood went from -490.5501 to -489.8367
230th iteration: 
The loglikelihood went from -486.616 to -485.6938
235th iteration: 
The loglikelihood went from -481.3038 to -479.9805
240th iteration: 
The loglikelihood went from -473.5774 to -471.7789
245th iteration: 
The loglikelihood went from -465.6227 to -464.5876
250th iteration: 
The loglikelihood went from -461.8901 to -461.4125
255th iteration: 
The loglikelihood went from -459.8209 to -459.4731
260th iteration: 
The loglikelihood went from -458.1989 to -457.9026
265th iteration: 
The loglikelihood went from -456.7823 to -456.516
270th iteration: 
The loglikelihood went from -455.4959 to -455.251
275th iteration: 
The loglikelihood went from -454.3072 to -454.0795
280th iteration: 
The loglikelihood went from -453.1988 to -452.9857
285th iteration: 
The loglikelihood went from -452.1598 to -451.9596
290th iteration: 
The loglikelihood went from -451.1827 to -450.9941
295th iteration: 
The loglikelihood went from -450.2618 to -450.0839
300th iteration: 
The loglikelihood went from -449.3926 to -449.2246
305th iteration: 
The loglikelihood went from -448.5713 to -448.4124
310th iteration: 
The loglikelihood went from -447.7943 to -447.6439
315th iteration: 
The loglikelihood went from -447.0586 to -446.9161
320th iteration: 
The loglikelihood went from -446.3612 to -446.2261
325th iteration: 
The loglikelihood went from -445.6994 to -445.5711
330th iteration: 
The loglikelihood went from -445.0708 to -444.9488
335th iteration: 
The loglikelihood went from -444.4729 to -444.3568
340th iteration: 
The loglikelihood went from -443.9036 to -443.7929
345th iteration: 
The loglikelihood went from -443.3606 to -443.255
350th iteration: 
The loglikelihood went from -442.8422 to -442.7413
355th iteration: 
The loglikelihood went from -442.3463 to -442.2497
360th iteration: 
The loglikelihood went from -441.8713 to -441.7786
365th iteration: 
The loglikelihood went from -441.4153 to -441.3263
370th iteration: 
The loglikelihood went from -440.9769 to -440.8911
375th iteration: 
The loglikelihood went from -440.5543 to -440.4716
380th iteration: 
The loglikelihood went from -440.1461 to -440.0661
385th iteration: 
The loglikelihood went from -439.7509 to -439.6733
390th iteration: 
The loglikelihood went from -439.3673 to -439.2919
395th iteration: 
The loglikelihood went from -438.9942 to -438.9208
400th iteration: 
The loglikelihood went from -438.6307 to -438.5591
405th iteration: 
The loglikelihood went from -438.2761 to -438.2063
410th iteration: 
The loglikelihood went from -437.9303 to -437.8622
415th iteration: 
The loglikelihood went from -437.5934 to -437.5272
420th iteration: 
The loglikelihood went from -437.2661 to -437.2018
425th iteration: 
The loglikelihood went from -436.9492 to -436.8872
430th iteration: 
The loglikelihood went from -436.6438 to -436.5841
435th iteration: 
The loglikelihood went from -436.3504 to -436.2933
440th iteration: 
The loglikelihood went from -436.0696 to -436.0149
445th iteration: 
The loglikelihood went from -435.801 to -435.7488
450th iteration: 
The loglikelihood went from -435.5442 to -435.4942
455th iteration: 
The loglikelihood went from -435.2982 to -435.2502
460th iteration: 
The loglikelihood went from -435.0622 to -435.0161
465th iteration: 
The loglikelihood went from -434.8351 to -434.7907
✓ Model estimation complete
done.
  nowcasting... 
=== Generating GDP Nowcast ===

Target quarter: 2020 Q3
Nowcast for 2020 Q3: QoQ=+0.89%  implied level=$574,407M  YoY=-5.57%  [out (nowcast)]
done.
→ nowcast $574,407M (+0.89%)
[4/25] 2020-12-31Filtering data available as of: 2020-12-31
  → 2605 observations available across all indicators
target: 2020 Q4, periods: 251, live_indicators: 8  estimating DFM... 
=== Component-Based DFM Estimation ===

Note: Using simplified aggregate approach
(Full component-based approach to be implemented)

=== Preparing Data for DFM ===

Indicator matrix: 251 periods × 12 indicators
GDP observations: 83/251 (quarterly, ~67% NAs expected)

Indicator frequencies:
# A tibble: 12 × 3
   indicator_id       frequency freq_numeric
   <chr>              <chr>            <dbl>
 1 household_spending monthly             12
 2 cons_conf          monthly             12
 3 building_app       monthly             12
 4 bus_conf           monthly             12
 5 exports_goods      monthly             12
 6 exports_servs      quarterly            4
 7 imports_goods      monthly             12
 8 imports_servs      quarterly            4
 9 employment         monthly             12
10 unemp_rate         monthly             12
11 participation      monthly             12
12 hours_worked       monthly             12

=== Estimating Dynamic Factor Model ===

Estimating with 4 factors...
Time series created: 251 periods, 13 variables
Variables: gdp, building_app, bus_conf, cons_conf, employment, exports_goods, hours_worked, imports_goods, participation, unemp_rate, exports_servs, imports_servs, household_spending
Formula: gdp ~ .

Frequency vector (4=quarterly, 12=monthly):
gdp = 4, building_app = 12, bus_conf = 12, cons_conf = 12, employment = 12, exports_goods = 12, hours_worked = 12, imports_goods = 12, participation = 12, unemp_rate = 12, exports_servs = 4, imports_servs = 4, household_spending = 12

Preprocessing with Bpanel()...
  NA.replace = FALSE (keep structural NAs)
  na.prop = 1 (don't discard any series)
  aggregate = FALSE (don't apply MA filter that creates more NAs!)

Per-series trans codes:
gdp = 7, building_app = 1, bus_conf = 2, cons_conf = 2, employment = 1, exports_goods = 1, hours_worked = 1, imports_goods = 1, participation = 2, unemp_rate = 2, exports_servs = 7, imports_servs = 7, household_spending = 1
NULL
COVID mask applied: 5 months × 13 series set to NA
Balanced panel: 263x13
Variables: gdp, building_app, bus_conf, cons_conf, employment, exports_goods, hours_worked, imports_goods, participation, unemp_rate, exports_servs, imports_servs, household_spending
Blocks structure: 13 variables × 4 factors (unrestricted)
5th iteration: 
The loglikelihood went from -539.8216 to -537.8651
10th iteration: 
The loglikelihood went from -532.8532 to -531.9025
15th iteration: 
The loglikelihood went from -528.6766 to -527.98
20th iteration: 
The loglikelihood went from -525.5366 to -525.0029
25th iteration: 
The loglikelihood went from -523.1323 to -522.7228
30th iteration: 
The loglikelihood went from -521.2736 to -520.952
35th iteration: 
The loglikelihood went from -519.7971 to -519.537
40th iteration: 
The loglikelihood went from -518.5887 to -518.3717
45th iteration: 
The loglikelihood went from -517.5678 to -517.3805
50th iteration: 
The loglikelihood went from -516.6739 to -516.506
55th iteration: 
The loglikelihood went from -515.8584 to -515.7007
60th iteration: 
The loglikelihood went from -515.0737 to -514.9154
65th iteration: 
The loglikelihood went from -514.2528 to -514.0743
70th iteration: 
The loglikelihood went from -513.2504 to -513.0016
75th iteration: 
The loglikelihood went from -511.7573 to -511.4109
80th iteration: 
The loglikelihood went from -510.3423 to -510.1627
85th iteration: 
The loglikelihood went from -509.5709 to -509.4352
90th iteration: 
The loglikelihood went from -508.8995 to -508.7653
95th iteration: 
The loglikelihood went from -508.2227 to -508.0853
100th iteration: 
The loglikelihood went from -507.5285 to -507.3876
105th iteration: 
The loglikelihood went from -506.8175 to -506.6736
110th iteration: 
The loglikelihood went from -506.094 to -505.9484
115th iteration: 
The loglikelihood went from -505.3645 to -505.2185
120th iteration: 
The loglikelihood went from -504.636 to -504.491
125th iteration: 
The loglikelihood went from -503.9151 to -503.7724
130th iteration: 
The loglikelihood went from -503.2074 to -503.0679
135th iteration: 
The loglikelihood went from -502.5169 to -502.381
140th iteration: 
The loglikelihood went from -501.8453 to -501.7132
145th iteration: 
The loglikelihood went from -501.1919 to -501.0631
150th iteration: 
The loglikelihood went from -500.553 to -500.4265
155th iteration: 
The loglikelihood went from -499.9216 to -499.7953
160th iteration: 
The loglikelihood went from -499.286 to -499.157
165th iteration: 
The loglikelihood went from -498.6292 to -498.4933
170th iteration: 
The loglikelihood went from -497.926 to -497.7768
175th iteration: 
The loglikelihood went from -497.1385 to -496.9661
180th iteration: 
The loglikelihood went from -496.206 to -495.9942
185th iteration: 
The loglikelihood went from -495.0269 to -494.7476
190th iteration: 
The loglikelihood went from -493.4212 to -493.0235
195th iteration: 
The loglikelihood went from -491.0534 to -490.439
200th iteration: 
The loglikelihood went from -487.2714 to -486.2579
205th iteration: 
The loglikelihood went from -481.2527 to -479.8715
210th iteration: 
The loglikelihood went from -475.2366 to -474.4062
215th iteration: 
The loglikelihood went from -471.7454 to -471.1239
220th iteration: 
The loglikelihood went from -468.3596 to -467.5258
225th iteration: 
The loglikelihood went from -463.0586 to -461.6286
230th iteration: 
The loglikelihood went from -456.2201 to -455.1817
235th iteration: 
The loglikelihood went from -451.8186 to -451.1006
240th iteration: 
The loglikelihood went from -448.5611 to -447.9951
245th iteration: 
The loglikelihood went from -445.9305 to -445.453
250th iteration: 
The loglikelihood went from -443.6385 to -443.2001
255th iteration: 
The loglikelihood went from -441.4583 to -441.0175
260th iteration: 
The loglikelihood went from -439.1775 to -438.6876
265th iteration: 
The loglikelihood went from -436.5361 to -435.939
270th iteration: 
The loglikelihood went from -433.3003 to -432.5988
275th iteration: 
The loglikelihood went from -429.9785 to -429.4486
280th iteration: 
The loglikelihood went from -427.9834 to -427.7371
285th iteration: 
The loglikelihood went from -426.9407 to -426.7647
290th iteration: 
The loglikelihood went from -426.1021 to -425.9445
295th iteration: 
The loglikelihood went from -425.3405 to -425.1956
300th iteration: 
The loglikelihood went from -424.6375 to -424.5031
305th iteration: 
The loglikelihood went from -423.984 to -423.8585
310th iteration: 
The loglikelihood went from -423.373 to -423.2555
315th iteration: 
The loglikelihood went from -422.7993 to -422.6886
320th iteration: 
The loglikelihood went from -422.2584 to -422.1538
325th iteration: 
The loglikelihood went from -421.7467 to -421.6475
330th iteration: 
The loglikelihood went from -421.2612 to -421.167
335th iteration: 
The loglikelihood went from -420.7994 to -420.7097
340th iteration: 
The loglikelihood went from -420.3591 to -420.2735
345th iteration: 
The loglikelihood went from -419.9386 to -419.8568
350th iteration: 
The loglikelihood went from -419.5363 to -419.4579
355th iteration: 
The loglikelihood went from -419.1507 to -419.0755
360th iteration: 
The loglikelihood went from -418.7806 to -418.7084
365th iteration: 
The loglikelihood went from -418.425 to -418.3555
370th iteration: 
The loglikelihood went from -418.0828 to -418.0159
375th iteration: 
The loglikelihood went from -417.7532 to -417.6887
380th iteration: 
The loglikelihood went from -417.4354 to -417.3731
385th iteration: 
The loglikelihood went from -417.1284 to -417.0683
390th iteration: 
The loglikelihood went from -416.8318 to -416.7736
395th iteration: 
The loglikelihood went from -416.5446 to -416.4883
400th iteration: 
The loglikelihood went from -416.2664 to -416.2117
405th iteration: 
The loglikelihood went from -415.9963 to -415.9433
410th iteration: 
The loglikelihood went from -415.7339 to -415.6822
415th iteration: 
The loglikelihood went from -415.4784 to -415.4281
420th iteration: 
The loglikelihood went from -415.2292 to -415.1801
425th iteration: 
The loglikelihood went from -414.9858 to -414.9377
430th iteration: 
The loglikelihood went from -414.7475 to -414.7003
435th iteration: 
The loglikelihood went from -414.5136 to -414.4673
440th iteration: 
The loglikelihood went from -414.2836 to -414.2381
445th iteration: 
The loglikelihood went from -414.0569 to -414.0119
450th iteration: 
The loglikelihood went from -413.8329 to -413.7884
455th iteration: 
The loglikelihood went from -413.611 to -413.5668
460th iteration: 
The loglikelihood went from -413.3907 to -413.3468
465th iteration: 
The loglikelihood went from -413.1714 to -413.1277
470th iteration: 
The loglikelihood went from -412.9528 to -412.9091
475th iteration: 
The loglikelihood went from -412.7345 to -412.6908
480th iteration: 
The loglikelihood went from -412.5162 to -412.4726
485th iteration: 
The loglikelihood went from -412.2979 to -412.2542
490th iteration: 
The loglikelihood went from -412.0796 to -412.036
495th iteration: 
The loglikelihood went from -411.8615 to -411.818
✓ Model estimation complete
done.
  nowcasting... 
=== Generating GDP Nowcast ===

Target quarter: 2020 Q4
Nowcast for 2020 Q4: QoQ=+1.04%  implied level=$595,241M  YoY=-2.71%  [out (nowcast)]
done.
→ nowcast $595,241M (+1.04%)
[5/25] 2021-03-31Filtering data available as of: 2021-03-31
  → 2638 observations available across all indicators
target: 2021 Q1, periods: 254, live_indicators: 8  estimating DFM... 
=== Component-Based DFM Estimation ===

Note: Using simplified aggregate approach
(Full component-based approach to be implemented)

=== Preparing Data for DFM ===

Indicator matrix: 254 periods × 12 indicators
GDP observations: 84/254 (quarterly, ~67% NAs expected)

Indicator frequencies:
# A tibble: 12 × 3
   indicator_id       frequency freq_numeric
   <chr>              <chr>            <dbl>
 1 household_spending monthly             12
 2 cons_conf          monthly             12
 3 building_app       monthly             12
 4 bus_conf           monthly             12
 5 exports_goods      monthly             12
 6 exports_servs      quarterly            4
 7 imports_goods      monthly             12
 8 imports_servs      quarterly            4
 9 employment         monthly             12
10 unemp_rate         monthly             12
11 participation      monthly             12
12 hours_worked       monthly             12

=== Estimating Dynamic Factor Model ===

Estimating with 4 factors...
Time series created: 254 periods, 13 variables
Variables: gdp, building_app, bus_conf, cons_conf, employment, exports_goods, hours_worked, imports_goods, participation, unemp_rate, exports_servs, imports_servs, household_spending
Formula: gdp ~ .

Frequency vector (4=quarterly, 12=monthly):
gdp = 4, building_app = 12, bus_conf = 12, cons_conf = 12, employment = 12, exports_goods = 12, hours_worked = 12, imports_goods = 12, participation = 12, unemp_rate = 12, exports_servs = 4, imports_servs = 4, household_spending = 12

Preprocessing with Bpanel()...
  NA.replace = FALSE (keep structural NAs)
  na.prop = 1 (don't discard any series)
  aggregate = FALSE (don't apply MA filter that creates more NAs!)

Per-series trans codes:
gdp = 7, building_app = 1, bus_conf = 2, cons_conf = 2, employment = 1, exports_goods = 1, hours_worked = 1, imports_goods = 1, participation = 2, unemp_rate = 2, exports_servs = 7, imports_servs = 7, household_spending = 1
NULL
COVID mask applied: 5 months × 13 series set to NA
Balanced panel: 266x13
Variables: gdp, building_app, bus_conf, cons_conf, employment, exports_goods, hours_worked, imports_goods, participation, unemp_rate, exports_servs, imports_servs, household_spending
Blocks structure: 13 variables × 4 factors (unrestricted)
5th iteration: 
The loglikelihood went from -553.164 to -551.1747
10th iteration: 
The loglikelihood went from -545.6636 to -544.5483
15th iteration: 
The loglikelihood went from -540.6252 to -539.7533
20th iteration: 
The loglikelihood went from -536.6915 to -536.0356
25th iteration: 
The loglikelihood went from -533.7872 to -533.3017
30th iteration: 
The loglikelihood went from -531.5789 to -531.1925
35th iteration: 
The loglikelihood went from -529.7776 to -529.4506
40th iteration: 
The loglikelihood went from -528.2205 to -527.9283
45th iteration: 
The loglikelihood went from -526.7978 to -526.5206
50th iteration: 
The loglikelihood went from -525.3984 to -525.1051
55th iteration: 
The loglikelihood went from -523.7595 to -523.3362
60th iteration: 
The loglikelihood went from -520.8523 to -520.0985
65th iteration: 
The loglikelihood went from -518.2487 to -517.9958
70th iteration: 
The loglikelihood went from -517.2151 to -517.0479
75th iteration: 
The loglikelihood went from -516.4277 to -516.2812
80th iteration: 
The loglikelihood went from -515.7199 to -515.585
85th iteration: 
The loglikelihood went from -515.0631 to -514.9368
90th iteration: 
The loglikelihood went from -514.4458 to -514.3264
95th iteration: 
The loglikelihood went from -513.8607 to -513.7471
100th iteration: 
The loglikelihood went from -513.3029 to -513.1943
105th iteration: 
The loglikelihood went from -512.7689 to -512.6647
110th iteration: 
The loglikelihood went from -512.2556 to -512.1551
115th iteration: 
The loglikelihood went from -511.7597 to -511.6624
120th iteration: 
The loglikelihood went from -511.2783 to -511.1835
125th iteration: 
The loglikelihood went from -510.8083 to -510.7155
130th iteration: 
The loglikelihood went from -510.3477 to -510.2565
135th iteration: 
The loglikelihood went from -509.8951 to -509.8055
140th iteration: 
The loglikelihood went from -509.4505 to -509.3626
145th iteration: 
The loglikelihood went from -509.0146 to -508.9285
150th iteration: 
The loglikelihood went from -508.5879 to -508.5037
155th iteration: 
The loglikelihood went from -508.1708 to -508.0885
160th iteration: 
The loglikelihood went from -507.7626 to -507.6819
165th iteration: 
The loglikelihood went from -507.362 to -507.2826
170th iteration: 
The loglikelihood went from -506.9667 to -506.888
175th iteration: 
The loglikelihood went from -506.574 to -506.4955
180th iteration: 
The loglikelihood went from -506.1809 to -506.1019
185th iteration: 
The loglikelihood went from -505.7837 to -505.7034
190th iteration: 
The loglikelihood went from -505.3779 to -505.2952
195th iteration: 
The loglikelihood went from -504.9576 to -504.8712
200th iteration: 
The loglikelihood went from -504.514 to -504.4214
205th iteration: 
The loglikelihood went from -504.0325 to -503.9297
210th iteration: 
The loglikelihood went from -503.4877 to -503.3676
215th iteration: 
The loglikelihood went from -502.8332 to -502.6825
220th iteration: 
The loglikelihood went from -501.9811 to -501.7741
225th iteration: 
The loglikelihood went from -500.7581 to -500.4428
230th iteration: 
The loglikelihood went from -498.812 to -498.2841
235th iteration: 
The loglikelihood went from -495.5005 to -494.6151
240th iteration: 
The loglikelihood went from -490.5164 to -489.4651
245th iteration: 
The loglikelihood went from -485.7011 to -484.8428
250th iteration: 
The loglikelihood went from -481.2193 to -480.1957
255th iteration: 
The loglikelihood went from -475.6693 to -474.5383
260th iteration: 
The loglikelihood went from -470.5646 to -469.7042
265th iteration: 
The loglikelihood went from -466.6457 to -465.9628
270th iteration: 
The loglikelihood went from -463.5017 to -462.9454
275th iteration: 
The loglikelihood went from -460.9095 to -460.4411
280th iteration: 
The loglikelihood went from -458.6974 to -458.2897
285th iteration: 
The loglikelihood went from -456.7526 to -456.3893
290th iteration: 
The loglikelihood went from -455.0077 to -454.6788
295th iteration: 
The loglikelihood went from -453.422 to -453.1215
300th iteration: 
The loglikelihood went from -451.9696 to -451.6935
305th iteration: 
The loglikelihood went from -450.633 to -450.3784
310th iteration: 
The loglikelihood went from -449.3992 to -449.1639
315th iteration: 
The loglikelihood went from -448.2582 to -448.0403
320th iteration: 
The loglikelihood went from -447.2013 to -446.9993
325th iteration: 
The loglikelihood went from -446.2209 to -446.0334
330th iteration: 
The loglikelihood went from -445.3101 to -445.1357
335th iteration: 
The loglikelihood went from -444.4624 to -444.2999
340th iteration: 
The loglikelihood went from -443.6716 to -443.5197
345th iteration: 
The loglikelihood went from -442.9316 to -442.7891
350th iteration: 
The loglikelihood went from -442.2362 to -442.102
355th iteration: 
The loglikelihood went from -441.5795 to -441.4522
360th iteration: 
The loglikelihood went from -440.9548 to -440.8331
365th iteration: 
The loglikelihood went from -440.3551 to -440.2374
370th iteration: 
The loglikelihood went from -439.7721 to -439.6566
375th iteration: 
The loglikelihood went from -439.1957 to -439.0801
380th iteration: 
The loglikelihood went from -438.6125 to -438.4935
385th iteration: 
The loglikelihood went from -438.0036 to -437.8765
390th iteration: 
The loglikelihood went from -437.34 to -437.197
395th iteration: 
The loglikelihood went from -436.5741 to -436.4023
400th iteration: 
The loglikelihood went from -435.6236 to -435.4002
405th iteration: 
The loglikelihood went from -434.3462 to -434.0337
410th iteration: 
The loglikelihood went from -432.5406 to -432.1049
415th iteration: 
The loglikelihood went from -430.2234 to -429.7675
420th iteration: 
The loglikelihood went from -428.3778 to -428.1661
425th iteration: 
The loglikelihood went from -427.6849 to -427.6125
430th iteration: 
The loglikelihood went from -427.3769 to -427.3241
435th iteration: 
The loglikelihood went from -427.1232 to -427.075
440th iteration: 
The loglikelihood went from -426.8884 to -426.8431
445th iteration: 
The loglikelihood went from -426.6669 to -426.624
✓ Model estimation complete
done.
  nowcasting... 
=== Generating GDP Nowcast ===

Target quarter: 2021 Q1
Nowcast for 2021 Q1: QoQ=+0.91%  implied level=$614,744M  YoY=+0.69%  [out (nowcast)]
done.
→ nowcast $614,744M (+0.91%)
[6/25] 2021-06-30Filtering data available as of: 2021-06-30
  → 2671 observations available across all indicators
target: 2021 Q2, periods: 257, live_indicators: 8  estimating DFM... 
=== Component-Based DFM Estimation ===

Note: Using simplified aggregate approach
(Full component-based approach to be implemented)

=== Preparing Data for DFM ===

Indicator matrix: 257 periods × 12 indicators
GDP observations: 85/257 (quarterly, ~67% NAs expected)

Indicator frequencies:
# A tibble: 12 × 3
   indicator_id       frequency freq_numeric
   <chr>              <chr>            <dbl>
 1 household_spending monthly             12
 2 cons_conf          monthly             12
 3 building_app       monthly             12
 4 bus_conf           monthly             12
 5 exports_goods      monthly             12
 6 exports_servs      quarterly            4
 7 imports_goods      monthly             12
 8 imports_servs      quarterly            4
 9 employment         monthly             12
10 unemp_rate         monthly             12
11 participation      monthly             12
12 hours_worked       monthly             12

=== Estimating Dynamic Factor Model ===

Estimating with 4 factors...
Time series created: 257 periods, 13 variables
Variables: gdp, building_app, bus_conf, cons_conf, employment, exports_goods, hours_worked, imports_goods, participation, unemp_rate, exports_servs, imports_servs, household_spending
Formula: gdp ~ .

Frequency vector (4=quarterly, 12=monthly):
gdp = 4, building_app = 12, bus_conf = 12, cons_conf = 12, employment = 12, exports_goods = 12, hours_worked = 12, imports_goods = 12, participation = 12, unemp_rate = 12, exports_servs = 4, imports_servs = 4, household_spending = 12

Preprocessing with Bpanel()...
  NA.replace = FALSE (keep structural NAs)
  na.prop = 1 (don't discard any series)
  aggregate = FALSE (don't apply MA filter that creates more NAs!)

Per-series trans codes:
gdp = 7, building_app = 1, bus_conf = 2, cons_conf = 2, employment = 1, exports_goods = 1, hours_worked = 1, imports_goods = 1, participation = 2, unemp_rate = 2, exports_servs = 7, imports_servs = 7, household_spending = 1
NULL
COVID mask applied: 5 months × 13 series set to NA
Balanced panel: 269x13
Variables: gdp, building_app, bus_conf, cons_conf, employment, exports_goods, hours_worked, imports_goods, participation, unemp_rate, exports_servs, imports_servs, household_spending
Blocks structure: 13 variables × 4 factors (unrestricted)
5th iteration: 
The loglikelihood went from -560.1373 to -557.9022
10th iteration: 
The loglikelihood went from -551.6236 to -550.3387
15th iteration: 
The loglikelihood went from -545.7694 to -544.7322
20th iteration: 
The loglikelihood went from -540.885 to -540.0019
25th iteration: 
The loglikelihood went from -536.883 to -536.2085
30th iteration: 
The loglikelihood went from -533.8426 to -533.3176
35th iteration: 
The loglikelihood went from -531.4132 to -530.9781
40th iteration: 
The loglikelihood went from -529.3683 to -528.9945
45th iteration: 
The loglikelihood went from -527.5929 to -527.2624
50th iteration: 
The loglikelihood went from -525.9896 to -525.6747
55th iteration: 
The loglikelihood went from -524.312 to -523.8998
60th iteration: 
The loglikelihood went from -521.1767 to -520.0417
65th iteration: 
The loglikelihood went from -516.9355 to -516.6335
70th iteration: 
The loglikelihood went from -515.8565 to -515.7103
75th iteration: 
The loglikelihood went from -515.1998 to -515.084
80th iteration: 
The loglikelihood went from -514.6492 to -514.5461
85th iteration: 
The loglikelihood went from -514.1499 to -514.0543
90th iteration: 
The loglikelihood went from -513.6823 to -513.5916
95th iteration: 
The loglikelihood went from -513.2358 to -513.1485
100th iteration: 
The loglikelihood went from -512.8041 to -512.7191
105th iteration: 
The loglikelihood went from -512.3831 to -512.3
110th iteration: 
The loglikelihood went from -511.9706 to -511.889
115th iteration: 
The loglikelihood went from -511.5655 to -511.4854
120th iteration: 
The loglikelihood went from -511.1675 to -511.0888
125th iteration: 
The loglikelihood went from -510.777 to -510.6998
130th iteration: 
The loglikelihood went from -510.3944 to -510.3188
135th iteration: 
The loglikelihood went from -510.0204 to -509.9466
140th iteration: 
The loglikelihood went from -509.6555 to -509.5837
145th iteration: 
The loglikelihood went from -509.3002 to -509.2303
150th iteration: 
The loglikelihood went from -508.9547 to -508.8868
155th iteration: 
The loglikelihood went from -508.6191 to -508.5532
160th iteration: 
The loglikelihood went from -508.2936 to -508.2297
165th iteration: 
The loglikelihood went from -507.9784 to -507.9166
170th iteration: 
The loglikelihood went from -507.6738 to -507.6142
175th iteration: 
The loglikelihood went from -507.38 to -507.3225
180th iteration: 
The loglikelihood went from -507.097 to -507.0417
185th iteration: 
The loglikelihood went from -506.8246 to -506.7713
190th iteration: 
The loglikelihood went from -506.5621 to -506.5107
✓ Model estimation complete
done.
  nowcasting... 
=== Generating GDP Nowcast ===

Target quarter: 2021 Q2
Nowcast for 2021 Q2: QoQ=+1.35%  implied level=$630,747M  YoY=+10.78%  [out (nowcast)]
done.
→ nowcast $630,747M (+1.35%)
[7/25] 2021-09-30Filtering data available as of: 2021-09-30
  → 2704 observations available across all indicators
target: 2021 Q3, periods: 260, live_indicators: 8  estimating DFM... 
=== Component-Based DFM Estimation ===

Note: Using simplified aggregate approach
(Full component-based approach to be implemented)

=== Preparing Data for DFM ===

Indicator matrix: 260 periods × 12 indicators
GDP observations: 86/260 (quarterly, ~67% NAs expected)

Indicator frequencies:
# A tibble: 12 × 3
   indicator_id       frequency freq_numeric
   <chr>              <chr>            <dbl>
 1 household_spending monthly             12
 2 cons_conf          monthly             12
 3 building_app       monthly             12
 4 bus_conf           monthly             12
 5 exports_goods      monthly             12
 6 exports_servs      quarterly            4
 7 imports_goods      monthly             12
 8 imports_servs      quarterly            4
 9 employment         monthly             12
10 unemp_rate         monthly             12
11 participation      monthly             12
12 hours_worked       monthly             12

=== Estimating Dynamic Factor Model ===

Estimating with 4 factors...
Time series created: 260 periods, 13 variables
Variables: gdp, building_app, bus_conf, cons_conf, employment, exports_goods, hours_worked, imports_goods, participation, unemp_rate, exports_servs, imports_servs, household_spending
Formula: gdp ~ .

Frequency vector (4=quarterly, 12=monthly):
gdp = 4, building_app = 12, bus_conf = 12, cons_conf = 12, employment = 12, exports_goods = 12, hours_worked = 12, imports_goods = 12, participation = 12, unemp_rate = 12, exports_servs = 4, imports_servs = 4, household_spending = 12

Preprocessing with Bpanel()...
  NA.replace = FALSE (keep structural NAs)
  na.prop = 1 (don't discard any series)
  aggregate = FALSE (don't apply MA filter that creates more NAs!)

Per-series trans codes:
gdp = 7, building_app = 1, bus_conf = 2, cons_conf = 2, employment = 1, exports_goods = 1, hours_worked = 1, imports_goods = 1, participation = 2, unemp_rate = 2, exports_servs = 7, imports_servs = 7, household_spending = 1
NULL
COVID mask applied: 5 months × 13 series set to NA
Balanced panel: 272x13
Variables: gdp, building_app, bus_conf, cons_conf, employment, exports_goods, hours_worked, imports_goods, participation, unemp_rate, exports_servs, imports_servs, household_spending
Blocks structure: 13 variables × 4 factors (unrestricted)
5th iteration: 
The loglikelihood went from -558.5426 to -556.4362
10th iteration: 
The loglikelihood went from -550.5633 to -549.3927
15th iteration: 
The loglikelihood went from -545.4505 to -544.6193
20th iteration: 
The loglikelihood went from -541.7782 to -541.171
25th iteration: 
The loglikelihood went from -539.0627 to -538.6022
30th iteration: 
The loglikelihood went from -536.9523 to -536.5763
35th iteration: 
The loglikelihood went from -535.1466 to -534.794
40th iteration: 
The loglikelihood went from -533.2694 to -532.8147
45th iteration: 
The loglikelihood went from -529.7796 to -528.1625
50th iteration: 
The loglikelihood went from -519.5707 to -518.9648
55th iteration: 
The loglikelihood went from -517.6909 to -517.4606
60th iteration: 
The loglikelihood went from -516.6389 to -516.4493
65th iteration: 
The loglikelihood went from -515.7365 to -515.5685
70th iteration: 
The loglikelihood went from -514.9323 to -514.7817
75th iteration: 
The loglikelihood went from -514.2101 to -514.0743
80th iteration: 
The loglikelihood went from -513.5572 to -513.4338
85th iteration: 
The loglikelihood went from -512.9615 to -512.8482
90th iteration: 
The loglikelihood went from -512.4123 to -512.3072
95th iteration: 
The loglikelihood went from -511.9007 to -511.8023
100th iteration: 
The loglikelihood went from -511.4199 to -511.3269
105th iteration: 
The loglikelihood went from -510.9641 to -510.8756
110th iteration: 
The loglikelihood went from -510.5293 to -510.4446
115th iteration: 
The loglikelihood went from -510.1125 to -510.0312
120th iteration: 
The loglikelihood went from -509.7119 to -509.6335
125th iteration: 
The loglikelihood went from -509.3258 to -509.2502
130th iteration: 
The loglikelihood went from -508.9527 to -508.8795
135th iteration: 
The loglikelihood went from -508.5909 to -508.5196
140th iteration: 
The loglikelihood went from -508.2378 to -508.1679
145th iteration: 
The loglikelihood went from -507.8903 to -507.8212
150th iteration: 
The loglikelihood went from -507.5448 to -507.4756
155th iteration: 
The loglikelihood went from -507.1972 to -507.127
160th iteration: 
The loglikelihood went from -506.843 to -506.7709
165th iteration: 
The loglikelihood went from -506.4772 to -506.4022
170th iteration: 
The loglikelihood went from -506.0934 to -506.0137
175th iteration: 
The loglikelihood went from -505.6802 to -505.5922
180th iteration: 
The loglikelihood went from -505.2127 to -505.1085
185th iteration: 
The loglikelihood went from -504.6298 to -504.488
190th iteration: 
The loglikelihood went from -503.7604 to -503.5178
195th iteration: 
The loglikelihood went from -502.1031 to -501.5993
200th iteration: 
The loglikelihood went from -499.1724 to -498.6401
205th iteration: 
The loglikelihood went from -497.3662 to -497.1705
210th iteration: 
The loglikelihood went from -496.5215 to -496.3777
215th iteration: 
The loglikelihood went from -495.8475 to -495.7236
220th iteration: 
The loglikelihood went from -495.2511 to -495.1371
225th iteration: 
The loglikelihood went from -494.6875 to -494.5752
230th iteration: 
The loglikelihood went from -494.1163 to -493.9974
235th iteration: 
The loglikelihood went from -493.4929 to -493.3571
240th iteration: 
The loglikelihood went from -492.7561 to -492.5874
245th iteration: 
The loglikelihood went from -491.805 to -491.5746
250th iteration: 
The loglikelihood went from -490.4438 to -490.0914
255th iteration: 
The loglikelihood went from -488.2379 to -487.6216
260th iteration: 
The loglikelihood went from -484.1694 to -482.9838
265th iteration: 
The loglikelihood went from -476.9115 to -475.275
270th iteration: 
The loglikelihood went from -470.2737 to -469.4654
275th iteration: 
The loglikelihood went from -467.1206 to -466.6485
280th iteration: 
The loglikelihood went from -464.9442 to -464.5478
285th iteration: 
The loglikelihood went from -463.0376 to -462.6757
290th iteration: 
The loglikelihood went from -461.2813 to -460.945
295th iteration: 
The loglikelihood went from -459.6467 to -459.3335
300th iteration: 
The loglikelihood went from -458.124 to -457.8323
305th iteration: 
The loglikelihood went from -456.7066 to -456.4352
310th iteration: 
The loglikelihood went from -455.3882 to -455.1357
315th iteration: 
The loglikelihood went from -454.1614 to -453.9264
320th iteration: 
The loglikelihood went from -453.0188 to -452.7997
325th iteration: 
The loglikelihood went from -451.953 to -451.7485
330th iteration: 
The loglikelihood went from -450.9573 to -450.766
335th iteration: 
The loglikelihood went from -450.0254 to -449.8462
340th iteration: 
The loglikelihood went from -449.1518 to -448.9836
345th iteration: 
The loglikelihood went from -448.3314 to -448.1733
350th iteration: 
The loglikelihood went from -447.5597 to -447.4109
355th iteration: 
The loglikelihood went from -446.8326 to -446.6922
360th iteration: 
The loglikelihood went from -446.1463 to -446.0136
365th iteration: 
The loglikelihood went from -445.4974 to -445.3718
370th iteration: 
The loglikelihood went from -444.8827 to -444.7636
375th iteration: 
The loglikelihood went from -444.2994 to -444.1863
380th iteration: 
The loglikelihood went from -443.7449 to -443.6372
385th iteration: 
The loglikelihood went from -443.2166 to -443.1139
390th iteration: 
The loglikelihood went from -442.7123 to -442.6141
395th iteration: 
The loglikelihood went from -442.2298 to -442.1357
400th iteration: 
The loglikelihood went from -441.7671 to -441.6768
405th iteration: 
The loglikelihood went from -441.3223 to -441.2354
410th iteration: 
The loglikelihood went from -440.8935 to -440.8095
415th iteration: 
The loglikelihood went from -440.4789 to -440.3975
420th iteration: 
The loglikelihood went from -440.0766 to -439.9974
425th iteration: 
The loglikelihood went from -439.6847 to -439.6074
430th iteration: 
The loglikelihood went from -439.3012 to -439.2253
435th iteration: 
The loglikelihood went from -438.924 to -438.8491
440th iteration: 
The loglikelihood went from -438.5506 to -438.4762
445th iteration: 
The loglikelihood went from -438.1783 to -438.1037
450th iteration: 
The loglikelihood went from -437.8039 to -437.7284
455th iteration: 
The loglikelihood went from -437.4234 to -437.3461
460th iteration: 
The loglikelihood went from -437.0319 to -436.9518
465th iteration: 
The loglikelihood went from -436.6236 to -436.5393
470th iteration: 
The loglikelihood went from -436.1909 to -436.1007
475th iteration: 
The loglikelihood went from -435.7248 to -435.6266
480th iteration: 
The loglikelihood went from -435.2143 to -435.1058
485th iteration: 
The loglikelihood went from -434.6474 to -434.5262
490th iteration: 
The loglikelihood went from -434.0132 to -433.8777
495th iteration: 
The loglikelihood went from -433.3071 to -433.1578
✓ Model estimation complete
done.
  nowcasting... 
=== Generating GDP Nowcast ===

Target quarter: 2021 Q3
Nowcast for 2021 Q3: QoQ=+0.10%  implied level=$628,102M  YoY=+6.62%  [out (nowcast)]
done.
→ nowcast $628,102M (+0.10%)
[8/25] 2021-12-31Filtering data available as of: 2021-12-31
  → 2737 observations available across all indicators
target: 2021 Q4, periods: 263, live_indicators: 8  estimating DFM... 
=== Component-Based DFM Estimation ===

Note: Using simplified aggregate approach
(Full component-based approach to be implemented)

=== Preparing Data for DFM ===

Indicator matrix: 263 periods × 12 indicators
GDP observations: 87/263 (quarterly, ~67% NAs expected)

Indicator frequencies:
# A tibble: 12 × 3
   indicator_id       frequency freq_numeric
   <chr>              <chr>            <dbl>
 1 household_spending monthly             12
 2 cons_conf          monthly             12
 3 building_app       monthly             12
 4 bus_conf           monthly             12
 5 exports_goods      monthly             12
 6 exports_servs      quarterly            4
 7 imports_goods      monthly             12
 8 imports_servs      quarterly            4
 9 employment         monthly             12
10 unemp_rate         monthly             12
11 participation      monthly             12
12 hours_worked       monthly             12

=== Estimating Dynamic Factor Model ===

Estimating with 4 factors...
Time series created: 263 periods, 13 variables
Variables: gdp, building_app, bus_conf, cons_conf, employment, exports_goods, hours_worked, imports_goods, participation, unemp_rate, exports_servs, imports_servs, household_spending
Formula: gdp ~ .

Frequency vector (4=quarterly, 12=monthly):
gdp = 4, building_app = 12, bus_conf = 12, cons_conf = 12, employment = 12, exports_goods = 12, hours_worked = 12, imports_goods = 12, participation = 12, unemp_rate = 12, exports_servs = 4, imports_servs = 4, household_spending = 12

Preprocessing with Bpanel()...
  NA.replace = FALSE (keep structural NAs)
  na.prop = 1 (don't discard any series)
  aggregate = FALSE (don't apply MA filter that creates more NAs!)

Per-series trans codes:
gdp = 7, building_app = 1, bus_conf = 2, cons_conf = 2, employment = 1, exports_goods = 1, hours_worked = 1, imports_goods = 1, participation = 2, unemp_rate = 2, exports_servs = 7, imports_servs = 7, household_spending = 1
NULL
COVID mask applied: 5 months × 13 series set to NA
Balanced panel: 275x13
Variables: gdp, building_app, bus_conf, cons_conf, employment, exports_goods, hours_worked, imports_goods, participation, unemp_rate, exports_servs, imports_servs, household_spending
Blocks structure: 13 variables × 4 factors (unrestricted)
5th iteration: 
The loglikelihood went from -728.18 to -727.3721
10th iteration: 
The loglikelihood went from -725.0407 to -724.57
15th iteration: 
The loglikelihood went from -722.9352 to -722.5767
20th iteration: 
The loglikelihood went from -721.3014 to -721.0162
25th iteration: 
The loglikelihood went from -719.9763 to -719.7367
30th iteration: 
The loglikelihood went from -718.8402 to -718.6294
35th iteration: 
The loglikelihood went from -717.8326 to -717.6443
40th iteration: 
The loglikelihood went from -716.9321 to -716.7638
45th iteration: 
The loglikelihood went from -716.1267 to -715.9759
50th iteration: 
The loglikelihood went from -715.4029 to -715.2666
55th iteration: 
The loglikelihood went from -714.7456 to -714.6208
60th iteration: 
The loglikelihood went from -714.1409 to -714.0252
65th iteration: 
The loglikelihood went from -713.5771 to -713.4683
70th iteration: 
The loglikelihood went from -713.0433 to -712.9391
75th iteration: 
The loglikelihood went from -712.5277 to -712.4256
80th iteration: 
The loglikelihood went from -712.0169 to -711.9141
85th iteration: 
The loglikelihood went from -711.4975 to -711.3917
90th iteration: 
The loglikelihood went from -710.9621 to -710.8534
95th iteration: 
The loglikelihood went from -710.4174 to -710.309
100th iteration: 
The loglikelihood went from -709.8845 to -709.7817
105th iteration: 
The loglikelihood went from -709.3883 to -709.295
110th iteration: 
The loglikelihood went from -708.943 to -708.8603
115th iteration: 
The loglikelihood went from -708.5486 to -708.4751
✓ Model estimation complete
done.
  nowcasting... 
=== Generating GDP Nowcast ===

Target quarter: 2021 Q4
Nowcast for 2021 Q4: QoQ=+1.36%  implied level=$625,115M  YoY=+2.62%  [out (nowcast)]
done.
→ nowcast $625,115M (+1.36%)
[9/25] 2022-03-31Filtering data available as of: 2022-03-31
  → 2770 observations available across all indicators
target: 2022 Q1, periods: 266, live_indicators: 8  estimating DFM... 
=== Component-Based DFM Estimation ===

Note: Using simplified aggregate approach
(Full component-based approach to be implemented)

=== Preparing Data for DFM ===

Indicator matrix: 266 periods × 12 indicators
GDP observations: 88/266 (quarterly, ~67% NAs expected)

Indicator frequencies:
# A tibble: 12 × 3
   indicator_id       frequency freq_numeric
   <chr>              <chr>            <dbl>
 1 household_spending monthly             12
 2 cons_conf          monthly             12
 3 building_app       monthly             12
 4 bus_conf           monthly             12
 5 exports_goods      monthly             12
 6 exports_servs      quarterly            4
 7 imports_goods      monthly             12
 8 imports_servs      quarterly            4
 9 employment         monthly             12
10 unemp_rate         monthly             12
11 participation      monthly             12
12 hours_worked       monthly             12

=== Estimating Dynamic Factor Model ===

Estimating with 4 factors...
Time series created: 266 periods, 13 variables
Variables: gdp, building_app, bus_conf, cons_conf, employment, exports_goods, hours_worked, imports_goods, participation, unemp_rate, exports_servs, imports_servs, household_spending
Formula: gdp ~ .

Frequency vector (4=quarterly, 12=monthly):
gdp = 4, building_app = 12, bus_conf = 12, cons_conf = 12, employment = 12, exports_goods = 12, hours_worked = 12, imports_goods = 12, participation = 12, unemp_rate = 12, exports_servs = 4, imports_servs = 4, household_spending = 12

Preprocessing with Bpanel()...
  NA.replace = FALSE (keep structural NAs)
  na.prop = 1 (don't discard any series)
  aggregate = FALSE (don't apply MA filter that creates more NAs!)

Per-series trans codes:
gdp = 7, building_app = 1, bus_conf = 2, cons_conf = 2, employment = 1, exports_goods = 1, hours_worked = 1, imports_goods = 1, participation = 2, unemp_rate = 2, exports_servs = 7, imports_servs = 7, household_spending = 1
NULL
COVID mask applied: 5 months × 13 series set to NA
Balanced panel: 278x13
Variables: gdp, building_app, bus_conf, cons_conf, employment, exports_goods, hours_worked, imports_goods, participation, unemp_rate, exports_servs, imports_servs, household_spending
Blocks structure: 13 variables × 4 factors (unrestricted)
5th iteration: 
The loglikelihood went from -729.9209 to -728.903
10th iteration: 
The loglikelihood went from -725.4688 to -724.7103
15th iteration: 
The loglikelihood went from -722.5925 to -722.2727
20th iteration: 
The loglikelihood went from -721.3566 to -721.1737
25th iteration: 
The loglikelihood went from -720.5305 to -720.3866
30th iteration: 
The loglikelihood went from -719.8598 to -719.7382
35th iteration: 
The loglikelihood went from -719.2818 to -719.1737
40th iteration: 
The loglikelihood went from -718.7582 to -718.6574
45th iteration: 
The loglikelihood went from -718.2608 to -718.1624
50th iteration: 
The loglikelihood went from -717.767 to -717.667
55th iteration: 
The loglikelihood went from -717.2577 to -717.1525
60th iteration: 
The loglikelihood went from -716.7177 to -716.6051
65th iteration: 
The loglikelihood went from -716.1391 to -716.0189
70th iteration: 
The loglikelihood went from -715.5266 to -715.4015
75th iteration: 
The loglikelihood went from -714.8993 to -714.7746
80th iteration: 
The loglikelihood went from -714.2864 to -714.1681
85th iteration: 
The loglikelihood went from -713.7148 to -713.607
90th iteration: 
The loglikelihood went from -713.199 to -713.1027
95th iteration: 
The loglikelihood went from -712.7394 to -712.6535
100th iteration: 
The loglikelihood went from -712.3278 to -712.2503
105th iteration: 
The loglikelihood went from -711.9536 to -711.8824
✓ Model estimation complete
done.
  nowcasting... 
=== Generating GDP Nowcast ===

Target quarter: 2022 Q1
Nowcast for 2022 Q1: QoQ=+0.74%  implied level=$643,800M  YoY=+3.45%  [out (nowcast)]
done.
→ nowcast $643,800M (+0.74%)
[10/25] 2022-06-30Filtering data available as of: 2022-06-30
  → 2803 observations available across all indicators
target: 2022 Q2, periods: 269, live_indicators: 8  estimating DFM... 
=== Component-Based DFM Estimation ===

Note: Using simplified aggregate approach
(Full component-based approach to be implemented)

=== Preparing Data for DFM ===

Indicator matrix: 269 periods × 12 indicators
GDP observations: 89/269 (quarterly, ~67% NAs expected)

Indicator frequencies:
# A tibble: 12 × 3
   indicator_id       frequency freq_numeric
   <chr>              <chr>            <dbl>
 1 household_spending monthly             12
 2 cons_conf          monthly             12
 3 building_app       monthly             12
 4 bus_conf           monthly             12
 5 exports_goods      monthly             12
 6 exports_servs      quarterly            4
 7 imports_goods      monthly             12
 8 imports_servs      quarterly            4
 9 employment         monthly             12
10 unemp_rate         monthly             12
11 participation      monthly             12
12 hours_worked       monthly             12

=== Estimating Dynamic Factor Model ===

Estimating with 4 factors...
Time series created: 269 periods, 13 variables
Variables: gdp, building_app, bus_conf, cons_conf, employment, exports_goods, hours_worked, imports_goods, participation, unemp_rate, exports_servs, imports_servs, household_spending
Formula: gdp ~ .

Frequency vector (4=quarterly, 12=monthly):
gdp = 4, building_app = 12, bus_conf = 12, cons_conf = 12, employment = 12, exports_goods = 12, hours_worked = 12, imports_goods = 12, participation = 12, unemp_rate = 12, exports_servs = 4, imports_servs = 4, household_spending = 12

Preprocessing with Bpanel()...
  NA.replace = FALSE (keep structural NAs)
  na.prop = 1 (don't discard any series)
  aggregate = FALSE (don't apply MA filter that creates more NAs!)

Per-series trans codes:
gdp = 7, building_app = 1, bus_conf = 2, cons_conf = 2, employment = 1, exports_goods = 1, hours_worked = 1, imports_goods = 1, participation = 2, unemp_rate = 2, exports_servs = 7, imports_servs = 7, household_spending = 1
NULL
COVID mask applied: 5 months × 13 series set to NA
Balanced panel: 281x13
Variables: gdp, building_app, bus_conf, cons_conf, employment, exports_goods, hours_worked, imports_goods, participation, unemp_rate, exports_servs, imports_servs, household_spending
Blocks structure: 13 variables × 4 factors (unrestricted)
5th iteration: 
The loglikelihood went from -904.061 to -903.3174
10th iteration: 
The loglikelihood went from -901.5815 to -901.3014
15th iteration: 
The loglikelihood went from -900.4331 to -900.2434
20th iteration: 
The loglikelihood went from -899.3787 to -899.0872
25th iteration: 
The loglikelihood went from -897.1317 to -896.3084
30th iteration: 
The loglikelihood went from -890.1593 to -887.5333
35th iteration: 
The loglikelihood went from -873.3827 to -870.0933
40th iteration: 
The loglikelihood went from -862.3976 to -861.5274
45th iteration: 
The loglikelihood went from -859.7458 to -859.5103
50th iteration: 
The loglikelihood went from -858.8749 to -858.7594
✓ Model estimation complete
done.
  nowcasting... 
=== Generating GDP Nowcast ===

Target quarter: 2022 Q2
Nowcast for 2022 Q2: QoQ=+0.89%  implied level=$650,774M  YoY=+3.72%  [out (nowcast)]
done.
→ nowcast $650,774M (+0.89%)
[11/25] 2022-09-30Filtering data available as of: 2022-09-30
  → 2836 observations available across all indicators
target: 2022 Q3, periods: 272, live_indicators: 8  estimating DFM... 
=== Component-Based DFM Estimation ===

Note: Using simplified aggregate approach
(Full component-based approach to be implemented)

=== Preparing Data for DFM ===

Indicator matrix: 272 periods × 12 indicators
GDP observations: 90/272 (quarterly, ~67% NAs expected)

Indicator frequencies:
# A tibble: 12 × 3
   indicator_id       frequency freq_numeric
   <chr>              <chr>            <dbl>
 1 household_spending monthly             12
 2 cons_conf          monthly             12
 3 building_app       monthly             12
 4 bus_conf           monthly             12
 5 exports_goods      monthly             12
 6 exports_servs      quarterly            4
 7 imports_goods      monthly             12
 8 imports_servs      quarterly            4
 9 employment         monthly             12
10 unemp_rate         monthly             12
11 participation      monthly             12
12 hours_worked       monthly             12

=== Estimating Dynamic Factor Model ===

Estimating with 4 factors...
Time series created: 272 periods, 13 variables
Variables: gdp, building_app, bus_conf, cons_conf, employment, exports_goods, hours_worked, imports_goods, participation, unemp_rate, exports_servs, imports_servs, household_spending
Formula: gdp ~ .

Frequency vector (4=quarterly, 12=monthly):
gdp = 4, building_app = 12, bus_conf = 12, cons_conf = 12, employment = 12, exports_goods = 12, hours_worked = 12, imports_goods = 12, participation = 12, unemp_rate = 12, exports_servs = 4, imports_servs = 4, household_spending = 12

Preprocessing with Bpanel()...
  NA.replace = FALSE (keep structural NAs)
  na.prop = 1 (don't discard any series)
  aggregate = FALSE (don't apply MA filter that creates more NAs!)

Per-series trans codes:
gdp = 7, building_app = 1, bus_conf = 2, cons_conf = 2, employment = 1, exports_goods = 1, hours_worked = 1, imports_goods = 1, participation = 2, unemp_rate = 2, exports_servs = 7, imports_servs = 7, household_spending = 1
NULL
COVID mask applied: 5 months × 13 series set to NA
Balanced panel: 284x13
Variables: gdp, building_app, bus_conf, cons_conf, employment, exports_goods, hours_worked, imports_goods, participation, unemp_rate, exports_servs, imports_servs, household_spending
Blocks structure: 13 variables × 4 factors (unrestricted)
5th iteration: 
The loglikelihood went from -724.5048 to -723.448
10th iteration: 
The loglikelihood went from -720.0927 to -719.5097
15th iteration: 
The loglikelihood went from -718.029 to -717.7808
20th iteration: 
The loglikelihood went from -716.9737 to -716.801
25th iteration: 
The loglikelihood went from -716.1835 to -716.0439
30th iteration: 
The loglikelihood went from -715.5298 to -715.4106
35th iteration: 
The loglikelihood went from -714.963 to -714.8574
40th iteration: 
The loglikelihood went from -714.4555 to -714.3595
45th iteration: 
The loglikelihood went from -713.9904 to -713.9015
50th iteration: 
The loglikelihood went from -713.557 to -713.4735
55th iteration: 
The loglikelihood went from -713.1482 to -713.0689
60th iteration: 
The loglikelihood went from -712.7587 to -712.6828
65th iteration: 
The loglikelihood went from -712.3844 to -712.3111
70th iteration: 
The loglikelihood went from -712.0216 to -711.95
✓ Model estimation complete
done.
  nowcasting... 
=== Generating GDP Nowcast ===

Target quarter: 2022 Q3
Nowcast for 2022 Q3: QoQ=+1.07%  implied level=$658,397M  YoY=+6.76%  [out (nowcast)]
done.
→ nowcast $658,397M (+1.07%)
[12/25] 2022-12-31Filtering data available as of: 2022-12-31
  → 2869 observations available across all indicators
target: 2022 Q4, periods: 275, live_indicators: 8  estimating DFM... 
=== Component-Based DFM Estimation ===

Note: Using simplified aggregate approach
(Full component-based approach to be implemented)

=== Preparing Data for DFM ===

Indicator matrix: 275 periods × 12 indicators
GDP observations: 91/275 (quarterly, ~67% NAs expected)

Indicator frequencies:
# A tibble: 12 × 3
   indicator_id       frequency freq_numeric
   <chr>              <chr>            <dbl>
 1 household_spending monthly             12
 2 cons_conf          monthly             12
 3 building_app       monthly             12
 4 bus_conf           monthly             12
 5 exports_goods      monthly             12
 6 exports_servs      quarterly            4
 7 imports_goods      monthly             12
 8 imports_servs      quarterly            4
 9 employment         monthly             12
10 unemp_rate         monthly             12
11 participation      monthly             12
12 hours_worked       monthly             12

=== Estimating Dynamic Factor Model ===

Estimating with 4 factors...
Time series created: 275 periods, 13 variables
Variables: gdp, building_app, bus_conf, cons_conf, employment, exports_goods, hours_worked, imports_goods, participation, unemp_rate, exports_servs, imports_servs, household_spending
Formula: gdp ~ .

Frequency vector (4=quarterly, 12=monthly):
gdp = 4, building_app = 12, bus_conf = 12, cons_conf = 12, employment = 12, exports_goods = 12, hours_worked = 12, imports_goods = 12, participation = 12, unemp_rate = 12, exports_servs = 4, imports_servs = 4, household_spending = 12

Preprocessing with Bpanel()...
  NA.replace = FALSE (keep structural NAs)
  na.prop = 1 (don't discard any series)
  aggregate = FALSE (don't apply MA filter that creates more NAs!)

Per-series trans codes:
gdp = 7, building_app = 1, bus_conf = 2, cons_conf = 2, employment = 1, exports_goods = 1, hours_worked = 1, imports_goods = 1, participation = 2, unemp_rate = 2, exports_servs = 7, imports_servs = 7, household_spending = 1
NULL
COVID mask applied: 5 months × 13 series set to NA
Balanced panel: 287x13
Variables: gdp, building_app, bus_conf, cons_conf, employment, exports_goods, hours_worked, imports_goods, participation, unemp_rate, exports_servs, imports_servs, household_spending
Blocks structure: 13 variables × 4 factors (unrestricted)
5th iteration: 
The loglikelihood went from -737.0282 to -735.9956
10th iteration: 
The loglikelihood went from -732.4677 to -731.7494
15th iteration: 
The loglikelihood went from -729.8277 to -729.5269
20th iteration: 
The loglikelihood went from -728.6209 to -728.4355
25th iteration: 
The loglikelihood went from -727.783 to -727.6372
30th iteration: 
The loglikelihood went from -727.1058 to -726.9838
35th iteration: 
The loglikelihood went from -726.5305 to -726.4246
40th iteration: 
The loglikelihood went from -726.0257 to -725.9314
45th iteration: 
The loglikelihood went from -725.572 to -725.4862
50th iteration: 
The loglikelihood went from -725.1567 to -725.0774
55th iteration: 
The loglikelihood went from -724.771 to -724.6969
✓ Model estimation complete
done.
  nowcasting... 
=== Generating GDP Nowcast ===

Target quarter: 2022 Q4
Nowcast for 2022 Q4: QoQ=+0.92%  implied level=$660,592M  YoY=+3.36%  [out (nowcast)]
done.
→ nowcast $660,592M (+0.92%)
[13/25] 2023-03-31Filtering data available as of: 2023-03-31
  → 2902 observations available across all indicators
target: 2023 Q1, periods: 278, live_indicators: 8  estimating DFM... 
=== Component-Based DFM Estimation ===

Note: Using simplified aggregate approach
(Full component-based approach to be implemented)

=== Preparing Data for DFM ===

Indicator matrix: 278 periods × 12 indicators
GDP observations: 92/278 (quarterly, ~67% NAs expected)

Indicator frequencies:
# A tibble: 12 × 3
   indicator_id       frequency freq_numeric
   <chr>              <chr>            <dbl>
 1 household_spending monthly             12
 2 cons_conf          monthly             12
 3 building_app       monthly             12
 4 bus_conf           monthly             12
 5 exports_goods      monthly             12
 6 exports_servs      quarterly            4
 7 imports_goods      monthly             12
 8 imports_servs      quarterly            4
 9 employment         monthly             12
10 unemp_rate         monthly             12
11 participation      monthly             12
12 hours_worked       monthly             12

=== Estimating Dynamic Factor Model ===

Estimating with 4 factors...
Time series created: 278 periods, 13 variables
Variables: gdp, building_app, bus_conf, cons_conf, employment, exports_goods, hours_worked, imports_goods, participation, unemp_rate, exports_servs, imports_servs, household_spending
Formula: gdp ~ .

Frequency vector (4=quarterly, 12=monthly):
gdp = 4, building_app = 12, bus_conf = 12, cons_conf = 12, employment = 12, exports_goods = 12, hours_worked = 12, imports_goods = 12, participation = 12, unemp_rate = 12, exports_servs = 4, imports_servs = 4, household_spending = 12

Preprocessing with Bpanel()...
  NA.replace = FALSE (keep structural NAs)
  na.prop = 1 (don't discard any series)
  aggregate = FALSE (don't apply MA filter that creates more NAs!)

Per-series trans codes:
gdp = 7, building_app = 1, bus_conf = 2, cons_conf = 2, employment = 1, exports_goods = 1, hours_worked = 1, imports_goods = 1, participation = 2, unemp_rate = 2, exports_servs = 7, imports_servs = 7, household_spending = 1
NULL
COVID mask applied: 5 months × 13 series set to NA
Balanced panel: 290x13
Variables: gdp, building_app, bus_conf, cons_conf, employment, exports_goods, hours_worked, imports_goods, participation, unemp_rate, exports_servs, imports_servs, household_spending
Blocks structure: 13 variables × 4 factors (unrestricted)
5th iteration: 
The loglikelihood went from -745.5027 to -744.2923
10th iteration: 
The loglikelihood went from -740.6321 to -740.0357
15th iteration: 
The loglikelihood went from -738.4638 to -738.1823
20th iteration: 
The loglikelihood went from -737.2501 to -737.0508
25th iteration: 
The loglikelihood went from -736.3461 to -736.1887
30th iteration: 
The loglikelihood went from -735.6167 to -735.4858
35th iteration: 
The loglikelihood went from -735.0008 to -734.8879
40th iteration: 
The loglikelihood went from -734.4631 to -734.3628
45th iteration: 
The loglikelihood went from -733.9814 to -733.8904
50th iteration: 
The loglikelihood went from -733.5409 to -733.4568
55th iteration: 
The loglikelihood went from -733.1314 to -733.0525
60th iteration: 
The loglikelihood went from -732.7454 to -732.6705
✓ Model estimation complete
done.
  nowcasting... 
=== Generating GDP Nowcast ===

Target quarter: 2023 Q1
Nowcast for 2023 Q1: QoQ=+0.70%  implied level=$664,557M  YoY=+3.03%  [out (nowcast)]
done.
→ nowcast $664,557M (+0.70%)
[14/25] 2023-06-30Filtering data available as of: 2023-06-30
  → 2935 observations available across all indicators
target: 2023 Q2, periods: 281, live_indicators: 8  estimating DFM... 
=== Component-Based DFM Estimation ===

Note: Using simplified aggregate approach
(Full component-based approach to be implemented)

=== Preparing Data for DFM ===

Indicator matrix: 281 periods × 12 indicators
GDP observations: 93/281 (quarterly, ~67% NAs expected)

Indicator frequencies:
# A tibble: 12 × 3
   indicator_id       frequency freq_numeric
   <chr>              <chr>            <dbl>
 1 household_spending monthly             12
 2 cons_conf          monthly             12
 3 building_app       monthly             12
 4 bus_conf           monthly             12
 5 exports_goods      monthly             12
 6 exports_servs      quarterly            4
 7 imports_goods      monthly             12
 8 imports_servs      quarterly            4
 9 employment         monthly             12
10 unemp_rate         monthly             12
11 participation      monthly             12
12 hours_worked       monthly             12

=== Estimating Dynamic Factor Model ===

Estimating with 4 factors...
Time series created: 281 periods, 13 variables
Variables: gdp, building_app, bus_conf, cons_conf, employment, exports_goods, hours_worked, imports_goods, participation, unemp_rate, exports_servs, imports_servs, household_spending
Formula: gdp ~ .

Frequency vector (4=quarterly, 12=monthly):
gdp = 4, building_app = 12, bus_conf = 12, cons_conf = 12, employment = 12, exports_goods = 12, hours_worked = 12, imports_goods = 12, participation = 12, unemp_rate = 12, exports_servs = 4, imports_servs = 4, household_spending = 12

Preprocessing with Bpanel()...
  NA.replace = FALSE (keep structural NAs)
  na.prop = 1 (don't discard any series)
  aggregate = FALSE (don't apply MA filter that creates more NAs!)

Per-series trans codes:
gdp = 7, building_app = 1, bus_conf = 2, cons_conf = 2, employment = 1, exports_goods = 1, hours_worked = 1, imports_goods = 1, participation = 2, unemp_rate = 2, exports_servs = 7, imports_servs = 7, household_spending = 1
NULL
COVID mask applied: 5 months × 13 series set to NA
Balanced panel: 293x13
Variables: gdp, building_app, bus_conf, cons_conf, employment, exports_goods, hours_worked, imports_goods, participation, unemp_rate, exports_servs, imports_servs, household_spending
Blocks structure: 13 variables × 4 factors (unrestricted)
5th iteration: 
The loglikelihood went from -752.231 to -751.0312
10th iteration: 
The loglikelihood went from -746.8536 to -746.1024
15th iteration: 
The loglikelihood went from -744.259 to -743.9586
20th iteration: 
The loglikelihood went from -742.9834 to -742.7753
25th iteration: 
The loglikelihood went from -742.0372 to -741.8719
30th iteration: 
The loglikelihood went from -741.2697 to -741.1317
35th iteration: 
The loglikelihood went from -740.6196 to -740.5002
40th iteration: 
The loglikelihood went from -740.0516 to -739.9455
45th iteration: 
The loglikelihood went from -739.5426 to -739.4464
50th iteration: 
The loglikelihood went from -739.0769 to -738.9879
55th iteration: 
The loglikelihood went from -738.6425 to -738.5587
60th iteration: 
The loglikelihood went from -738.2301 to -738.1493
65th iteration: 
The loglikelihood went from -737.8302 to -737.751
70th iteration: 
The loglikelihood went from -737.4352 to -737.3561
75th iteration: 
The loglikelihood went from -737.0386 to -736.9589
80th iteration: 
The loglikelihood went from -736.6376 to -736.5566
85th iteration: 
The loglikelihood went from -736.2309 to -736.1492
90th iteration: 
The loglikelihood went from -735.8235 to -735.7426
95th iteration: 
The loglikelihood went from -735.4228 to -735.3441
100th iteration: 
The loglikelihood went from -735.0359 to -734.9608
✓ Model estimation complete
done.
  nowcasting... 
=== Generating GDP Nowcast ===

Target quarter: 2023 Q2
Nowcast for 2023 Q2: QoQ=+0.23%  implied level=$664,630M  YoY=+2.03%  [out (nowcast)]
done.
→ nowcast $664,630M (+0.23%)
[15/25] 2023-09-30Filtering data available as of: 2023-09-30
  → 2968 observations available across all indicators
target: 2023 Q3, periods: 284, live_indicators: 8  estimating DFM... 
=== Component-Based DFM Estimation ===

Note: Using simplified aggregate approach
(Full component-based approach to be implemented)

=== Preparing Data for DFM ===

Indicator matrix: 284 periods × 12 indicators
GDP observations: 94/284 (quarterly, ~67% NAs expected)

Indicator frequencies:
# A tibble: 12 × 3
   indicator_id       frequency freq_numeric
   <chr>              <chr>            <dbl>
 1 household_spending monthly             12
 2 cons_conf          monthly             12
 3 building_app       monthly             12
 4 bus_conf           monthly             12
 5 exports_goods      monthly             12
 6 exports_servs      quarterly            4
 7 imports_goods      monthly             12
 8 imports_servs      quarterly            4
 9 employment         monthly             12
10 unemp_rate         monthly             12
11 participation      monthly             12
12 hours_worked       monthly             12

=== Estimating Dynamic Factor Model ===

Estimating with 4 factors...
Time series created: 284 periods, 13 variables
Variables: gdp, building_app, bus_conf, cons_conf, employment, exports_goods, hours_worked, imports_goods, participation, unemp_rate, exports_servs, imports_servs, household_spending
Formula: gdp ~ .

Frequency vector (4=quarterly, 12=monthly):
gdp = 4, building_app = 12, bus_conf = 12, cons_conf = 12, employment = 12, exports_goods = 12, hours_worked = 12, imports_goods = 12, participation = 12, unemp_rate = 12, exports_servs = 4, imports_servs = 4, household_spending = 12

Preprocessing with Bpanel()...
  NA.replace = FALSE (keep structural NAs)
  na.prop = 1 (don't discard any series)
  aggregate = FALSE (don't apply MA filter that creates more NAs!)

Per-series trans codes:
gdp = 7, building_app = 1, bus_conf = 2, cons_conf = 2, employment = 1, exports_goods = 1, hours_worked = 1, imports_goods = 1, participation = 2, unemp_rate = 2, exports_servs = 7, imports_servs = 7, household_spending = 1
NULL
COVID mask applied: 5 months × 13 series set to NA
Balanced panel: 296x13
Variables: gdp, building_app, bus_conf, cons_conf, employment, exports_goods, hours_worked, imports_goods, participation, unemp_rate, exports_servs, imports_servs, household_spending
Blocks structure: 13 variables × 4 factors (unrestricted)
5th iteration: 
The loglikelihood went from -764.3526 to -762.9681
10th iteration: 
The loglikelihood went from -758.8263 to -758.1956
15th iteration: 
The loglikelihood went from -756.5101 to -756.1918
20th iteration: 
The loglikelihood went from -755.1022 to -754.8636
25th iteration: 
The loglikelihood went from -754.0071 to -753.8133
30th iteration: 
The loglikelihood went from -753.1005 to -752.9357
35th iteration: 
The loglikelihood went from -752.3192 to -752.1744
40th iteration: 
The loglikelihood went from -751.6252 to -751.4945
45th iteration: 
The loglikelihood went from -750.9934 to -750.8728
50th iteration: 
The loglikelihood went from -750.4062 to -750.293
55th iteration: 
The loglikelihood went from -749.8509 to -749.7427
60th iteration: 
The loglikelihood went from -749.3174 to -749.2126
65th iteration: 
The loglikelihood went from -748.7988 to -748.6964
70th iteration: 
The loglikelihood went from -748.2896 to -748.1884
75th iteration: 
The loglikelihood went from -747.7841 to -747.6828
80th iteration: 
The loglikelihood went from -747.2749 to -747.1719
85th iteration: 
The loglikelihood went from -746.7516 to -746.6439
90th iteration: 
The loglikelihood went from -746.1963 to -746.0791
95th iteration: 
The loglikelihood went from -745.5803 to -745.446
100th iteration: 
The loglikelihood went from -744.8578 to -744.6949
105th iteration: 
The loglikelihood went from -743.9645 to -743.7599
110th iteration: 
The loglikelihood went from -742.8403 to -742.5855
115th iteration: 
The loglikelihood went from -741.4848 to -741.1962
120th iteration: 
The loglikelihood went from -740.0402 to -739.7616
125th iteration: 
The loglikelihood went from -738.7372 to -738.5079
130th iteration: 
The loglikelihood went from -737.6947 to -737.5139
135th iteration: 
The loglikelihood went from -736.8529 to -736.6989
140th iteration: 
The loglikelihood went from -736.1091 to -735.966
145th iteration: 
The loglikelihood went from -735.4041 to -735.2656
150th iteration: 
The loglikelihood went from -734.718 to -734.5827
155th iteration: 
The loglikelihood went from -734.0488 to -733.9174
160th iteration: 
The loglikelihood went from -733.402 to -733.276
165th iteration: 
The loglikelihood went from -732.7842 to -732.6647
170th iteration: 
The loglikelihood went from -732.2007 to -732.0882
175th iteration: 
The loglikelihood went from -731.6527 to -731.5472
180th iteration: 
The loglikelihood went from -731.1379 to -731.0385
185th iteration: 
The loglikelihood went from -730.6503 to -730.5554
190th iteration: 
The loglikelihood went from -730.1822 to -730.0902
195th iteration: 
The loglikelihood went from -729.7261 to -729.6358
200th iteration: 
The loglikelihood went from -729.2763 to -729.1867
205th iteration: 
The loglikelihood went from -728.8288 to -728.7393
210th iteration: 
The loglikelihood went from -728.3816 to -728.2922
215th iteration: 
The loglikelihood went from -727.9343 to -727.8449
220th iteration: 
The loglikelihood went from -727.4875 to -727.3982
225th iteration: 
The loglikelihood went from -727.0421 to -726.9533
230th iteration: 
The loglikelihood went from -726.5993 to -726.5112
235th iteration: 
The loglikelihood went from -726.1601 to -726.0728
240th iteration: 
The loglikelihood went from -725.7252 to -725.6387
245th iteration: 
The loglikelihood went from -725.2946 to -725.209
250th iteration: 
The loglikelihood went from -724.8683 to -724.7835
255th iteration: 
The loglikelihood went from -724.4458 to -724.3617
260th iteration: 
The loglikelihood went from -724.0265 to -723.943
265th iteration: 
The loglikelihood went from -723.6098 to -723.5267
270th iteration: 
The loglikelihood went from -723.1951 to -723.1124
275th iteration: 
The loglikelihood went from -722.7819 to -722.6994
280th iteration: 
The loglikelihood went from -722.3699 to -722.2877
285th iteration: 
The loglikelihood went from -721.9592 to -721.8772
290th iteration: 
The loglikelihood went from -721.5499 to -721.4683
295th iteration: 
The loglikelihood went from -721.1427 to -721.0615
300th iteration: 
The loglikelihood went from -720.738 to -720.6575
305th iteration: 
The loglikelihood went from -720.337 to -720.2573
310th iteration: 
The loglikelihood went from -719.9405 to -719.8618
315th iteration: 
The loglikelihood went from -719.5496 to -719.4721
320th iteration: 
The loglikelihood went from -719.1652 to -719.0892
325th iteration: 
The loglikelihood went from -718.7883 to -718.7139
330th iteration: 
The loglikelihood went from -718.4196 to -718.3468
✓ Model estimation complete
done.
  nowcasting... 
=== Generating GDP Nowcast ===

Target quarter: 2023 Q3
Nowcast for 2023 Q3: QoQ=+0.82%  implied level=$671,604M  YoY=+2.61%  [out (nowcast)]
done.
→ nowcast $671,604M (+0.82%)
[16/25] 2023-12-31Filtering data available as of: 2023-12-31
  → 3001 observations available across all indicators
target: 2023 Q4, periods: 287, live_indicators: 8  estimating DFM... 
=== Component-Based DFM Estimation ===

Note: Using simplified aggregate approach
(Full component-based approach to be implemented)

=== Preparing Data for DFM ===

Indicator matrix: 287 periods × 12 indicators
GDP observations: 95/287 (quarterly, ~67% NAs expected)

Indicator frequencies:
# A tibble: 12 × 3
   indicator_id       frequency freq_numeric
   <chr>              <chr>            <dbl>
 1 household_spending monthly             12
 2 cons_conf          monthly             12
 3 building_app       monthly             12
 4 bus_conf           monthly             12
 5 exports_goods      monthly             12
 6 exports_servs      quarterly            4
 7 imports_goods      monthly             12
 8 imports_servs      quarterly            4
 9 employment         monthly             12
10 unemp_rate         monthly             12
11 participation      monthly             12
12 hours_worked       monthly             12

=== Estimating Dynamic Factor Model ===

Estimating with 4 factors...
Time series created: 287 periods, 13 variables
Variables: gdp, building_app, bus_conf, cons_conf, employment, exports_goods, hours_worked, imports_goods, participation, unemp_rate, exports_servs, imports_servs, household_spending
Formula: gdp ~ .

Frequency vector (4=quarterly, 12=monthly):
gdp = 4, building_app = 12, bus_conf = 12, cons_conf = 12, employment = 12, exports_goods = 12, hours_worked = 12, imports_goods = 12, participation = 12, unemp_rate = 12, exports_servs = 4, imports_servs = 4, household_spending = 12

Preprocessing with Bpanel()...
  NA.replace = FALSE (keep structural NAs)
  na.prop = 1 (don't discard any series)
  aggregate = FALSE (don't apply MA filter that creates more NAs!)

Per-series trans codes:
gdp = 7, building_app = 1, bus_conf = 2, cons_conf = 2, employment = 1, exports_goods = 1, hours_worked = 1, imports_goods = 1, participation = 2, unemp_rate = 2, exports_servs = 7, imports_servs = 7, household_spending = 1
NULL
COVID mask applied: 5 months × 13 series set to NA
Balanced panel: 299x13
Variables: gdp, building_app, bus_conf, cons_conf, employment, exports_goods, hours_worked, imports_goods, participation, unemp_rate, exports_servs, imports_servs, household_spending
Blocks structure: 13 variables × 4 factors (unrestricted)
5th iteration: 
The loglikelihood went from -776.3155 to -774.9305
10th iteration: 
The loglikelihood went from -771.0873 to -770.5176
15th iteration: 
The loglikelihood went from -768.9256 to -768.6138
20th iteration: 
The loglikelihood went from -767.5315 to -767.2919
25th iteration: 
The loglikelihood went from -766.423 to -766.2244
30th iteration: 
The loglikelihood went from -765.4881 to -765.3165
35th iteration: 
The loglikelihood went from -764.6696 to -764.5165
40th iteration: 
The loglikelihood went from -763.9327 to -763.793
45th iteration: 
The loglikelihood went from -763.2549 to -763.125
50th iteration: 
The loglikelihood went from -762.6212 to -762.4988
55th iteration: 
The loglikelihood went from -762.0217 to -761.9053
60th iteration: 
The loglikelihood went from -761.4502 to -761.3389
65th iteration: 
The loglikelihood went from -760.9033 to -760.7966
70th iteration: 
The loglikelihood went from -760.3788 to -760.2764
75th iteration: 
The loglikelihood went from -759.8743 to -759.7754
80th iteration: 
The loglikelihood went from -759.385 to -759.2883
85th iteration: 
The loglikelihood went from -758.9028 to -758.8061
90th iteration: 
The loglikelihood went from -758.4145 to -758.3145
95th iteration: 
The loglikelihood went from -757.9 to -757.7915
100th iteration: 
The loglikelihood went from -757.3285 to -757.2036
105th iteration: 
The loglikelihood went from -756.6528 to -756.4996
110th iteration: 
The loglikelihood went from -755.8058 to -755.609
115th iteration: 
The loglikelihood went from -754.7129 to -754.4607
120th iteration: 
The loglikelihood went from -753.3504 to -753.0532
125th iteration: 
The loglikelihood went from -751.8426 to -751.5463
130th iteration: 
The loglikelihood went from -750.4499 to -750.2043
135th iteration: 
The loglikelihood went from -749.3409 to -749.1511
140th iteration: 
The loglikelihood went from -748.4652 to -748.3068
145th iteration: 
The loglikelihood went from -747.7016 to -747.5548
150th iteration: 
The loglikelihood went from -746.9758 to -746.8322
155th iteration: 
The loglikelihood went from -746.2604 to -746.118
160th iteration: 
The loglikelihood went from -745.5514 to -745.4107
165th iteration: 
The loglikelihood went from -744.854 to -744.7167
170th iteration: 
The loglikelihood went from -744.1767 to -744.0444
175th iteration: 
The loglikelihood went from -743.5271 to -743.4009
180th iteration: 
The loglikelihood went from -742.9096 to -742.79
185th iteration: 
The loglikelihood went from -742.3245 to -742.2111
190th iteration: 
The loglikelihood went from -741.7681 to -741.6598
195th iteration: 
The loglikelihood went from -741.2347 to -741.1302
200th iteration: 
The loglikelihood went from -740.7178 to -740.6159
205th iteration: 
The loglikelihood went from -740.2121 to -740.112
210th iteration: 
The loglikelihood went from -739.7141 to -739.6153
215th iteration: 
The loglikelihood went from -739.222 to -739.1242
220th iteration: 
The loglikelihood went from -738.7354 to -738.6388
225th iteration: 
The loglikelihood went from -738.2552 to -738.16
230th iteration: 
The loglikelihood went from -737.7827 to -737.6893
235th iteration: 
The loglikelihood went from -737.3197 to -737.2283
240th iteration: 
The loglikelihood went from -736.8674 to -736.7784
245th iteration: 
The loglikelihood went from -736.4272 to -736.3406
250th iteration: 
The loglikelihood went from -735.9995 to -735.9155
255th iteration: 
The loglikelihood went from -735.5846 to -735.503
260th iteration: 
The loglikelihood went from -735.1819 to -735.1027
265th iteration: 
The loglikelihood went from -734.7907 to -734.7137
270th iteration: 
The loglikelihood went from -734.41 to -734.335
275th iteration: 
The loglikelihood went from -734.0386 to -733.9653
✓ Model estimation complete
done.
  nowcasting... 
=== Generating GDP Nowcast ===

Target quarter: 2023 Q4
Nowcast for 2023 Q4: QoQ=+0.46%  implied level=$671,887M  YoY=+1.81%  [out (nowcast)]
done.
→ nowcast $671,887M (+0.46%)
[17/25] 2024-03-31Filtering data available as of: 2024-03-31
  → 3034 observations available across all indicators
target: 2024 Q1, periods: 290, live_indicators: 8  estimating DFM... 
=== Component-Based DFM Estimation ===

Note: Using simplified aggregate approach
(Full component-based approach to be implemented)

=== Preparing Data for DFM ===

Indicator matrix: 290 periods × 12 indicators
GDP observations: 96/290 (quarterly, ~67% NAs expected)

Indicator frequencies:
# A tibble: 12 × 3
   indicator_id       frequency freq_numeric
   <chr>              <chr>            <dbl>
 1 household_spending monthly             12
 2 cons_conf          monthly             12
 3 building_app       monthly             12
 4 bus_conf           monthly             12
 5 exports_goods      monthly             12
 6 exports_servs      quarterly            4
 7 imports_goods      monthly             12
 8 imports_servs      quarterly            4
 9 employment         monthly             12
10 unemp_rate         monthly             12
11 participation      monthly             12
12 hours_worked       monthly             12

=== Estimating Dynamic Factor Model ===

Estimating with 4 factors...
Time series created: 290 periods, 13 variables
Variables: gdp, building_app, bus_conf, cons_conf, employment, exports_goods, hours_worked, imports_goods, participation, unemp_rate, exports_servs, imports_servs, household_spending
Formula: gdp ~ .

Frequency vector (4=quarterly, 12=monthly):
gdp = 4, building_app = 12, bus_conf = 12, cons_conf = 12, employment = 12, exports_goods = 12, hours_worked = 12, imports_goods = 12, participation = 12, unemp_rate = 12, exports_servs = 4, imports_servs = 4, household_spending = 12

Preprocessing with Bpanel()...
  NA.replace = FALSE (keep structural NAs)
  na.prop = 1 (don't discard any series)
  aggregate = FALSE (don't apply MA filter that creates more NAs!)

Per-series trans codes:
gdp = 7, building_app = 1, bus_conf = 2, cons_conf = 2, employment = 1, exports_goods = 1, hours_worked = 1, imports_goods = 1, participation = 2, unemp_rate = 2, exports_servs = 7, imports_servs = 7, household_spending = 1
NULL
COVID mask applied: 5 months × 13 series set to NA
Balanced panel: 302x13
Variables: gdp, building_app, bus_conf, cons_conf, employment, exports_goods, hours_worked, imports_goods, participation, unemp_rate, exports_servs, imports_servs, household_spending
Blocks structure: 13 variables × 4 factors (unrestricted)
5th iteration: 
The loglikelihood went from -782.5323 to -781.1674
10th iteration: 
The loglikelihood went from -777.4755 to -776.9383
15th iteration: 
The loglikelihood went from -775.4499 to -775.1615
20th iteration: 
The loglikelihood went from -774.1686 to -773.9503
25th iteration: 
The loglikelihood went from -773.1619 to -772.9822
30th iteration: 
The loglikelihood went from -772.3167 to -772.1616
35th iteration: 
The loglikelihood went from -771.5762 to -771.4374
40th iteration: 
The loglikelihood went from -770.9063 to -770.7788
45th iteration: 
The loglikelihood went from -770.2858 to -770.1663
50th iteration: 
The loglikelihood went from -769.7014 to -769.5882
55th iteration: 
The loglikelihood went from -769.1464 to -769.0387
60th iteration: 
The loglikelihood went from -768.6185 to -768.5162
65th iteration: 
The loglikelihood went from -768.1181 to -768.0215
70th iteration: 
The loglikelihood went from -767.6462 to -767.5553
75th iteration: 
The loglikelihood went from -767.2028 to -767.1174
80th iteration: 
The loglikelihood went from -766.7865 to -766.7063
✓ Model estimation complete
done.
  nowcasting... 
=== Generating GDP Nowcast ===

Target quarter: 2024 Q1
Nowcast for 2024 Q1: QoQ=+0.69%  implied level=$673,369M  YoY=+1.55%  [out (nowcast)]
done.
→ nowcast $673,369M (+0.69%)
[18/25] 2024-06-30Filtering data available as of: 2024-06-30
  → 3067 observations available across all indicators
target: 2024 Q2, periods: 293, live_indicators: 8  estimating DFM... 
=== Component-Based DFM Estimation ===

Note: Using simplified aggregate approach
(Full component-based approach to be implemented)

=== Preparing Data for DFM ===

Indicator matrix: 293 periods × 12 indicators
GDP observations: 97/293 (quarterly, ~67% NAs expected)

Indicator frequencies:
# A tibble: 12 × 3
   indicator_id       frequency freq_numeric
   <chr>              <chr>            <dbl>
 1 household_spending monthly             12
 2 cons_conf          monthly             12
 3 building_app       monthly             12
 4 bus_conf           monthly             12
 5 exports_goods      monthly             12
 6 exports_servs      quarterly            4
 7 imports_goods      monthly             12
 8 imports_servs      quarterly            4
 9 employment         monthly             12
10 unemp_rate         monthly             12
11 participation      monthly             12
12 hours_worked       monthly             12

=== Estimating Dynamic Factor Model ===

Estimating with 4 factors...
Time series created: 293 periods, 13 variables
Variables: gdp, building_app, bus_conf, cons_conf, employment, exports_goods, hours_worked, imports_goods, participation, unemp_rate, exports_servs, imports_servs, household_spending
Formula: gdp ~ .

Frequency vector (4=quarterly, 12=monthly):
gdp = 4, building_app = 12, bus_conf = 12, cons_conf = 12, employment = 12, exports_goods = 12, hours_worked = 12, imports_goods = 12, participation = 12, unemp_rate = 12, exports_servs = 4, imports_servs = 4, household_spending = 12

Preprocessing with Bpanel()...
  NA.replace = FALSE (keep structural NAs)
  na.prop = 1 (don't discard any series)
  aggregate = FALSE (don't apply MA filter that creates more NAs!)

Per-series trans codes:
gdp = 7, building_app = 1, bus_conf = 2, cons_conf = 2, employment = 1, exports_goods = 1, hours_worked = 1, imports_goods = 1, participation = 2, unemp_rate = 2, exports_servs = 7, imports_servs = 7, household_spending = 1
NULL
COVID mask applied: 5 months × 13 series set to NA
Balanced panel: 305x13
Variables: gdp, building_app, bus_conf, cons_conf, employment, exports_goods, hours_worked, imports_goods, participation, unemp_rate, exports_servs, imports_servs, household_spending
Blocks structure: 13 variables × 4 factors (unrestricted)
5th iteration: 
The loglikelihood went from -792.5343 to -791.2834
10th iteration: 
The loglikelihood went from -787.8269 to -787.2911
15th iteration: 
The loglikelihood went from -785.7606 to -785.4604
20th iteration: 
The loglikelihood went from -784.4235 to -784.195
25th iteration: 
The loglikelihood went from -783.3703 to -783.1825
30th iteration: 
The loglikelihood went from -782.4888 to -782.3276
35th iteration: 
The loglikelihood went from -781.7216 to -781.5785
40th iteration: 
The loglikelihood went from -781.0334 to -780.903
45th iteration: 
The loglikelihood went from -780.4006 to -780.2792
50th iteration: 
The loglikelihood went from -779.8068 to -779.6917
55th iteration: 
The loglikelihood went from -779.2409 to -779.1305
60th iteration: 
The loglikelihood went from -778.6971 to -778.5909
65th iteration: 
The loglikelihood went from -778.1751 to -778.0735
70th iteration: 
The loglikelihood went from -777.6785 to -777.5827
75th iteration: 
The loglikelihood went from -777.2124 to -777.1231
80th iteration: 
The loglikelihood went from -776.7796 to -776.6971
✓ Model estimation complete
done.
  nowcasting... 
=== Generating GDP Nowcast ===

Target quarter: 2024 Q2
Nowcast for 2024 Q2: QoQ=+0.77%  implied level=$675,582M  YoY=+1.42%  [out (nowcast)]
done.
→ nowcast $675,582M (+0.77%)
[19/25] 2024-09-30Filtering data available as of: 2024-09-30
  → 3100 observations available across all indicators
target: 2024 Q3, periods: 296, live_indicators: 8  estimating DFM... 
=== Component-Based DFM Estimation ===

Note: Using simplified aggregate approach
(Full component-based approach to be implemented)

=== Preparing Data for DFM ===

Indicator matrix: 296 periods × 12 indicators
GDP observations: 98/296 (quarterly, ~67% NAs expected)

Indicator frequencies:
# A tibble: 12 × 3
   indicator_id       frequency freq_numeric
   <chr>              <chr>            <dbl>
 1 household_spending monthly             12
 2 cons_conf          monthly             12
 3 building_app       monthly             12
 4 bus_conf           monthly             12
 5 exports_goods      monthly             12
 6 exports_servs      quarterly            4
 7 imports_goods      monthly             12
 8 imports_servs      quarterly            4
 9 employment         monthly             12
10 unemp_rate         monthly             12
11 participation      monthly             12
12 hours_worked       monthly             12

=== Estimating Dynamic Factor Model ===

Estimating with 4 factors...
Time series created: 296 periods, 13 variables
Variables: gdp, building_app, bus_conf, cons_conf, employment, exports_goods, hours_worked, imports_goods, participation, unemp_rate, exports_servs, imports_servs, household_spending
Formula: gdp ~ .

Frequency vector (4=quarterly, 12=monthly):
gdp = 4, building_app = 12, bus_conf = 12, cons_conf = 12, employment = 12, exports_goods = 12, hours_worked = 12, imports_goods = 12, participation = 12, unemp_rate = 12, exports_servs = 4, imports_servs = 4, household_spending = 12

Preprocessing with Bpanel()...
  NA.replace = FALSE (keep structural NAs)
  na.prop = 1 (don't discard any series)
  aggregate = FALSE (don't apply MA filter that creates more NAs!)

Per-series trans codes:
gdp = 7, building_app = 1, bus_conf = 2, cons_conf = 2, employment = 1, exports_goods = 1, hours_worked = 1, imports_goods = 1, participation = 2, unemp_rate = 2, exports_servs = 7, imports_servs = 7, household_spending = 1
NULL
COVID mask applied: 5 months × 13 series set to NA
Balanced panel: 308x13
Variables: gdp, building_app, bus_conf, cons_conf, employment, exports_goods, hours_worked, imports_goods, participation, unemp_rate, exports_servs, imports_servs, household_spending
Blocks structure: 13 variables × 4 factors (unrestricted)
5th iteration: 
The loglikelihood went from -802.176 to -800.9524
10th iteration: 
The loglikelihood went from -797.5842 to -797.0505
15th iteration: 
The loglikelihood went from -795.4985 to -795.1911
20th iteration: 
The loglikelihood went from -794.1247 to -793.8888
25th iteration: 
The loglikelihood went from -793.0333 to -792.8377
30th iteration: 
The loglikelihood went from -792.1122 to -791.9429
35th iteration: 
The loglikelihood went from -791.3039 to -791.1524
40th iteration: 
The loglikelihood went from -790.573 to -790.4339
45th iteration: 
The loglikelihood went from -789.8965 to -789.7664
50th iteration: 
The loglikelihood went from -789.2604 to -789.1374
55th iteration: 
The loglikelihood went from -788.6582 to -788.5417
60th iteration: 
The loglikelihood went from -788.0894 to -787.9799
65th iteration: 
The loglikelihood went from -787.5573 to -787.4556
70th iteration: 
The loglikelihood went from -787.0649 to -786.9712
75th iteration: 
The loglikelihood went from -786.6114 to -786.5249
80th iteration: 
The loglikelihood went from -786.1918 to -786.1113
✓ Model estimation complete
done.
  nowcasting... 
=== Generating GDP Nowcast ===

Target quarter: 2024 Q3
Nowcast for 2024 Q3: QoQ=+0.59%  implied level=$676,072M  YoY=+1.09%  [out (nowcast)]
done.
→ nowcast $676,072M (+0.59%)
[20/25] 2024-12-31Filtering data available as of: 2024-12-31
  → 3133 observations available across all indicators
target: 2024 Q4, periods: 299, live_indicators: 8  estimating DFM... 
=== Component-Based DFM Estimation ===

Note: Using simplified aggregate approach
(Full component-based approach to be implemented)

=== Preparing Data for DFM ===

Indicator matrix: 299 periods × 12 indicators
GDP observations: 99/299 (quarterly, ~67% NAs expected)

Indicator frequencies:
# A tibble: 12 × 3
   indicator_id       frequency freq_numeric
   <chr>              <chr>            <dbl>
 1 household_spending monthly             12
 2 cons_conf          monthly             12
 3 building_app       monthly             12
 4 bus_conf           monthly             12
 5 exports_goods      monthly             12
 6 exports_servs      quarterly            4
 7 imports_goods      monthly             12
 8 imports_servs      quarterly            4
 9 employment         monthly             12
10 unemp_rate         monthly             12
11 participation      monthly             12
12 hours_worked       monthly             12

=== Estimating Dynamic Factor Model ===

Estimating with 4 factors...
Time series created: 299 periods, 13 variables
Variables: gdp, building_app, bus_conf, cons_conf, employment, exports_goods, hours_worked, imports_goods, participation, unemp_rate, exports_servs, imports_servs, household_spending
Formula: gdp ~ .

Frequency vector (4=quarterly, 12=monthly):
gdp = 4, building_app = 12, bus_conf = 12, cons_conf = 12, employment = 12, exports_goods = 12, hours_worked = 12, imports_goods = 12, participation = 12, unemp_rate = 12, exports_servs = 4, imports_servs = 4, household_spending = 12

Preprocessing with Bpanel()...
  NA.replace = FALSE (keep structural NAs)
  na.prop = 1 (don't discard any series)
  aggregate = FALSE (don't apply MA filter that creates more NAs!)

Per-series trans codes:
gdp = 7, building_app = 1, bus_conf = 2, cons_conf = 2, employment = 1, exports_goods = 1, hours_worked = 1, imports_goods = 1, participation = 2, unemp_rate = 2, exports_servs = 7, imports_servs = 7, household_spending = 1
NULL
COVID mask applied: 5 months × 13 series set to NA
Balanced panel: 311x13
Variables: gdp, building_app, bus_conf, cons_conf, employment, exports_goods, hours_worked, imports_goods, participation, unemp_rate, exports_servs, imports_servs, household_spending
Blocks structure: 13 variables × 4 factors (unrestricted)
5th iteration: 
The loglikelihood went from -811.3185 to -810.093
10th iteration: 
The loglikelihood went from -806.6818 to -806.1353
15th iteration: 
The loglikelihood went from -804.5513 to -804.2393
20th iteration: 
The loglikelihood went from -803.1593 to -802.9206
25th iteration: 
The loglikelihood went from -802.0545 to -801.8565
30th iteration: 
The loglikelihood went from -801.1211 to -800.9493
35th iteration: 
The loglikelihood went from -800.3006 to -800.1467
40th iteration: 
The loglikelihood went from -799.5575 to -799.416
45th iteration: 
The loglikelihood went from -798.8688 to -798.7362
50th iteration: 
The loglikelihood went from -798.2202 to -798.0945
55th iteration: 
The loglikelihood went from -797.6044 to -797.485
60th iteration: 
The loglikelihood went from -797.0204 to -796.9076
65th iteration: 
The loglikelihood went from -796.4707 to -796.3651
70th iteration: 
The loglikelihood went from -795.9578 to -795.8597
75th iteration: 
The loglikelihood went from -795.4812 to -795.3899
80th iteration: 
The loglikelihood went from -795.0361 to -794.9502
85th iteration: 
The loglikelihood went from -794.6155 to -794.5337
90th iteration: 
The loglikelihood went from -794.2125 to -794.1335
✓ Model estimation complete
done.
  nowcasting... 
=== Generating GDP Nowcast ===

Target quarter: 2024 Q4
Nowcast for 2024 Q4: QoQ=+0.73%  implied level=$679,076M  YoY=+1.54%  [out (nowcast)]
done.
→ nowcast $679,076M (+0.73%)
[21/25] 2025-03-31Filtering data available as of: 2025-03-31
  → 3166 observations available across all indicators
target: 2025 Q1, periods: 302, live_indicators: 8  estimating DFM... 
=== Component-Based DFM Estimation ===

Note: Using simplified aggregate approach
(Full component-based approach to be implemented)

=== Preparing Data for DFM ===

Indicator matrix: 302 periods × 12 indicators
GDP observations: 100/302 (quarterly, ~67% NAs expected)

Indicator frequencies:
# A tibble: 12 × 3
   indicator_id       frequency freq_numeric
   <chr>              <chr>            <dbl>
 1 household_spending monthly             12
 2 cons_conf          monthly             12
 3 building_app       monthly             12
 4 bus_conf           monthly             12
 5 exports_goods      monthly             12
 6 exports_servs      quarterly            4
 7 imports_goods      monthly             12
 8 imports_servs      quarterly            4
 9 employment         monthly             12
10 unemp_rate         monthly             12
11 participation      monthly             12
12 hours_worked       monthly             12

=== Estimating Dynamic Factor Model ===

Estimating with 4 factors...
Time series created: 302 periods, 13 variables
Variables: gdp, building_app, bus_conf, cons_conf, employment, exports_goods, hours_worked, imports_goods, participation, unemp_rate, exports_servs, imports_servs, household_spending
Formula: gdp ~ .

Frequency vector (4=quarterly, 12=monthly):
gdp = 4, building_app = 12, bus_conf = 12, cons_conf = 12, employment = 12, exports_goods = 12, hours_worked = 12, imports_goods = 12, participation = 12, unemp_rate = 12, exports_servs = 4, imports_servs = 4, household_spending = 12

Preprocessing with Bpanel()...
  NA.replace = FALSE (keep structural NAs)
  na.prop = 1 (don't discard any series)
  aggregate = FALSE (don't apply MA filter that creates more NAs!)

Per-series trans codes:
gdp = 7, building_app = 1, bus_conf = 2, cons_conf = 2, employment = 1, exports_goods = 1, hours_worked = 1, imports_goods = 1, participation = 2, unemp_rate = 2, exports_servs = 7, imports_servs = 7, household_spending = 1
NULL
COVID mask applied: 5 months × 13 series set to NA
Balanced panel: 314x13
Variables: gdp, building_app, bus_conf, cons_conf, employment, exports_goods, hours_worked, imports_goods, participation, unemp_rate, exports_servs, imports_servs, household_spending
Blocks structure: 13 variables × 4 factors (unrestricted)
5th iteration: 
The loglikelihood went from -819.1001 to -817.9356
10th iteration: 
The loglikelihood went from -814.6295 to -814.0762
15th iteration: 
The loglikelihood went from -812.4591 to -812.1429
20th iteration: 
The loglikelihood went from -811.0536 to -810.8128
25th iteration: 
The loglikelihood went from -809.9366 to -809.7351
30th iteration: 
The loglikelihood went from -808.9825 to -808.8055
35th iteration: 
The loglikelihood went from -808.132 to -807.971
40th iteration: 
The loglikelihood went from -807.3501 to -807.1999
45th iteration: 
The loglikelihood went from -806.6157 to -806.4733
50th iteration: 
The loglikelihood went from -805.917 to -805.781
55th iteration: 
The loglikelihood went from -805.2495 to -805.1197
60th iteration: 
The loglikelihood went from -804.6139 to -804.4908
65th iteration: 
The loglikelihood went from -804.0122 to -803.896
70th iteration: 
The loglikelihood went from -803.4436 to -803.3335
75th iteration: 
The loglikelihood went from -802.9034 to -802.7981
80th iteration: 
The loglikelihood went from -802.3841 to -802.2822
85th iteration: 
The loglikelihood went from -801.8789 to -801.7791
90th iteration: 
The loglikelihood went from -801.3827 to -801.2842
95th iteration: 
The loglikelihood went from -800.8926 to -800.7952
100th iteration: 
The loglikelihood went from -800.4079 to -800.3116
105th iteration: 
The loglikelihood went from -799.9288 to -799.8338
110th iteration: 
The loglikelihood went from -799.4565 to -799.3629
115th iteration: 
The loglikelihood went from -798.9916 to -798.8996
120th iteration: 
The loglikelihood went from -798.5348 to -798.4444
125th iteration: 
The loglikelihood went from -798.0861 to -797.9973
130th iteration: 
The loglikelihood went from -797.645 to -797.5576
135th iteration: 
The loglikelihood went from -797.2106 to -797.1244
140th iteration: 
The loglikelihood went from -796.7814 to -796.696
145th iteration: 
The loglikelihood went from -796.3556 to -796.2707
150th iteration: 
The loglikelihood went from -795.9311 to -795.8461
155th iteration: 
The loglikelihood went from -795.5053 to -795.4197
160th iteration: 
The loglikelihood went from -795.0755 to -794.9889
165th iteration: 
The loglikelihood went from -794.6392 to -794.551
170th iteration: 
The loglikelihood went from -794.194 to -794.1037
175th iteration: 
The loglikelihood went from -793.738 to -793.6455
180th iteration: 
The loglikelihood went from -793.271 to -793.1763
185th iteration: 
The loglikelihood went from -792.7937 to -792.6973
190th iteration: 
The loglikelihood went from -792.3089 to -792.2114
195th iteration: 
The loglikelihood went from -791.8203 to -791.7225
200th iteration: 
The loglikelihood went from -791.3321 to -791.2349
205th iteration: 
The loglikelihood went from -790.8479 to -790.7518
210th iteration: 
The loglikelihood went from -790.3697 to -790.2747
215th iteration: 
The loglikelihood went from -789.8968 to -789.8026
220th iteration: 
The loglikelihood went from -789.4254 to -789.3306
225th iteration: 
The loglikelihood went from -788.947 to -788.8493
230th iteration: 
The loglikelihood went from -788.4467 to -788.3421
235th iteration: 
The loglikelihood went from -787.8994 to -787.7808
240th iteration: 
The loglikelihood went from -787.2615 to -787.1174
245th iteration: 
The loglikelihood went from -786.4606 to -786.2718
250th iteration: 
The loglikelihood went from -785.3871 to -785.1287
255th iteration: 
The loglikelihood went from -783.9294 to -783.5896
260th iteration: 
The loglikelihood went from -782.1192 to -781.7389
265th iteration: 
The loglikelihood went from -780.2761 to -779.9405
270th iteration: 
The loglikelihood went from -778.7625 to -778.5083
275th iteration: 
The loglikelihood went from -777.6199 to -777.4234
280th iteration: 
The loglikelihood went from -776.7077 to -776.5427
285th iteration: 
The loglikelihood went from -775.9248 to -775.7795
290th iteration: 
The loglikelihood went from -775.23 to -775.1001
295th iteration: 
The loglikelihood went from -774.6075 to -774.4909
300th iteration: 
The loglikelihood went from -774.0485 to -773.9436
305th iteration: 
The loglikelihood went from -773.5451 to -773.4504
310th iteration: 
The loglikelihood went from -773.0889 to -773.0025
315th iteration: 
The loglikelihood went from -772.6709 to -772.5911
✓ Model estimation complete
done.
  nowcasting... 
=== Generating GDP Nowcast ===

Target quarter: 2025 Q1
Nowcast for 2025 Q1: QoQ=+0.64%  implied level=$681,429M  YoY=+1.65%  [out (nowcast)]
done.
→ nowcast $681,429M (+0.64%)
[22/25] 2025-06-30Filtering data available as of: 2025-06-30
  → 3199 observations available across all indicators
target: 2025 Q2, periods: 305, live_indicators: 8  estimating DFM... 
=== Component-Based DFM Estimation ===

Note: Using simplified aggregate approach
(Full component-based approach to be implemented)

=== Preparing Data for DFM ===

Indicator matrix: 305 periods × 12 indicators
GDP observations: 101/305 (quarterly, ~67% NAs expected)

Indicator frequencies:
# A tibble: 12 × 3
   indicator_id       frequency freq_numeric
   <chr>              <chr>            <dbl>
 1 household_spending monthly             12
 2 cons_conf          monthly             12
 3 building_app       monthly             12
 4 bus_conf           monthly             12
 5 exports_goods      monthly             12
 6 exports_servs      quarterly            4
 7 imports_goods      monthly             12
 8 imports_servs      quarterly            4
 9 employment         monthly             12
10 unemp_rate         monthly             12
11 participation      monthly             12
12 hours_worked       monthly             12

=== Estimating Dynamic Factor Model ===

Estimating with 4 factors...
Time series created: 305 periods, 13 variables
Variables: gdp, building_app, bus_conf, cons_conf, employment, exports_goods, hours_worked, imports_goods, participation, unemp_rate, exports_servs, imports_servs, household_spending
Formula: gdp ~ .

Frequency vector (4=quarterly, 12=monthly):
gdp = 4, building_app = 12, bus_conf = 12, cons_conf = 12, employment = 12, exports_goods = 12, hours_worked = 12, imports_goods = 12, participation = 12, unemp_rate = 12, exports_servs = 4, imports_servs = 4, household_spending = 12

Preprocessing with Bpanel()...
  NA.replace = FALSE (keep structural NAs)
  na.prop = 1 (don't discard any series)
  aggregate = FALSE (don't apply MA filter that creates more NAs!)

Per-series trans codes:
gdp = 7, building_app = 1, bus_conf = 2, cons_conf = 2, employment = 1, exports_goods = 1, hours_worked = 1, imports_goods = 1, participation = 2, unemp_rate = 2, exports_servs = 7, imports_servs = 7, household_spending = 1
NULL
COVID mask applied: 5 months × 13 series set to NA
Balanced panel: 317x13
Variables: gdp, building_app, bus_conf, cons_conf, employment, exports_goods, hours_worked, imports_goods, participation, unemp_rate, exports_servs, imports_servs, household_spending
Blocks structure: 13 variables × 4 factors (unrestricted)
5th iteration: 
The loglikelihood went from -827.6615 to -826.5496
10th iteration: 
The loglikelihood went from -823.3913 to -822.8462
15th iteration: 
The loglikelihood went from -821.1987 to -820.8689
20th iteration: 
The loglikelihood went from -819.7227 to -819.4677
25th iteration: 
The loglikelihood went from -818.5346 to -818.319
30th iteration: 
The loglikelihood went from -817.5096 to -817.3183
35th iteration: 
The loglikelihood went from -816.5871 to -816.4115
40th iteration: 
The loglikelihood went from -815.7312 to -815.5659
45th iteration: 
The loglikelihood went from -814.9196 to -814.7614
50th iteration: 
The loglikelihood went from -814.1395 to -813.9867
55th iteration: 
The loglikelihood went from -813.386 to -813.2385
60th iteration: 
The loglikelihood went from -812.6601 to -812.5186
65th iteration: 
The loglikelihood went from -811.965 to -811.8298
70th iteration: 
The loglikelihood went from -811.3017 to -811.1727
75th iteration: 
The loglikelihood went from -810.668 to -810.5445
80th iteration: 
The loglikelihood went from -810.0598 to -809.9409
85th iteration: 
The loglikelihood went from -809.4732 to -809.3582
90th iteration: 
The loglikelihood went from -808.9058 to -808.7946
95th iteration: 
The loglikelihood went from -808.3567 to -808.249
100th iteration: 
The loglikelihood went from -807.8256 to -807.7215
105th iteration: 
The loglikelihood went from -807.3124 to -807.2119
110th iteration: 
The loglikelihood went from -806.8169 to -806.7199
115th iteration: 
The loglikelihood went from -806.3384 to -806.2447
120th iteration: 
The loglikelihood went from -805.8761 to -805.7855
125th iteration: 
The loglikelihood went from -805.4289 to -805.3412
130th iteration: 
The loglikelihood went from -804.9957 to -804.9106
135th iteration: 
The loglikelihood went from -804.5752 to -804.4926
140th iteration: 
The loglikelihood went from -804.1664 to -804.0859
✓ Model estimation complete
done.
  nowcasting... 
=== Generating GDP Nowcast ===

Target quarter: 2025 Q2
Nowcast for 2025 Q2: QoQ=+0.67%  implied level=$683,364M  YoY=+1.68%  [out (nowcast)]
done.
→ nowcast $683,364M (+0.67%)
[23/25] 2025-09-30Filtering data available as of: 2025-09-30
  → 3232 observations available across all indicators
target: 2025 Q3, periods: 308, live_indicators: 8  estimating DFM... 
=== Component-Based DFM Estimation ===

Note: Using simplified aggregate approach
(Full component-based approach to be implemented)

=== Preparing Data for DFM ===

Indicator matrix: 308 periods × 12 indicators
GDP observations: 102/308 (quarterly, ~67% NAs expected)

Indicator frequencies:
# A tibble: 12 × 3
   indicator_id       frequency freq_numeric
   <chr>              <chr>            <dbl>
 1 household_spending monthly             12
 2 cons_conf          monthly             12
 3 building_app       monthly             12
 4 bus_conf           monthly             12
 5 exports_goods      monthly             12
 6 exports_servs      quarterly            4
 7 imports_goods      monthly             12
 8 imports_servs      quarterly            4
 9 employment         monthly             12
10 unemp_rate         monthly             12
11 participation      monthly             12
12 hours_worked       monthly             12

=== Estimating Dynamic Factor Model ===

Estimating with 4 factors...
Time series created: 308 periods, 13 variables
Variables: gdp, building_app, bus_conf, cons_conf, employment, exports_goods, hours_worked, imports_goods, participation, unemp_rate, exports_servs, imports_servs, household_spending
Formula: gdp ~ .

Frequency vector (4=quarterly, 12=monthly):
gdp = 4, building_app = 12, bus_conf = 12, cons_conf = 12, employment = 12, exports_goods = 12, hours_worked = 12, imports_goods = 12, participation = 12, unemp_rate = 12, exports_servs = 4, imports_servs = 4, household_spending = 12

Preprocessing with Bpanel()...
  NA.replace = FALSE (keep structural NAs)
  na.prop = 1 (don't discard any series)
  aggregate = FALSE (don't apply MA filter that creates more NAs!)

Per-series trans codes:
gdp = 7, building_app = 1, bus_conf = 2, cons_conf = 2, employment = 1, exports_goods = 1, hours_worked = 1, imports_goods = 1, participation = 2, unemp_rate = 2, exports_servs = 7, imports_servs = 7, household_spending = 1
NULL
COVID mask applied: 5 months × 13 series set to NA
Balanced panel: 320x13
Variables: gdp, building_app, bus_conf, cons_conf, employment, exports_goods, hours_worked, imports_goods, participation, unemp_rate, exports_servs, imports_servs, household_spending
Blocks structure: 13 variables × 4 factors (unrestricted)
5th iteration: 
The loglikelihood went from -837.7574 to -836.6539
10th iteration: 
The loglikelihood went from -833.5556 to -833.0197
15th iteration: 
The loglikelihood went from -831.3833 to -831.0523
20th iteration: 
The loglikelihood went from -829.89 to -829.6282
25th iteration: 
The loglikelihood went from -828.6564 to -828.4283
30th iteration: 
The loglikelihood went from -827.5579 to -827.3488
35th iteration: 
The loglikelihood went from -826.5371 to -826.3392
40th iteration: 
The loglikelihood went from -825.5639 to -825.3735
45th iteration: 
The loglikelihood went from -824.6245 to -824.4403
50th iteration: 
The loglikelihood went from -823.7159 to -823.5381
55th iteration: 
The loglikelihood went from -822.8416 to -822.6714
60th iteration: 
The loglikelihood went from -822.0077 to -821.8462
65th iteration: 
The loglikelihood went from -821.2184 to -821.066
70th iteration: 
The loglikelihood went from -820.4743 to -820.3307
75th iteration: 
The loglikelihood went from -819.7724 to -819.6367
80th iteration: 
The loglikelihood went from -819.1079 to -818.9791
85th iteration: 
The loglikelihood went from -818.4763 to -818.3536
90th iteration: 
The loglikelihood went from -817.8741 to -817.7569
