- The project is out-of-sync -- use `renv::status()` for details.

========================================
  PARAMETERISED BACKTEST SWEEP
========================================
master:   experimental/data/master_expanded.rds
metadata: experimental/seed/component_metadata_expanded.rds
out_root: experimental/backtest_output
window:   2020-01-01 -> 2026-03-31 (quarterly)
started:  2026-06-04 05:03:53
========================================

── Attaching core tidyverse packages ──────────────────────── tidyverse 2.0.0 ──
✔ forcats   1.0.1     ✔ purrr     1.2.2
✔ ggplot2   4.0.0     ✔ stringr   1.5.2
✔ lubridate 1.9.4     ✔ tibble    3.3.0
── Conflicts ────────────────────────────────────────── tidyverse_conflicts() ──
✖ dplyr::filter() masks stats::filter()
✖ dplyr::lag()    masks stats::lag()
ℹ Use the conflicted package (<http://conflicted.r-lib.org/>) to force all conflicts to become errors
ABS Release Schedule:
# A tibble: 13 × 4
   indicator_id       release_day_of_month release_lag_days release_frequency
   <chr>                             <dbl>            <dbl> <chr>            
 1 employment                           15               15 monthly          
 2 unemp_rate                           15               15 monthly          
 3 participation                        15               15 monthly          
 4 hours_worked                         15               15 monthly          
 5 household_spending                   30               30 monthly          
 6 exports_goods                         7               45 monthly          
 7 imports_goods                         7               45 monthly          
 8 exports_servs                         7               62 quarterly        
 9 imports_servs                         7               62 quarterly        
10 building_app                         30               30 monthly          
11 cons_conf                             5                5 monthly          
12 bus_conf                             11               11 monthly          
13 gdp_quarterly                         5               64 quarterly        

Release schedule saved to: .cache/processed/release_schedule.rds

=== Release Calendar Script Ready ===

Key functions:
  - get_available_data() - Filter to data available as of specific date
  - summarize_data_availability() - Check what's available now
  - generate_backtest_dates() - Create dates for historical evaluation
  - create_backtest_snapshot() - Get historical data snapshot
  - track_recent_releases() - See what updated recently

This enables:
  1. Real-time nowcasting with ragged edge data
  2. Backtesting with historically available data only
  3. Tracking impact of new data releases

Attaching package: 'Matrix'

The following objects are masked from 'package:tidyr':

    expand, pack, unpack


=== Model Estimation Script Ready ===

Key functions:
  - prepare_data_for_dfm() - Format data for nowcasting package
  - configure_dfm() - Set model parameters
  - estimate_dfm() - Run EM algorithm to estimate model
  - check_model_diagnostics() - Validate model quality
  - save_model() / load_model() - Persist models
  - run_model_estimation() - Complete workflow

Example usage:
  master_data <- readRDS(".cache/processed/master_dataset_wide.rds")
  result <- run_model_estimation(master_data, n_factors = 5)
  model <- result$model

Note: The nowcasting package API may vary by version.
You may need to adjust function calls based on installed version.
Check: help(package = 'nowcasting') for available functions
ABS Release Schedule:
# A tibble: 13 × 4
   indicator_id       release_day_of_month release_lag_days release_frequency
   <chr>                             <dbl>            <dbl> <chr>            
 1 employment                           15               15 monthly          
 2 unemp_rate                           15               15 monthly          
 3 participation                        15               15 monthly          
 4 hours_worked                         15               15 monthly          
 5 household_spending                   30               30 monthly          
 6 exports_goods                         7               45 monthly          
 7 imports_goods                         7               45 monthly          
 8 exports_servs                         7               62 quarterly        
 9 imports_servs                         7               62 quarterly        
10 building_app                         30               30 monthly          
11 cons_conf                             5                5 monthly          
12 bus_conf                             11               11 monthly          
13 gdp_quarterly                         5               64 quarterly        

Release schedule saved to: .cache/processed/release_schedule.rds

=== Release Calendar Script Ready ===

Key functions:
  - get_available_data() - Filter to data available as of specific date
  - summarize_data_availability() - Check what's available now
  - generate_backtest_dates() - Create dates for historical evaluation
  - create_backtest_snapshot() - Get historical data snapshot
  - track_recent_releases() - See what updated recently

This enables:
  1. Real-time nowcasting with ragged edge data
  2. Backtesting with historically available data only
  3. Tracking impact of new data releases

=== Model Estimation Script Ready ===

Key functions:
  - prepare_data_for_dfm() - Format data for nowcasting package
  - configure_dfm() - Set model parameters
  - estimate_dfm() - Run EM algorithm to estimate model
  - check_model_diagnostics() - Validate model quality
  - save_model() / load_model() - Persist models
  - run_model_estimation() - Complete workflow

Example usage:
  master_data <- readRDS(".cache/processed/master_dataset_wide.rds")
  result <- run_model_estimation(master_data, n_factors = 5)
  model <- result$model

Note: The nowcasting package API may vary by version.
You may need to adjust function calls based on installed version.
Check: help(package = 'nowcasting') for available functions

=== Nowcast Generation Script Ready ===

Key functions:
  - generate_nowcast() - Core nowcast generation with Kalman filter
  - calculate_confidence_intervals() - Uncertainty quantification
  - calculate_component_contributions() - GDP component breakdown
  - track_nowcast_evolution() - Track changes over quarter
  - calculate_data_release_impact() - Measure 'news' effect
  - run_complete_nowcast() - Complete workflow
  - save_nowcast_results() - Persist results

Outputs:
  - Point estimate of GDP growth
  - 68% and 95% confidence intervals
  - Component contributions (requires full component model)
  - Nowcast evolution time series
  - Data release impact attribution

=== Backtest harness ready ===
Functions: run_backtest(), calculate_accuracy_metrics(), plot_nowcast_vs_actual(), plot_forecast_errors(), generate_backtest_report(), save_backtest_results()

Warning message:
package 'purrr' was built under R version 4.5.3 
>>> component_metadata OVERRIDDEN: 17 indicators
>>> abs_release_schedule extended with 4 new series: commodity_prices, aud_usd, inventories, arrivals
Indicators in metadata:
   household_spending, cons_conf, building_app, bus_conf, exports_goods, exports_servs, imports_goods, imports_servs, employment, unemp_rate, participation, hours_worked, gdp_quarterly, commodity_prices, aud_usd, inventories, arrivals 

master loaded: 316 periods, 17 indicator columns
  columns: building_app, bus_conf, cons_conf, employment, exports_goods, hours_worked, imports_goods, participation, unemp_rate, exports_servs, gdp_quarterly, imports_servs, household_spending, commodity_prices, aud_usd, inventories, arrivals 



########## r = 2 ##########

=== DFM Configuration ===
Number of factors: 2
VAR order: 1
EM max iterations: 100
EM tolerance: 1e-04

========================================
  NOWCAST MODEL BACKTESTING
========================================

Period: 2020-01-01 to 2026-03-31Frequency: quarterlyModel: 2-factor DFM
Using wide format from master dataset list

Backtest dates: 25 iterations
[1/25] 2020-03-31Filtering data available as of: 2020-03-31
  → 3191 observations available across all indicators
target: 2020 Q1, periods: 242, live_indicators: 10  estimating DFM... 
=== Component-Based DFM Estimation ===

Note: Using simplified aggregate approach
(Full component-based approach to be implemented)

=== Preparing Data for DFM ===

Indicator matrix: 242 periods × 16 indicators
GDP observations: 80/242 (quarterly, ~67% NAs expected)

Indicator frequencies:
# A tibble: 16 × 3
   indicator_id       frequency freq_numeric
   <chr>              <chr>            <dbl>
 1 household_spending monthly             12
 2 cons_conf          monthly             12
 3 building_app       monthly             12
 4 bus_conf           monthly             12
 5 exports_goods      monthly             12
 6 exports_servs      quarterly            4
 7 imports_goods      monthly             12
 8 imports_servs      quarterly            4
 9 employment         monthly             12
10 unemp_rate         monthly             12
11 participation      monthly             12
12 hours_worked       monthly             12
13 commodity_prices   monthly             12
14 aud_usd            monthly             12
15 inventories        quarterly            4
16 arrivals           monthly             12

=== Estimating Dynamic Factor Model ===

Estimating with 2 factors...
Time series created: 242 periods, 17 variables
Variables: gdp, building_app, bus_conf, cons_conf, employment, exports_goods, hours_worked, imports_goods, participation, unemp_rate, exports_servs, imports_servs, household_spending, commodity_prices, aud_usd, inventories, arrivals
Formula: gdp ~ .

Frequency vector (4=quarterly, 12=monthly):
gdp = 4, building_app = 12, bus_conf = 12, cons_conf = 12, employment = 12, exports_goods = 12, hours_worked = 12, imports_goods = 12, participation = 12, unemp_rate = 12, exports_servs = 4, imports_servs = 4, household_spending = 12, commodity_prices = 12, aud_usd = 12, inventories = 4, arrivals = 12

Preprocessing with Bpanel()...
  NA.replace = FALSE (keep structural NAs)
  na.prop = 1 (don't discard any series)
  aggregate = FALSE (don't apply MA filter that creates more NAs!)

Per-series trans codes:
gdp = 7, building_app = 1, bus_conf = 2, cons_conf = 2, employment = 1, exports_goods = 1, hours_worked = 1, imports_goods = 1, participation = 2, unemp_rate = 2, exports_servs = 7, imports_servs = 7, household_spending = 1, commodity_prices = 1, aud_usd = 2, inventories = 7, arrivals = 1
NULL
COVID mask applied: 5 months × 17 series set to NA
Balanced panel: 254x17
Variables: gdp, building_app, bus_conf, cons_conf, employment, exports_goods, hours_worked, imports_goods, participation, unemp_rate, exports_servs, imports_servs, household_spending, commodity_prices, aud_usd, inventories, arrivals
Blocks structure: 17 variables × 2 factors (unrestricted)
5th iteration: 
The loglikelihood went from -988.1434 to -965.8348
10th iteration: 
The loglikelihood went from -879.183 to -860.3052
15th iteration: 
The loglikelihood went from -811.6376 to -807.1312
20th iteration: 
The loglikelihood went from -800.985 to -800.4731
25th iteration: 
The loglikelihood went from -799.2412 to -799.0229
30th iteration: 
The loglikelihood went from -798.3051 to -798.1533
35th iteration: 
The loglikelihood went from -797.6199 to -797.5012
40th iteration: 
The loglikelihood went from -797.0698 to -796.9708
45th iteration: 
The loglikelihood went from -796.6016 to -796.515
50th iteration: 
The loglikelihood went from -796.1863 to -796.108
✓ Model estimation complete
done.
  nowcasting... 
=== Generating GDP Nowcast ===

Target quarter: 2020 Q1
Nowcast for 2020 Q1: QoQ=+0.70%  implied level=$616,161M  YoY=+2.20%  [out (nowcast)]
done.
→ nowcast $616,161M (+0.70%)
[2/25] 2020-06-30Filtering data available as of: 2020-06-30
  → 3234 observations available across all indicators
target: 2020 Q2, periods: 245, live_indicators: 10  estimating DFM... 
=== Component-Based DFM Estimation ===

Note: Using simplified aggregate approach
(Full component-based approach to be implemented)

=== Preparing Data for DFM ===

Indicator matrix: 245 periods × 16 indicators
GDP observations: 81/245 (quarterly, ~67% NAs expected)

Indicator frequencies:
# A tibble: 16 × 3
   indicator_id       frequency freq_numeric
   <chr>              <chr>            <dbl>
 1 household_spending monthly             12
 2 cons_conf          monthly             12
 3 building_app       monthly             12
 4 bus_conf           monthly             12
 5 exports_goods      monthly             12
 6 exports_servs      quarterly            4
 7 imports_goods      monthly             12
 8 imports_servs      quarterly            4
 9 employment         monthly             12
10 unemp_rate         monthly             12
11 participation      monthly             12
12 hours_worked       monthly             12
13 commodity_prices   monthly             12
14 aud_usd            monthly             12
15 inventories        quarterly            4
16 arrivals           monthly             12

=== Estimating Dynamic Factor Model ===

Estimating with 2 factors...
Time series created: 245 periods, 17 variables
Variables: gdp, building_app, bus_conf, cons_conf, employment, exports_goods, hours_worked, imports_goods, participation, unemp_rate, exports_servs, imports_servs, household_spending, commodity_prices, aud_usd, inventories, arrivals
Formula: gdp ~ .

Frequency vector (4=quarterly, 12=monthly):
gdp = 4, building_app = 12, bus_conf = 12, cons_conf = 12, employment = 12, exports_goods = 12, hours_worked = 12, imports_goods = 12, participation = 12, unemp_rate = 12, exports_servs = 4, imports_servs = 4, household_spending = 12, commodity_prices = 12, aud_usd = 12, inventories = 4, arrivals = 12

Preprocessing with Bpanel()...
  NA.replace = FALSE (keep structural NAs)
  na.prop = 1 (don't discard any series)
  aggregate = FALSE (don't apply MA filter that creates more NAs!)

Per-series trans codes:
gdp = 7, building_app = 1, bus_conf = 2, cons_conf = 2, employment = 1, exports_goods = 1, hours_worked = 1, imports_goods = 1, participation = 2, unemp_rate = 2, exports_servs = 7, imports_servs = 7, household_spending = 1, commodity_prices = 1, aud_usd = 2, inventories = 7, arrivals = 1
NULL
COVID mask applied: 5 months × 17 series set to NA
Balanced panel: 257x17
Variables: gdp, building_app, bus_conf, cons_conf, employment, exports_goods, hours_worked, imports_goods, participation, unemp_rate, exports_servs, imports_servs, household_spending, commodity_prices, aud_usd, inventories, arrivals
Blocks structure: 17 variables × 2 factors (unrestricted)
5th iteration: 
The loglikelihood went from -993.909 to -971.7515
10th iteration: 
The loglikelihood went from -884.959 to -865.867
15th iteration: 
The loglikelihood went from -815.9562 to -811.2424
20th iteration: 
The loglikelihood went from -804.7962 to -804.2642
25th iteration: 
The loglikelihood went from -802.999 to -802.7771
30th iteration: 
The loglikelihood went from -802.0504 to -801.8973
35th iteration: 
The loglikelihood went from -801.3606 to -801.2415
40th iteration: 
The loglikelihood went from -800.8089 to -800.7097
45th iteration: 
The loglikelihood went from -800.3401 to -800.2534
✓ Model estimation complete
done.
  nowcasting... 
=== Generating GDP Nowcast ===

Target quarter: 2020 Q2
Nowcast for 2020 Q2: QoQ=+0.71%  implied level=$614,865M  YoY=+1.68%  [out (nowcast)]
done.
→ nowcast $614,865M (+0.71%)
[3/25] 2020-09-30Filtering data available as of: 2020-09-30
  → 3277 observations available across all indicators
target: 2020 Q3, periods: 248, live_indicators: 10  estimating DFM... 
=== Component-Based DFM Estimation ===

Note: Using simplified aggregate approach
(Full component-based approach to be implemented)

=== Preparing Data for DFM ===

Indicator matrix: 248 periods × 16 indicators
GDP observations: 82/248 (quarterly, ~67% NAs expected)

Indicator frequencies:
# A tibble: 16 × 3
   indicator_id       frequency freq_numeric
   <chr>              <chr>            <dbl>
 1 household_spending monthly             12
 2 cons_conf          monthly             12
 3 building_app       monthly             12
 4 bus_conf           monthly             12
 5 exports_goods      monthly             12
 6 exports_servs      quarterly            4
 7 imports_goods      monthly             12
 8 imports_servs      quarterly            4
 9 employment         monthly             12
10 unemp_rate         monthly             12
11 participation      monthly             12
12 hours_worked       monthly             12
13 commodity_prices   monthly             12
14 aud_usd            monthly             12
15 inventories        quarterly            4
16 arrivals           monthly             12

=== Estimating Dynamic Factor Model ===

Estimating with 2 factors...
Time series created: 248 periods, 17 variables
Variables: gdp, building_app, bus_conf, cons_conf, employment, exports_goods, hours_worked, imports_goods, participation, unemp_rate, exports_servs, imports_servs, household_spending, commodity_prices, aud_usd, inventories, arrivals
Formula: gdp ~ .

Frequency vector (4=quarterly, 12=monthly):
gdp = 4, building_app = 12, bus_conf = 12, cons_conf = 12, employment = 12, exports_goods = 12, hours_worked = 12, imports_goods = 12, participation = 12, unemp_rate = 12, exports_servs = 4, imports_servs = 4, household_spending = 12, commodity_prices = 12, aud_usd = 12, inventories = 4, arrivals = 12

Preprocessing with Bpanel()...
  NA.replace = FALSE (keep structural NAs)
  na.prop = 1 (don't discard any series)
  aggregate = FALSE (don't apply MA filter that creates more NAs!)

Per-series trans codes:
gdp = 7, building_app = 1, bus_conf = 2, cons_conf = 2, employment = 1, exports_goods = 1, hours_worked = 1, imports_goods = 1, participation = 2, unemp_rate = 2, exports_servs = 7, imports_servs = 7, household_spending = 1, commodity_prices = 1, aud_usd = 2, inventories = 7, arrivals = 1
NULL
COVID mask applied: 5 months × 17 series set to NA
Balanced panel: 260x17
Variables: gdp, building_app, bus_conf, cons_conf, employment, exports_goods, hours_worked, imports_goods, participation, unemp_rate, exports_servs, imports_servs, household_spending, commodity_prices, aud_usd, inventories, arrivals
Blocks structure: 17 variables × 2 factors (unrestricted)
5th iteration: 
The loglikelihood went from -1005.8832 to -984.0091
10th iteration: 
The loglikelihood went from -901.2531 to -883.9994
15th iteration: 
The loglikelihood went from -840.2816 to -835.7124
20th iteration: 
The loglikelihood went from -829.1691 to -828.5854
25th iteration: 
The loglikelihood went from -827.0793 to -826.799
30th iteration: 
The loglikelihood went from -825.8627 to -825.6632
35th iteration: 
The loglikelihood went from -824.9635 to -824.8087
40th iteration: 
The loglikelihood went from -824.2509 to -824.1244
45th iteration: 
The loglikelihood went from -823.6589 to -823.5513
50th iteration: 
The loglikelihood went from -823.1489 to -823.0545
55th iteration: 
The loglikelihood went from -822.6969 to -822.612
✓ Model estimation complete
done.
  nowcasting... 
=== Generating GDP Nowcast ===

Target quarter: 2020 Q3
Nowcast for 2020 Q3: QoQ=+0.86%  implied level=$574,228M  YoY=-5.59%  [out (nowcast)]
done.
→ nowcast $574,228M (+0.86%)
[4/25] 2020-12-31Filtering data available as of: 2020-12-31
  → 3320 observations available across all indicators
target: 2020 Q4, periods: 251, live_indicators: 10  estimating DFM... 
=== Component-Based DFM Estimation ===

Note: Using simplified aggregate approach
(Full component-based approach to be implemented)

=== Preparing Data for DFM ===

Indicator matrix: 251 periods × 16 indicators
GDP observations: 83/251 (quarterly, ~67% NAs expected)

Indicator frequencies:
# A tibble: 16 × 3
   indicator_id       frequency freq_numeric
   <chr>              <chr>            <dbl>
 1 household_spending monthly             12
 2 cons_conf          monthly             12
 3 building_app       monthly             12
 4 bus_conf           monthly             12
 5 exports_goods      monthly             12
 6 exports_servs      quarterly            4
 7 imports_goods      monthly             12
 8 imports_servs      quarterly            4
 9 employment         monthly             12
10 unemp_rate         monthly             12
11 participation      monthly             12
12 hours_worked       monthly             12
13 commodity_prices   monthly             12
14 aud_usd            monthly             12
15 inventories        quarterly            4
16 arrivals           monthly             12

=== Estimating Dynamic Factor Model ===

Estimating with 2 factors...
Time series created: 251 periods, 17 variables
Variables: gdp, building_app, bus_conf, cons_conf, employment, exports_goods, hours_worked, imports_goods, participation, unemp_rate, exports_servs, imports_servs, household_spending, commodity_prices, aud_usd, inventories, arrivals
Formula: gdp ~ .

Frequency vector (4=quarterly, 12=monthly):
gdp = 4, building_app = 12, bus_conf = 12, cons_conf = 12, employment = 12, exports_goods = 12, hours_worked = 12, imports_goods = 12, participation = 12, unemp_rate = 12, exports_servs = 4, imports_servs = 4, household_spending = 12, commodity_prices = 12, aud_usd = 12, inventories = 4, arrivals = 12

Preprocessing with Bpanel()...
  NA.replace = FALSE (keep structural NAs)
  na.prop = 1 (don't discard any series)
  aggregate = FALSE (don't apply MA filter that creates more NAs!)

Per-series trans codes:
gdp = 7, building_app = 1, bus_conf = 2, cons_conf = 2, employment = 1, exports_goods = 1, hours_worked = 1, imports_goods = 1, participation = 2, unemp_rate = 2, exports_servs = 7, imports_servs = 7, household_spending = 1, commodity_prices = 1, aud_usd = 2, inventories = 7, arrivals = 1
NULL
COVID mask applied: 5 months × 17 series set to NA
Balanced panel: 263x17
Variables: gdp, building_app, bus_conf, cons_conf, employment, exports_goods, hours_worked, imports_goods, participation, unemp_rate, exports_servs, imports_servs, household_spending, commodity_prices, aud_usd, inventories, arrivals
Blocks structure: 17 variables × 2 factors (unrestricted)
5th iteration: 
The loglikelihood went from -1041.1977 to -1021.2161
10th iteration: 
The loglikelihood went from -937.3295 to -917.6665
15th iteration: 
The loglikelihood went from -864.7722 to -859.1259
20th iteration: 
The loglikelihood went from -849.8289 to -848.8399
25th iteration: 
The loglikelihood went from -846.1928 to -845.6941
30th iteration: 
The loglikelihood went from -844.0404 to -843.6933
35th iteration: 
The loglikelihood went from -842.5018 to -842.2452
40th iteration: 
The loglikelihood went from -841.3472 to -841.15
45th iteration: 
The loglikelihood went from -840.4479 to -840.2909
50th iteration: 
The loglikelihood went from -839.7226 to -839.5934
55th iteration: 
The loglikelihood went from -839.1184 to -839.0087
60th iteration: 
The loglikelihood went from -838.6 to -838.5044
65th iteration: 
The loglikelihood went from -838.1436 to -838.0582
✓ Model estimation complete
done.
  nowcasting... 
=== Generating GDP Nowcast ===

Target quarter: 2020 Q4
Nowcast for 2020 Q4: QoQ=+0.92%  implied level=$594,533M  YoY=-2.83%  [out (nowcast)]
done.
→ nowcast $594,533M (+0.92%)
[5/25] 2021-03-31Filtering data available as of: 2021-03-31
  → 3363 observations available across all indicators
target: 2021 Q1, periods: 254, live_indicators: 10  estimating DFM... 
=== Component-Based DFM Estimation ===

Note: Using simplified aggregate approach
(Full component-based approach to be implemented)

=== Preparing Data for DFM ===

Indicator matrix: 254 periods × 16 indicators
GDP observations: 84/254 (quarterly, ~67% NAs expected)

Indicator frequencies:
# A tibble: 16 × 3
   indicator_id       frequency freq_numeric
   <chr>              <chr>            <dbl>
 1 household_spending monthly             12
 2 cons_conf          monthly             12
 3 building_app       monthly             12
 4 bus_conf           monthly             12
 5 exports_goods      monthly             12
 6 exports_servs      quarterly            4
 7 imports_goods      monthly             12
 8 imports_servs      quarterly            4
 9 employment         monthly             12
10 unemp_rate         monthly             12
11 participation      monthly             12
12 hours_worked       monthly             12
13 commodity_prices   monthly             12
14 aud_usd            monthly             12
15 inventories        quarterly            4
16 arrivals           monthly             12

=== Estimating Dynamic Factor Model ===

Estimating with 2 factors...
Time series created: 254 periods, 17 variables
Variables: gdp, building_app, bus_conf, cons_conf, employment, exports_goods, hours_worked, imports_goods, participation, unemp_rate, exports_servs, imports_servs, household_spending, commodity_prices, aud_usd, inventories, arrivals
Formula: gdp ~ .

Frequency vector (4=quarterly, 12=monthly):
gdp = 4, building_app = 12, bus_conf = 12, cons_conf = 12, employment = 12, exports_goods = 12, hours_worked = 12, imports_goods = 12, participation = 12, unemp_rate = 12, exports_servs = 4, imports_servs = 4, household_spending = 12, commodity_prices = 12, aud_usd = 12, inventories = 4, arrivals = 12

Preprocessing with Bpanel()...
  NA.replace = FALSE (keep structural NAs)
  na.prop = 1 (don't discard any series)
  aggregate = FALSE (don't apply MA filter that creates more NAs!)

Per-series trans codes:
gdp = 7, building_app = 1, bus_conf = 2, cons_conf = 2, employment = 1, exports_goods = 1, hours_worked = 1, imports_goods = 1, participation = 2, unemp_rate = 2, exports_servs = 7, imports_servs = 7, household_spending = 1, commodity_prices = 1, aud_usd = 2, inventories = 7, arrivals = 1
NULL
COVID mask applied: 5 months × 17 series set to NA
Balanced panel: 266x17
Variables: gdp, building_app, bus_conf, cons_conf, employment, exports_goods, hours_worked, imports_goods, participation, unemp_rate, exports_servs, imports_servs, household_spending, commodity_prices, aud_usd, inventories, arrivals
Blocks structure: 17 variables × 2 factors (unrestricted)
5th iteration: 
The loglikelihood went from -1079.048 to -1059.5951
10th iteration: 
The loglikelihood went from -974.6782 to -954.1623
15th iteration: 
The loglikelihood went from -900.1493 to -894.1155
20th iteration: 
The loglikelihood went from -883.021 to -881.6631
25th iteration: 
The loglikelihood went from -877.8048 to -877.056
30th iteration: 
The loglikelihood went from -874.5638 to -874.0416
35th iteration: 
The loglikelihood went from -872.2603 to -871.8801
40th iteration: 
The loglikelihood went from -870.5642 to -870.2791
45th iteration: 
The loglikelihood went from -869.278 to -869.0576
50th iteration: 
The loglikelihood went from -868.2722 to -868.0966
55th iteration: 
The loglikelihood went from -867.4608 to -867.3164
60th iteration: 
The loglikelihood went from -866.7857 to -866.6633
65th iteration: 
The loglikelihood went from -866.2076 to -866.1011
70th iteration: 
The loglikelihood went from -865.6998 to -865.6049
75th iteration: 
The loglikelihood went from -865.2436 to -865.1574
✓ Model estimation complete
done.
  nowcasting... 
=== Generating GDP Nowcast ===

Target quarter: 2021 Q1
Nowcast for 2021 Q1: QoQ=+0.85%  implied level=$614,379M  YoY=+0.63%  [out (nowcast)]
done.
→ nowcast $614,379M (+0.85%)
[6/25] 2021-06-30Filtering data available as of: 2021-06-30
  → 3406 observations available across all indicators
target: 2021 Q2, periods: 257, live_indicators: 10  estimating DFM... 
=== Component-Based DFM Estimation ===

Note: Using simplified aggregate approach
(Full component-based approach to be implemented)

=== Preparing Data for DFM ===

Indicator matrix: 257 periods × 16 indicators
GDP observations: 85/257 (quarterly, ~67% NAs expected)

Indicator frequencies:
# A tibble: 16 × 3
   indicator_id       frequency freq_numeric
   <chr>              <chr>            <dbl>
 1 household_spending monthly             12
 2 cons_conf          monthly             12
 3 building_app       monthly             12
 4 bus_conf           monthly             12
 5 exports_goods      monthly             12
 6 exports_servs      quarterly            4
 7 imports_goods      monthly             12
 8 imports_servs      quarterly            4
 9 employment         monthly             12
10 unemp_rate         monthly             12
11 participation      monthly             12
12 hours_worked       monthly             12
13 commodity_prices   monthly             12
14 aud_usd            monthly             12
15 inventories        quarterly            4
16 arrivals           monthly             12

=== Estimating Dynamic Factor Model ===

Estimating with 2 factors...
Time series created: 257 periods, 17 variables
Variables: gdp, building_app, bus_conf, cons_conf, employment, exports_goods, hours_worked, imports_goods, participation, unemp_rate, exports_servs, imports_servs, household_spending, commodity_prices, aud_usd, inventories, arrivals
Formula: gdp ~ .

Frequency vector (4=quarterly, 12=monthly):
gdp = 4, building_app = 12, bus_conf = 12, cons_conf = 12, employment = 12, exports_goods = 12, hours_worked = 12, imports_goods = 12, participation = 12, unemp_rate = 12, exports_servs = 4, imports_servs = 4, household_spending = 12, commodity_prices = 12, aud_usd = 12, inventories = 4, arrivals = 12

Preprocessing with Bpanel()...
  NA.replace = FALSE (keep structural NAs)
  na.prop = 1 (don't discard any series)
  aggregate = FALSE (don't apply MA filter that creates more NAs!)

Per-series trans codes:
gdp = 7, building_app = 1, bus_conf = 2, cons_conf = 2, employment = 1, exports_goods = 1, hours_worked = 1, imports_goods = 1, participation = 2, unemp_rate = 2, exports_servs = 7, imports_servs = 7, household_spending = 1, commodity_prices = 1, aud_usd = 2, inventories = 7, arrivals = 1
NULL
COVID mask applied: 5 months × 17 series set to NA
Balanced panel: 269x17
Variables: gdp, building_app, bus_conf, cons_conf, employment, exports_goods, hours_worked, imports_goods, participation, unemp_rate, exports_servs, imports_servs, household_spending, commodity_prices, aud_usd, inventories, arrivals
Blocks structure: 17 variables × 2 factors (unrestricted)
5th iteration: 
The loglikelihood went from -1082.2295 to -1061.2333
10th iteration: 
The loglikelihood went from -972.4485 to -952.0601
15th iteration: 
The loglikelihood went from -901.4352 to -895.9772
20th iteration: 
The loglikelihood went from -885.035 to -883.4535
25th iteration: 
The loglikelihood went from -878.5756 to -877.5847
30th iteration: 
The loglikelihood went from -874.2356 to -873.5272
35th iteration: 
The loglikelihood went from -871.1025 to -870.5848
40th iteration: 
The loglikelihood went from -868.7989 to -868.4143
45th iteration: 
The loglikelihood went from -867.0754 to -866.784
50th iteration: 
The loglikelihood went from -865.758 to -865.5319
55th iteration: 
The loglikelihood went from -864.7254 to -864.5452
60th iteration: 
The loglikelihood went from -863.8934 to -863.7456
65th iteration: 
The loglikelihood went from -863.2039 to -863.0794
70th iteration: 
The loglikelihood went from -862.6169 to -862.5092
75th iteration: 
The loglikelihood went from -862.1047 to -862.0094
80th iteration: 
The loglikelihood went from -861.6478 to -861.5618
✓ Model estimation complete
done.
  nowcasting... 
=== Generating GDP Nowcast ===

Target quarter: 2021 Q2
Nowcast for 2021 Q2: QoQ=+1.03%  implied level=$628,793M  YoY=+10.44%  [out (nowcast)]
done.
→ nowcast $628,793M (+1.03%)
[7/25] 2021-09-30Filtering data available as of: 2021-09-30
  → 3449 observations available across all indicators
target: 2021 Q3, periods: 260, live_indicators: 10  estimating DFM... 
=== Component-Based DFM Estimation ===

Note: Using simplified aggregate approach
(Full component-based approach to be implemented)

=== Preparing Data for DFM ===

Indicator matrix: 260 periods × 16 indicators
GDP observations: 86/260 (quarterly, ~67% NAs expected)

Indicator frequencies:
# A tibble: 16 × 3
   indicator_id       frequency freq_numeric
   <chr>              <chr>            <dbl>
 1 household_spending monthly             12
 2 cons_conf          monthly             12
 3 building_app       monthly             12
 4 bus_conf           monthly             12
 5 exports_goods      monthly             12
 6 exports_servs      quarterly            4
 7 imports_goods      monthly             12
 8 imports_servs      quarterly            4
 9 employment         monthly             12
10 unemp_rate         monthly             12
11 participation      monthly             12
12 hours_worked       monthly             12
13 commodity_prices   monthly             12
14 aud_usd            monthly             12
15 inventories        quarterly            4
16 arrivals           monthly             12

=== Estimating Dynamic Factor Model ===

Estimating with 2 factors...
Time series created: 260 periods, 17 variables
Variables: gdp, building_app, bus_conf, cons_conf, employment, exports_goods, hours_worked, imports_goods, participation, unemp_rate, exports_servs, imports_servs, household_spending, commodity_prices, aud_usd, inventories, arrivals
Formula: gdp ~ .

Frequency vector (4=quarterly, 12=monthly):
gdp = 4, building_app = 12, bus_conf = 12, cons_conf = 12, employment = 12, exports_goods = 12, hours_worked = 12, imports_goods = 12, participation = 12, unemp_rate = 12, exports_servs = 4, imports_servs = 4, household_spending = 12, commodity_prices = 12, aud_usd = 12, inventories = 4, arrivals = 12

Preprocessing with Bpanel()...
  NA.replace = FALSE (keep structural NAs)
  na.prop = 1 (don't discard any series)
  aggregate = FALSE (don't apply MA filter that creates more NAs!)

Per-series trans codes:
gdp = 7, building_app = 1, bus_conf = 2, cons_conf = 2, employment = 1, exports_goods = 1, hours_worked = 1, imports_goods = 1, participation = 2, unemp_rate = 2, exports_servs = 7, imports_servs = 7, household_spending = 1, commodity_prices = 1, aud_usd = 2, inventories = 7, arrivals = 1
NULL
COVID mask applied: 5 months × 17 series set to NA
Balanced panel: 272x17
Variables: gdp, building_app, bus_conf, cons_conf, employment, exports_goods, hours_worked, imports_goods, participation, unemp_rate, exports_servs, imports_servs, household_spending, commodity_prices, aud_usd, inventories, arrivals
Blocks structure: 17 variables × 2 factors (unrestricted)
5th iteration: 
The loglikelihood went from -1113.7112 to -1093.9992
10th iteration: 
The loglikelihood went from -1004.1005 to -981.8874
15th iteration: 
The loglikelihood went from -924.1245 to -917.2383
20th iteration: 
The loglikelihood went from -903.3436 to -901.4314
25th iteration: 
The loglikelihood went from -895.7831 to -894.6773
30th iteration: 
The loglikelihood went from -891.0396 to -890.291
35th iteration: 
The loglikelihood went from -887.7891 to -887.2677
40th iteration: 
The loglikelihood went from -885.5057 to -885.1336
45th iteration: 
The loglikelihood went from -883.8582 to -883.5844
50th iteration: 
The loglikelihood went from -882.6296 to -882.4207
55th iteration: 
The loglikelihood went from -881.6782 to -881.5124
60th iteration: 
The loglikelihood went from -880.9124 to -880.7759
65th iteration: 
The loglikelihood went from -880.2732 to -880.1569
70th iteration: 
The loglikelihood went from -879.7221 to -879.6201
75th iteration: 
The loglikelihood went from -879.2341 to -879.1424
✓ Model estimation complete
done.
  nowcasting... 
=== Generating GDP Nowcast ===

Target quarter: 2021 Q3
Nowcast for 2021 Q3: QoQ=+0.50%  implied level=$630,605M  YoY=+7.04%  [out (nowcast)]
done.
→ nowcast $630,605M (+0.50%)
[8/25] 2021-12-31Filtering data available as of: 2021-12-31
  → 3492 observations available across all indicators
target: 2021 Q4, periods: 263, live_indicators: 10  estimating DFM... 
=== Component-Based DFM Estimation ===

Note: Using simplified aggregate approach
(Full component-based approach to be implemented)

=== Preparing Data for DFM ===

Indicator matrix: 263 periods × 16 indicators
GDP observations: 87/263 (quarterly, ~67% NAs expected)

Indicator frequencies:
# A tibble: 16 × 3
   indicator_id       frequency freq_numeric
   <chr>              <chr>            <dbl>
 1 household_spending monthly             12
 2 cons_conf          monthly             12
 3 building_app       monthly             12
 4 bus_conf           monthly             12
 5 exports_goods      monthly             12
 6 exports_servs      quarterly            4
 7 imports_goods      monthly             12
 8 imports_servs      quarterly            4
 9 employment         monthly             12
10 unemp_rate         monthly             12
11 participation      monthly             12
12 hours_worked       monthly             12
13 commodity_prices   monthly             12
14 aud_usd            monthly             12
15 inventories        quarterly            4
16 arrivals           monthly             12

=== Estimating Dynamic Factor Model ===

Estimating with 2 factors...
Time series created: 263 periods, 17 variables
Variables: gdp, building_app, bus_conf, cons_conf, employment, exports_goods, hours_worked, imports_goods, participation, unemp_rate, exports_servs, imports_servs, household_spending, commodity_prices, aud_usd, inventories, arrivals
Formula: gdp ~ .

Frequency vector (4=quarterly, 12=monthly):
gdp = 4, building_app = 12, bus_conf = 12, cons_conf = 12, employment = 12, exports_goods = 12, hours_worked = 12, imports_goods = 12, participation = 12, unemp_rate = 12, exports_servs = 4, imports_servs = 4, household_spending = 12, commodity_prices = 12, aud_usd = 12, inventories = 4, arrivals = 12

Preprocessing with Bpanel()...
  NA.replace = FALSE (keep structural NAs)
  na.prop = 1 (don't discard any series)
  aggregate = FALSE (don't apply MA filter that creates more NAs!)

Per-series trans codes:
gdp = 7, building_app = 1, bus_conf = 2, cons_conf = 2, employment = 1, exports_goods = 1, hours_worked = 1, imports_goods = 1, participation = 2, unemp_rate = 2, exports_servs = 7, imports_servs = 7, household_spending = 1, commodity_prices = 1, aud_usd = 2, inventories = 7, arrivals = 1
NULL
COVID mask applied: 5 months × 17 series set to NA
Balanced panel: 275x17
Variables: gdp, building_app, bus_conf, cons_conf, employment, exports_goods, hours_worked, imports_goods, participation, unemp_rate, exports_servs, imports_servs, household_spending, commodity_prices, aud_usd, inventories, arrivals
Blocks structure: 17 variables × 2 factors (unrestricted)
5th iteration: 
The loglikelihood went from -1158.4056 to -1146.1302
10th iteration: 
The loglikelihood went from -1104.515 to -1097.0203
15th iteration: 
The loglikelihood went from -1080.8857 to -1079.2009
20th iteration: 
The loglikelihood went from -1075.9086 to -1075.481
25th iteration: 
The loglikelihood went from -1074.2754 to -1074.0433
30th iteration: 
The loglikelihood went from -1073.2535 to -1073.0804
35th iteration: 
The loglikelihood went from -1072.4503 to -1072.3048
40th iteration: 
The loglikelihood went from -1071.7577 to -1071.628
45th iteration: 
The loglikelihood went from -1071.1318 to -1071.0126
50th iteration: 
The loglikelihood went from -1070.552 to -1070.4405
✓ Model estimation complete
done.
  nowcasting... 
=== Generating GDP Nowcast ===

Target quarter: 2021 Q4
Nowcast for 2021 Q4: QoQ=+0.34%  implied level=$618,839M  YoY=+1.58%  [out (nowcast)]
done.
→ nowcast $618,839M (+0.34%)
[9/25] 2022-03-31Filtering data available as of: 2022-03-31
  → 3535 observations available across all indicators
target: 2022 Q1, periods: 266, live_indicators: 10  estimating DFM... 
=== Component-Based DFM Estimation ===

Note: Using simplified aggregate approach
(Full component-based approach to be implemented)

=== Preparing Data for DFM ===

Indicator matrix: 266 periods × 16 indicators
GDP observations: 88/266 (quarterly, ~67% NAs expected)

Indicator frequencies:
# A tibble: 16 × 3
   indicator_id       frequency freq_numeric
   <chr>              <chr>            <dbl>
 1 household_spending monthly             12
 2 cons_conf          monthly             12
 3 building_app       monthly             12
 4 bus_conf           monthly             12
 5 exports_goods      monthly             12
 6 exports_servs      quarterly            4
 7 imports_goods      monthly             12
 8 imports_servs      quarterly            4
 9 employment         monthly             12
10 unemp_rate         monthly             12
11 participation      monthly             12
12 hours_worked       monthly             12
13 commodity_prices   monthly             12
14 aud_usd            monthly             12
15 inventories        quarterly            4
16 arrivals           monthly             12

=== Estimating Dynamic Factor Model ===

Estimating with 2 factors...
Time series created: 266 periods, 17 variables
Variables: gdp, building_app, bus_conf, cons_conf, employment, exports_goods, hours_worked, imports_goods, participation, unemp_rate, exports_servs, imports_servs, household_spending, commodity_prices, aud_usd, inventories, arrivals
Formula: gdp ~ .

Frequency vector (4=quarterly, 12=monthly):
gdp = 4, building_app = 12, bus_conf = 12, cons_conf = 12, employment = 12, exports_goods = 12, hours_worked = 12, imports_goods = 12, participation = 12, unemp_rate = 12, exports_servs = 4, imports_servs = 4, household_spending = 12, commodity_prices = 12, aud_usd = 12, inventories = 4, arrivals = 12

Preprocessing with Bpanel()...
  NA.replace = FALSE (keep structural NAs)
  na.prop = 1 (don't discard any series)
  aggregate = FALSE (don't apply MA filter that creates more NAs!)

Per-series trans codes:
gdp = 7, building_app = 1, bus_conf = 2, cons_conf = 2, employment = 1, exports_goods = 1, hours_worked = 1, imports_goods = 1, participation = 2, unemp_rate = 2, exports_servs = 7, imports_servs = 7, household_spending = 1, commodity_prices = 1, aud_usd = 2, inventories = 7, arrivals = 1
NULL
COVID mask applied: 5 months × 17 series set to NA
Balanced panel: 278x17
Variables: gdp, building_app, bus_conf, cons_conf, employment, exports_goods, hours_worked, imports_goods, participation, unemp_rate, exports_servs, imports_servs, household_spending, commodity_prices, aud_usd, inventories, arrivals
Blocks structure: 17 variables × 2 factors (unrestricted)
5th iteration: 
The loglikelihood went from -1165.5812 to -1152.6322
10th iteration: 
The loglikelihood went from -1115.5281 to -1110.0592
15th iteration: 
The loglikelihood went from -1098.9126 to -1097.6308
20th iteration: 
The loglikelihood went from -1094.4133 to -1093.8404
25th iteration: 
The loglikelihood went from -1091.9619 to -1091.5657
30th iteration: 
The loglikelihood went from -1090.179 to -1089.8726
35th iteration: 
The loglikelihood went from -1088.7701 to -1088.5207
40th iteration: 
The loglikelihood went from -1087.6089 to -1087.3998
45th iteration: 
The loglikelihood went from -1086.627 to -1086.4481
50th iteration: 
The loglikelihood went from -1085.7813 to -1085.6257
55th iteration: 
The loglikelihood went from -1085.0417 to -1084.9045
60th iteration: 
The loglikelihood went from -1084.3865 to -1084.2641
65th iteration: 
The loglikelihood went from -1083.799 to -1083.6884
✓ Model estimation complete
done.
  nowcasting... 
=== Generating GDP Nowcast ===

Target quarter: 2022 Q1
Nowcast for 2022 Q1: QoQ=+1.08%  implied level=$645,993M  YoY=+3.80%  [out (nowcast)]
done.
→ nowcast $645,993M (+1.08%)
[10/25] 2022-06-30Filtering data available as of: 2022-06-30
  → 3578 observations available across all indicators
target: 2022 Q2, periods: 269, live_indicators: 10  estimating DFM... 
=== Component-Based DFM Estimation ===

Note: Using simplified aggregate approach
(Full component-based approach to be implemented)

=== Preparing Data for DFM ===

Indicator matrix: 269 periods × 16 indicators
GDP observations: 89/269 (quarterly, ~67% NAs expected)

Indicator frequencies:
# A tibble: 16 × 3
   indicator_id       frequency freq_numeric
   <chr>              <chr>            <dbl>
 1 household_spending monthly             12
 2 cons_conf          monthly             12
 3 building_app       monthly             12
 4 bus_conf           monthly             12
 5 exports_goods      monthly             12
 6 exports_servs      quarterly            4
 7 imports_goods      monthly             12
 8 imports_servs      quarterly            4
 9 employment         monthly             12
10 unemp_rate         monthly             12
11 participation      monthly             12
12 hours_worked       monthly             12
13 commodity_prices   monthly             12
14 aud_usd            monthly             12
15 inventories        quarterly            4
16 arrivals           monthly             12

=== Estimating Dynamic Factor Model ===

Estimating with 2 factors...
Time series created: 269 periods, 17 variables
Variables: gdp, building_app, bus_conf, cons_conf, employment, exports_goods, hours_worked, imports_goods, participation, unemp_rate, exports_servs, imports_servs, household_spending, commodity_prices, aud_usd, inventories, arrivals
Formula: gdp ~ .

Frequency vector (4=quarterly, 12=monthly):
gdp = 4, building_app = 12, bus_conf = 12, cons_conf = 12, employment = 12, exports_goods = 12, hours_worked = 12, imports_goods = 12, participation = 12, unemp_rate = 12, exports_servs = 4, imports_servs = 4, household_spending = 12, commodity_prices = 12, aud_usd = 12, inventories = 4, arrivals = 12

Preprocessing with Bpanel()...
  NA.replace = FALSE (keep structural NAs)
  na.prop = 1 (don't discard any series)
  aggregate = FALSE (don't apply MA filter that creates more NAs!)

Per-series trans codes:
gdp = 7, building_app = 1, bus_conf = 2, cons_conf = 2, employment = 1, exports_goods = 1, hours_worked = 1, imports_goods = 1, participation = 2, unemp_rate = 2, exports_servs = 7, imports_servs = 7, household_spending = 1, commodity_prices = 1, aud_usd = 2, inventories = 7, arrivals = 1
NULL
COVID mask applied: 5 months × 17 series set to NA
Balanced panel: 281x17
Variables: gdp, building_app, bus_conf, cons_conf, employment, exports_goods, hours_worked, imports_goods, participation, unemp_rate, exports_servs, imports_servs, household_spending, commodity_prices, aud_usd, inventories, arrivals
Blocks structure: 17 variables × 2 factors (unrestricted)
5th iteration: 
The loglikelihood went from -1251.1665 to -1247.5335
10th iteration: 
The loglikelihood went from -1241.4063 to -1240.757
15th iteration: 
The loglikelihood went from -1239.2743 to -1239.0476
20th iteration: 
The loglikelihood went from -1238.3759 to -1238.2436
✓ Model estimation complete
done.
  nowcasting... 
=== Generating GDP Nowcast ===

Target quarter: 2022 Q2
Nowcast for 2022 Q2: QoQ=+0.77%  implied level=$649,986M  YoY=+3.59%  [out (nowcast)]
done.
→ nowcast $649,986M (+0.77%)
[11/25] 2022-09-30Filtering data available as of: 2022-09-30
  → 3621 observations available across all indicators
target: 2022 Q3, periods: 272, live_indicators: 10  estimating DFM... 
=== Component-Based DFM Estimation ===

Note: Using simplified aggregate approach
(Full component-based approach to be implemented)

=== Preparing Data for DFM ===

Indicator matrix: 272 periods × 16 indicators
GDP observations: 90/272 (quarterly, ~67% NAs expected)

Indicator frequencies:
# A tibble: 16 × 3
   indicator_id       frequency freq_numeric
   <chr>              <chr>            <dbl>
 1 household_spending monthly             12
 2 cons_conf          monthly             12
 3 building_app       monthly             12
 4 bus_conf           monthly             12
 5 exports_goods      monthly             12
 6 exports_servs      quarterly            4
 7 imports_goods      monthly             12
 8 imports_servs      quarterly            4
 9 employment         monthly             12
10 unemp_rate         monthly             12
11 participation      monthly             12
12 hours_worked       monthly             12
13 commodity_prices   monthly             12
14 aud_usd            monthly             12
15 inventories        quarterly            4
16 arrivals           monthly             12

=== Estimating Dynamic Factor Model ===

Estimating with 2 factors...
Time series created: 272 periods, 17 variables
Variables: gdp, building_app, bus_conf, cons_conf, employment, exports_goods, hours_worked, imports_goods, participation, unemp_rate, exports_servs, imports_servs, household_spending, commodity_prices, aud_usd, inventories, arrivals
Formula: gdp ~ .

Frequency vector (4=quarterly, 12=monthly):
gdp = 4, building_app = 12, bus_conf = 12, cons_conf = 12, employment = 12, exports_goods = 12, hours_worked = 12, imports_goods = 12, participation = 12, unemp_rate = 12, exports_servs = 4, imports_servs = 4, household_spending = 12, commodity_prices = 12, aud_usd = 12, inventories = 4, arrivals = 12

Preprocessing with Bpanel()...
  NA.replace = FALSE (keep structural NAs)
  na.prop = 1 (don't discard any series)
  aggregate = FALSE (don't apply MA filter that creates more NAs!)

Per-series trans codes:
gdp = 7, building_app = 1, bus_conf = 2, cons_conf = 2, employment = 1, exports_goods = 1, hours_worked = 1, imports_goods = 1, participation = 2, unemp_rate = 2, exports_servs = 7, imports_servs = 7, household_spending = 1, commodity_prices = 1, aud_usd = 2, inventories = 7, arrivals = 1
NULL
COVID mask applied: 5 months × 17 series set to NA
Balanced panel: 284x17
Variables: gdp, building_app, bus_conf, cons_conf, employment, exports_goods, hours_worked, imports_goods, participation, unemp_rate, exports_servs, imports_servs, household_spending, commodity_prices, aud_usd, inventories, arrivals
Blocks structure: 17 variables × 2 factors (unrestricted)
5th iteration: 
The loglikelihood went from -1174.2648 to -1160.2346
10th iteration: 
The loglikelihood went from -1120.4627 to -1114.7783
15th iteration: 
The loglikelihood went from -1103.5403 to -1102.2852
20th iteration: 
The loglikelihood went from -1099.1644 to -1098.6174
25th iteration: 
The loglikelihood went from -1096.8653 to -1096.5062
30th iteration: 
The loglikelihood went from -1095.2849 to -1095.0231
35th iteration: 
The loglikelihood went from -1094.1072 to -1093.9058
40th iteration: 
The loglikelihood went from -1093.1873 to -1093.0263
45th iteration: 
The loglikelihood went from -1092.4426 to -1092.3097
50th iteration: 
The loglikelihood went from -1091.8209 to -1091.708
✓ Model estimation complete
done.
  nowcasting... 
=== Generating GDP Nowcast ===

Target quarter: 2022 Q3
Nowcast for 2022 Q3: QoQ=+1.02%  implied level=$658,068M  YoY=+6.71%  [out (nowcast)]
done.
→ nowcast $658,068M (+1.02%)
[12/25] 2022-12-31Filtering data available as of: 2022-12-31
  → 3664 observations available across all indicators
target: 2022 Q4, periods: 275, live_indicators: 10  estimating DFM... 
=== Component-Based DFM Estimation ===

Note: Using simplified aggregate approach
(Full component-based approach to be implemented)

=== Preparing Data for DFM ===

Indicator matrix: 275 periods × 16 indicators
GDP observations: 91/275 (quarterly, ~67% NAs expected)

Indicator frequencies:
# A tibble: 16 × 3
   indicator_id       frequency freq_numeric
   <chr>              <chr>            <dbl>
 1 household_spending monthly             12
 2 cons_conf          monthly             12
 3 building_app       monthly             12
 4 bus_conf           monthly             12
 5 exports_goods      monthly             12
 6 exports_servs      quarterly            4
 7 imports_goods      monthly             12
 8 imports_servs      quarterly            4
 9 employment         monthly             12
10 unemp_rate         monthly             12
11 participation      monthly             12
12 hours_worked       monthly             12
13 commodity_prices   monthly             12
14 aud_usd            monthly             12
15 inventories        quarterly            4
16 arrivals           monthly             12

=== Estimating Dynamic Factor Model ===

Estimating with 2 factors...
Time series created: 275 periods, 17 variables
Variables: gdp, building_app, bus_conf, cons_conf, employment, exports_goods, hours_worked, imports_goods, participation, unemp_rate, exports_servs, imports_servs, household_spending, commodity_prices, aud_usd, inventories, arrivals
Formula: gdp ~ .

Frequency vector (4=quarterly, 12=monthly):
gdp = 4, building_app = 12, bus_conf = 12, cons_conf = 12, employment = 12, exports_goods = 12, hours_worked = 12, imports_goods = 12, participation = 12, unemp_rate = 12, exports_servs = 4, imports_servs = 4, household_spending = 12, commodity_prices = 12, aud_usd = 12, inventories = 4, arrivals = 12

Preprocessing with Bpanel()...
  NA.replace = FALSE (keep structural NAs)
  na.prop = 1 (don't discard any series)
  aggregate = FALSE (don't apply MA filter that creates more NAs!)

Per-series trans codes:
gdp = 7, building_app = 1, bus_conf = 2, cons_conf = 2, employment = 1, exports_goods = 1, hours_worked = 1, imports_goods = 1, participation = 2, unemp_rate = 2, exports_servs = 7, imports_servs = 7, household_spending = 1, commodity_prices = 1, aud_usd = 2, inventories = 7, arrivals = 1
NULL
COVID mask applied: 5 months × 17 series set to NA
Balanced panel: 287x17
Variables: gdp, building_app, bus_conf, cons_conf, employment, exports_goods, hours_worked, imports_goods, participation, unemp_rate, exports_servs, imports_servs, household_spending, commodity_prices, aud_usd, inventories, arrivals
Blocks structure: 17 variables × 2 factors (unrestricted)
5th iteration: 
The loglikelihood went from -1230.9105 to -1221.834
10th iteration: 
The loglikelihood went from -1192.3045 to -1186.4094
15th iteration: 
The loglikelihood went from -1169.7671 to -1167.1958
20th iteration: 
The loglikelihood went from -1160.9056 to -1159.9561
25th iteration: 
The loglikelihood went from -1157.2856 to -1156.7898
30th iteration: 
The loglikelihood went from -1155.1704 to -1154.8303
35th iteration: 
The loglikelihood went from -1153.639 to -1153.3745
40th iteration: 
The loglikelihood went from -1152.4139 to -1152.194
45th iteration: 
The loglikelihood went from -1151.3782 to -1151.1879
50th iteration: 
The loglikelihood went from -1150.4713 to -1150.302
55th iteration: 
The loglikelihood went from -1149.6578 to -1149.5041
60th iteration: 
The loglikelihood went from -1148.9148 to -1148.7732
65th iteration: 
The loglikelihood went from -1148.227 to -1148.0951
70th iteration: 
The loglikelihood went from -1147.5837 to -1147.4596
75th iteration: 
The loglikelihood went from -1146.9768 to -1146.8593
✓ Model estimation complete
done.
  nowcasting... 
=== Generating GDP Nowcast ===

Target quarter: 2022 Q4
Nowcast for 2022 Q4: QoQ=+0.69%  implied level=$659,045M  YoY=+3.12%  [out (nowcast)]
done.
→ nowcast $659,045M (+0.69%)
[13/25] 2023-03-31Filtering data available as of: 2023-03-31
  → 3707 observations available across all indicators
target: 2023 Q1, periods: 278, live_indicators: 10  estimating DFM... 
=== Component-Based DFM Estimation ===

Note: Using simplified aggregate approach
(Full component-based approach to be implemented)

=== Preparing Data for DFM ===

Indicator matrix: 278 periods × 16 indicators
GDP observations: 92/278 (quarterly, ~67% NAs expected)

Indicator frequencies:
# A tibble: 16 × 3
   indicator_id       frequency freq_numeric
   <chr>              <chr>            <dbl>
 1 household_spending monthly             12
 2 cons_conf          monthly             12
 3 building_app       monthly             12
 4 bus_conf           monthly             12
 5 exports_goods      monthly             12
 6 exports_servs      quarterly            4
 7 imports_goods      monthly             12
 8 imports_servs      quarterly            4
 9 employment         monthly             12
10 unemp_rate         monthly             12
11 participation      monthly             12
12 hours_worked       monthly             12
13 commodity_prices   monthly             12
14 aud_usd            monthly             12
15 inventories        quarterly            4
16 arrivals           monthly             12

=== Estimating Dynamic Factor Model ===

Estimating with 2 factors...
Time series created: 278 periods, 17 variables
Variables: gdp, building_app, bus_conf, cons_conf, employment, exports_goods, hours_worked, imports_goods, participation, unemp_rate, exports_servs, imports_servs, household_spending, commodity_prices, aud_usd, inventories, arrivals
Formula: gdp ~ .

Frequency vector (4=quarterly, 12=monthly):
gdp = 4, building_app = 12, bus_conf = 12, cons_conf = 12, employment = 12, exports_goods = 12, hours_worked = 12, imports_goods = 12, participation = 12, unemp_rate = 12, exports_servs = 4, imports_servs = 4, household_spending = 12, commodity_prices = 12, aud_usd = 12, inventories = 4, arrivals = 12

Preprocessing with Bpanel()...
  NA.replace = FALSE (keep structural NAs)
  na.prop = 1 (don't discard any series)
  aggregate = FALSE (don't apply MA filter that creates more NAs!)

Per-series trans codes:
gdp = 7, building_app = 1, bus_conf = 2, cons_conf = 2, employment = 1, exports_goods = 1, hours_worked = 1, imports_goods = 1, participation = 2, unemp_rate = 2, exports_servs = 7, imports_servs = 7, household_spending = 1, commodity_prices = 1, aud_usd = 2, inventories = 7, arrivals = 1
NULL
COVID mask applied: 5 months × 17 series set to NA
Balanced panel: 290x17
Variables: gdp, building_app, bus_conf, cons_conf, employment, exports_goods, hours_worked, imports_goods, participation, unemp_rate, exports_servs, imports_servs, household_spending, commodity_prices, aud_usd, inventories, arrivals
Blocks structure: 17 variables × 2 factors (unrestricted)
5th iteration: 
The loglikelihood went from -1252.2519 to -1244.0392
10th iteration: 
The loglikelihood went from -1216.9591 to -1211.3266
15th iteration: 
The loglikelihood went from -1194.4059 to -1191.5852
20th iteration: 
The loglikelihood went from -1184.4769 to -1183.4206
25th iteration: 
The loglikelihood went from -1180.6207 to -1180.1363
30th iteration: 
The loglikelihood went from -1178.621 to -1178.3124
35th iteration: 
The loglikelihood went from -1177.2442 to -1177.0082
40th iteration: 
The loglikelihood went from -1176.1491 to -1175.9514
45th iteration: 
The loglikelihood went from -1175.2119 to -1175.0379
50th iteration: 
The loglikelihood went from -1174.3764 to -1174.2186
55th iteration: 
The loglikelihood went from -1173.6126 to -1173.4667
60th iteration: 
The loglikelihood went from -1172.9027 to -1172.7661
65th iteration: 
The loglikelihood went from -1172.2354 to -1172.1064
70th iteration: 
The loglikelihood went from -1171.603 to -1171.4802
75th iteration: 
The loglikelihood went from -1171 to -1170.8825
✓ Model estimation complete
done.
  nowcasting... 
=== Generating GDP Nowcast ===

Target quarter: 2023 Q1
Nowcast for 2023 Q1: QoQ=+0.81%  implied level=$665,269M  YoY=+3.14%  [out (nowcast)]
done.
→ nowcast $665,269M (+0.81%)
[14/25] 2023-06-30Filtering data available as of: 2023-06-30
  → 3750 observations available across all indicators
target: 2023 Q2, periods: 281, live_indicators: 10  estimating DFM... 
=== Component-Based DFM Estimation ===

Note: Using simplified aggregate approach
(Full component-based approach to be implemented)

=== Preparing Data for DFM ===

Indicator matrix: 281 periods × 16 indicators
GDP observations: 93/281 (quarterly, ~67% NAs expected)

Indicator frequencies:
# A tibble: 16 × 3
   indicator_id       frequency freq_numeric
   <chr>              <chr>            <dbl>
 1 household_spending monthly             12
 2 cons_conf          monthly             12
 3 building_app       monthly             12
 4 bus_conf           monthly             12
 5 exports_goods      monthly             12
 6 exports_servs      quarterly            4
 7 imports_goods      monthly             12
 8 imports_servs      quarterly            4
 9 employment         monthly             12
10 unemp_rate         monthly             12
11 participation      monthly             12
12 hours_worked       monthly             12
13 commodity_prices   monthly             12
14 aud_usd            monthly             12
15 inventories        quarterly            4
16 arrivals           monthly             12

=== Estimating Dynamic Factor Model ===

Estimating with 2 factors...
Time series created: 281 periods, 17 variables
Variables: gdp, building_app, bus_conf, cons_conf, employment, exports_goods, hours_worked, imports_goods, participation, unemp_rate, exports_servs, imports_servs, household_spending, commodity_prices, aud_usd, inventories, arrivals
Formula: gdp ~ .

Frequency vector (4=quarterly, 12=monthly):
gdp = 4, building_app = 12, bus_conf = 12, cons_conf = 12, employment = 12, exports_goods = 12, hours_worked = 12, imports_goods = 12, participation = 12, unemp_rate = 12, exports_servs = 4, imports_servs = 4, household_spending = 12, commodity_prices = 12, aud_usd = 12, inventories = 4, arrivals = 12

Preprocessing with Bpanel()...
  NA.replace = FALSE (keep structural NAs)
  na.prop = 1 (don't discard any series)
  aggregate = FALSE (don't apply MA filter that creates more NAs!)

Per-series trans codes:
gdp = 7, building_app = 1, bus_conf = 2, cons_conf = 2, employment = 1, exports_goods = 1, hours_worked = 1, imports_goods = 1, participation = 2, unemp_rate = 2, exports_servs = 7, imports_servs = 7, household_spending = 1, commodity_prices = 1, aud_usd = 2, inventories = 7, arrivals = 1
NULL
COVID mask applied: 5 months × 17 series set to NA
Balanced panel: 293x17
Variables: gdp, building_app, bus_conf, cons_conf, employment, exports_goods, hours_worked, imports_goods, participation, unemp_rate, exports_servs, imports_servs, household_spending, commodity_prices, aud_usd, inventories, arrivals
Blocks structure: 17 variables × 2 factors (unrestricted)
5th iteration: 
The loglikelihood went from -1275.9465 to -1268.4375
10th iteration: 
The loglikelihood went from -1241.7655 to -1235.6478
15th iteration: 
The loglikelihood went from -1215.7335 to -1212.1937
20th iteration: 
The loglikelihood went from -1203.1912 to -1201.8906
25th iteration: 
The loglikelihood went from -1198.6211 to -1198.0899
30th iteration: 
The loglikelihood went from -1196.4936 to -1196.1789
35th iteration: 
The loglikelihood went from -1195.1098 to -1194.8769
40th iteration: 
The loglikelihood went from -1194.0368 to -1193.8447
45th iteration: 
The loglikelihood went from -1193.129 to -1192.961
50th iteration: 
The loglikelihood went from -1192.3228 to -1192.1706
55th iteration: 
The loglikelihood went from -1191.5855 to -1191.4446
60th iteration: 
The loglikelihood went from -1190.8986 to -1190.7662
65th iteration: 
The loglikelihood went from -1190.2505 to -1190.1248
70th iteration: 
The loglikelihood went from -1189.6334 to -1189.5133
✓ Model estimation complete
done.
  nowcasting... 
=== Generating GDP Nowcast ===

Target quarter: 2023 Q2
Nowcast for 2023 Q2: QoQ=+0.81%  implied level=$668,496M  YoY=+2.62%  [out (nowcast)]
done.
→ nowcast $668,496M (+0.81%)
[15/25] 2023-09-30Filtering data available as of: 2023-09-30
  → 3793 observations available across all indicators
target: 2023 Q3, periods: 284, live_indicators: 10  estimating DFM... 
=== Component-Based DFM Estimation ===

Note: Using simplified aggregate approach
(Full component-based approach to be implemented)

=== Preparing Data for DFM ===

Indicator matrix: 284 periods × 16 indicators
GDP observations: 94/284 (quarterly, ~67% NAs expected)

Indicator frequencies:
# A tibble: 16 × 3
   indicator_id       frequency freq_numeric
   <chr>              <chr>            <dbl>
 1 household_spending monthly             12
 2 cons_conf          monthly             12
 3 building_app       monthly             12
 4 bus_conf           monthly             12
 5 exports_goods      monthly             12
 6 exports_servs      quarterly            4
 7 imports_goods      monthly             12
 8 imports_servs      quarterly            4
 9 employment         monthly             12
10 unemp_rate         monthly             12
11 participation      monthly             12
12 hours_worked       monthly             12
13 commodity_prices   monthly             12
14 aud_usd            monthly             12
15 inventories        quarterly            4
16 arrivals           monthly             12

=== Estimating Dynamic Factor Model ===

Estimating with 2 factors...
Time series created: 284 periods, 17 variables
Variables: gdp, building_app, bus_conf, cons_conf, employment, exports_goods, hours_worked, imports_goods, participation, unemp_rate, exports_servs, imports_servs, household_spending, commodity_prices, aud_usd, inventories, arrivals
Formula: gdp ~ .

Frequency vector (4=quarterly, 12=monthly):
gdp = 4, building_app = 12, bus_conf = 12, cons_conf = 12, employment = 12, exports_goods = 12, hours_worked = 12, imports_goods = 12, participation = 12, unemp_rate = 12, exports_servs = 4, imports_servs = 4, household_spending = 12, commodity_prices = 12, aud_usd = 12, inventories = 4, arrivals = 12

Preprocessing with Bpanel()...
  NA.replace = FALSE (keep structural NAs)
  na.prop = 1 (don't discard any series)
  aggregate = FALSE (don't apply MA filter that creates more NAs!)

Per-series trans codes:
gdp = 7, building_app = 1, bus_conf = 2, cons_conf = 2, employment = 1, exports_goods = 1, hours_worked = 1, imports_goods = 1, participation = 2, unemp_rate = 2, exports_servs = 7, imports_servs = 7, household_spending = 1, commodity_prices = 1, aud_usd = 2, inventories = 7, arrivals = 1
NULL
COVID mask applied: 5 months × 17 series set to NA
Balanced panel: 296x17
Variables: gdp, building_app, bus_conf, cons_conf, employment, exports_goods, hours_worked, imports_goods, participation, unemp_rate, exports_servs, imports_servs, household_spending, commodity_prices, aud_usd, inventories, arrivals
Blocks structure: 17 variables × 2 factors (unrestricted)
5th iteration: 
The loglikelihood went from -1300.9791 to -1294.5752
10th iteration: 
The loglikelihood went from -1272.5004 to -1267.2693
15th iteration: 
The loglikelihood went from -1248.5624 to -1244.7796
20th iteration: 
The loglikelihood went from -1233.987 to -1232.2531
25th iteration: 
The loglikelihood went from -1227.8037 to -1227.0988
30th iteration: 
The loglikelihood went from -1225.0768 to -1224.6962
35th iteration: 
The loglikelihood went from -1223.4381 to -1223.1695
40th iteration: 
The loglikelihood went from -1222.2101 to -1221.9923
45th iteration: 
The loglikelihood went from -1221.1828 to -1220.9931
50th iteration: 
The loglikelihood went from -1220.2727 to -1220.1008
55th iteration: 
The loglikelihood went from -1219.44 to -1219.2807
60th iteration: 
The loglikelihood went from -1218.6631 to -1218.5132
65th iteration: 
The loglikelihood went from -1217.9292 to -1217.7867
70th iteration: 
The loglikelihood went from -1217.2298 to -1217.0936
75th iteration: 
The loglikelihood went from -1216.5595 to -1216.4285
80th iteration: 
The loglikelihood went from -1215.914 to -1215.7876
85th iteration: 
The loglikelihood went from -1215.2902 to -1215.1679
✓ Model estimation complete
done.
  nowcasting... 
=== Generating GDP Nowcast ===

Target quarter: 2023 Q3
Nowcast for 2023 Q3: QoQ=+0.67%  implied level=$670,558M  YoY=+2.45%  [out (nowcast)]
done.
→ nowcast $670,558M (+0.67%)
[16/25] 2023-12-31Filtering data available as of: 2023-12-31
  → 3836 observations available across all indicators
target: 2023 Q4, periods: 287, live_indicators: 10  estimating DFM... 
=== Component-Based DFM Estimation ===

Note: Using simplified aggregate approach
(Full component-based approach to be implemented)

=== Preparing Data for DFM ===

Indicator matrix: 287 periods × 16 indicators
GDP observations: 95/287 (quarterly, ~67% NAs expected)

Indicator frequencies:
# A tibble: 16 × 3
   indicator_id       frequency freq_numeric
   <chr>              <chr>            <dbl>
 1 household_spending monthly             12
 2 cons_conf          monthly             12
 3 building_app       monthly             12
 4 bus_conf           monthly             12
 5 exports_goods      monthly             12
 6 exports_servs      quarterly            4
 7 imports_goods      monthly             12
 8 imports_servs      quarterly            4
 9 employment         monthly             12
10 unemp_rate         monthly             12
11 participation      monthly             12
12 hours_worked       monthly             12
13 commodity_prices   monthly             12
14 aud_usd            monthly             12
15 inventories        quarterly            4
16 arrivals           monthly             12

=== Estimating Dynamic Factor Model ===

Estimating with 2 factors...
Time series created: 287 periods, 17 variables
Variables: gdp, building_app, bus_conf, cons_conf, employment, exports_goods, hours_worked, imports_goods, participation, unemp_rate, exports_servs, imports_servs, household_spending, commodity_prices, aud_usd, inventories, arrivals
Formula: gdp ~ .

Frequency vector (4=quarterly, 12=monthly):
gdp = 4, building_app = 12, bus_conf = 12, cons_conf = 12, employment = 12, exports_goods = 12, hours_worked = 12, imports_goods = 12, participation = 12, unemp_rate = 12, exports_servs = 4, imports_servs = 4, household_spending = 12, commodity_prices = 12, aud_usd = 12, inventories = 4, arrivals = 12

Preprocessing with Bpanel()...
  NA.replace = FALSE (keep structural NAs)
  na.prop = 1 (don't discard any series)
  aggregate = FALSE (don't apply MA filter that creates more NAs!)

Per-series trans codes:
gdp = 7, building_app = 1, bus_conf = 2, cons_conf = 2, employment = 1, exports_goods = 1, hours_worked = 1, imports_goods = 1, participation = 2, unemp_rate = 2, exports_servs = 7, imports_servs = 7, household_spending = 1, commodity_prices = 1, aud_usd = 2, inventories = 7, arrivals = 1
NULL
COVID mask applied: 5 months × 17 series set to NA
Balanced panel: 299x17
Variables: gdp, building_app, bus_conf, cons_conf, employment, exports_goods, hours_worked, imports_goods, participation, unemp_rate, exports_servs, imports_servs, household_spending, commodity_prices, aud_usd, inventories, arrivals
Blocks structure: 17 variables × 2 factors (unrestricted)
5th iteration: 
The loglikelihood went from -1329.8838 to -1324.8896
10th iteration: 
The loglikelihood went from -1309.0158 to -1305.2633
15th iteration: 
The loglikelihood went from -1290.388 to -1286.8577
20th iteration: 
The loglikelihood went from -1274.7142 to -1272.31
25th iteration: 
The loglikelihood went from -1265.3017 to -1264.1098
30th iteration: 
The loglikelihood went from -1260.8071 to -1260.2324
35th iteration: 
The loglikelihood went from -1258.4699 to -1258.1181
40th iteration: 
The loglikelihood went from -1256.9103 to -1256.6439
45th iteration: 
The loglikelihood went from -1255.6694 to -1255.4434
50th iteration: 
The loglikelihood went from -1254.5897 to -1254.3866
55th iteration: 
The loglikelihood went from -1253.6067 to -1253.4187
60th iteration: 
The loglikelihood went from -1252.6899 to -1252.5128
65th iteration: 
The loglikelihood went from -1251.8227 to -1251.6543
70th iteration: 
The loglikelihood went from -1250.9954 to -1250.8342
75th iteration: 
The loglikelihood went from -1250.2018 to -1250.0467
80th iteration: 
The loglikelihood went from -1249.4375 to -1249.2879
85th iteration: 
The loglikelihood went from -1248.6994 to -1248.5547
90th iteration: 
The loglikelihood went from -1247.9852 to -1247.8451
95th iteration: 
The loglikelihood went from -1247.293 to -1247.1571
100th iteration: 
The loglikelihood went from -1246.6214 to -1246.4894
105th iteration: 
The loglikelihood went from -1245.969 to -1245.8407
110th iteration: 
The loglikelihood went from -1245.3348 to -1245.21
✓ Model estimation complete
done.
  nowcasting... 
=== Generating GDP Nowcast ===

Target quarter: 2023 Q4
Nowcast for 2023 Q4: QoQ=+0.64%  implied level=$673,073M  YoY=+1.99%  [out (nowcast)]
done.
→ nowcast $673,073M (+0.64%)
[17/25] 2024-03-31Filtering data available as of: 2024-03-31
  → 3879 observations available across all indicators
target: 2024 Q1, periods: 290, live_indicators: 10  estimating DFM... 
=== Component-Based DFM Estimation ===

Note: Using simplified aggregate approach
(Full component-based approach to be implemented)

=== Preparing Data for DFM ===

Indicator matrix: 290 periods × 16 indicators
GDP observations: 96/290 (quarterly, ~67% NAs expected)

Indicator frequencies:
# A tibble: 16 × 3
   indicator_id       frequency freq_numeric
   <chr>              <chr>            <dbl>
 1 household_spending monthly             12
 2 cons_conf          monthly             12
 3 building_app       monthly             12
 4 bus_conf           monthly             12
 5 exports_goods      monthly             12
 6 exports_servs      quarterly            4
 7 imports_goods      monthly             12
 8 imports_servs      quarterly            4
 9 employment         monthly             12
10 unemp_rate         monthly             12
11 participation      monthly             12
12 hours_worked       monthly             12
13 commodity_prices   monthly             12
14 aud_usd            monthly             12
15 inventories        quarterly            4
16 arrivals           monthly             12

=== Estimating Dynamic Factor Model ===

Estimating with 2 factors...
Time series created: 290 periods, 17 variables
Variables: gdp, building_app, bus_conf, cons_conf, employment, exports_goods, hours_worked, imports_goods, participation, unemp_rate, exports_servs, imports_servs, household_spending, commodity_prices, aud_usd, inventories, arrivals
Formula: gdp ~ .

Frequency vector (4=quarterly, 12=monthly):
gdp = 4, building_app = 12, bus_conf = 12, cons_conf = 12, employment = 12, exports_goods = 12, hours_worked = 12, imports_goods = 12, participation = 12, unemp_rate = 12, exports_servs = 4, imports_servs = 4, household_spending = 12, commodity_prices = 12, aud_usd = 12, inventories = 4, arrivals = 12

Preprocessing with Bpanel()...
  NA.replace = FALSE (keep structural NAs)
  na.prop = 1 (don't discard any series)
  aggregate = FALSE (don't apply MA filter that creates more NAs!)

Per-series trans codes:
gdp = 7, building_app = 1, bus_conf = 2, cons_conf = 2, employment = 1, exports_goods = 1, hours_worked = 1, imports_goods = 1, participation = 2, unemp_rate = 2, exports_servs = 7, imports_servs = 7, household_spending = 1, commodity_prices = 1, aud_usd = 2, inventories = 7, arrivals = 1
NULL
COVID mask applied: 5 months × 17 series set to NA
Balanced panel: 302x17
Variables: gdp, building_app, bus_conf, cons_conf, employment, exports_goods, hours_worked, imports_goods, participation, unemp_rate, exports_servs, imports_servs, household_spending, commodity_prices, aud_usd, inventories, arrivals
Blocks structure: 17 variables × 2 factors (unrestricted)
5th iteration: 
The loglikelihood went from -1343.4882 to -1337.7467
10th iteration: 
The loglikelihood went from -1318.4263 to -1313.7525
15th iteration: 
The loglikelihood went from -1295.6304 to -1291.526
20th iteration: 
The loglikelihood went from -1278.3511 to -1275.96
25th iteration: 
The loglikelihood went from -1269.4886 to -1268.4574
30th iteration: 
The loglikelihood went from -1265.6394 to -1265.1431
35th iteration: 
The loglikelihood went from -1263.5817 to -1263.2617
40th iteration: 
The loglikelihood went from -1262.1454 to -1261.8963
45th iteration: 
The loglikelihood went from -1260.9805 to -1260.7674
50th iteration: 
The loglikelihood went from -1259.962 to -1259.7704
55th iteration: 
The loglikelihood went from -1259.0351 to -1258.8579
60th iteration: 
The loglikelihood went from -1258.1718 to -1258.0053
65th iteration: 
The loglikelihood went from -1257.3564 to -1257.1982
70th iteration: 
The loglikelihood went from -1256.5794 to -1256.4279
75th iteration: 
The loglikelihood went from -1255.8342 to -1255.6886
80th iteration: 
The loglikelihood went from -1255.1165 to -1254.976
85th iteration: 
The loglikelihood went from -1254.4232 to -1254.2873
90th iteration: 
The loglikelihood went from -1253.7518 to -1253.62
95th iteration: 
The loglikelihood went from -1253.1005 to -1252.9725
✓ Model estimation complete
done.
  nowcasting... 
=== Generating GDP Nowcast ===

Target quarter: 2024 Q1
Nowcast for 2024 Q1: QoQ=+0.57%  implied level=$672,549M  YoY=+1.42%  [out (nowcast)]
done.
→ nowcast $672,549M (+0.57%)
[18/25] 2024-06-30Filtering data available as of: 2024-06-30
  → 3922 observations available across all indicators
target: 2024 Q2, periods: 293, live_indicators: 10  estimating DFM... 
=== Component-Based DFM Estimation ===

Note: Using simplified aggregate approach
(Full component-based approach to be implemented)

=== Preparing Data for DFM ===

Indicator matrix: 293 periods × 16 indicators
GDP observations: 97/293 (quarterly, ~67% NAs expected)

Indicator frequencies:
# A tibble: 16 × 3
   indicator_id       frequency freq_numeric
   <chr>              <chr>            <dbl>
 1 household_spending monthly             12
 2 cons_conf          monthly             12
 3 building_app       monthly             12
 4 bus_conf           monthly             12
 5 exports_goods      monthly             12
 6 exports_servs      quarterly            4
 7 imports_goods      monthly             12
 8 imports_servs      quarterly            4
 9 employment         monthly             12
10 unemp_rate         monthly             12
11 participation      monthly             12
12 hours_worked       monthly             12
13 commodity_prices   monthly             12
14 aud_usd            monthly             12
15 inventories        quarterly            4
16 arrivals           monthly             12

=== Estimating Dynamic Factor Model ===

Estimating with 2 factors...
Time series created: 293 periods, 17 variables
Variables: gdp, building_app, bus_conf, cons_conf, employment, exports_goods, hours_worked, imports_goods, participation, unemp_rate, exports_servs, imports_servs, household_spending, commodity_prices, aud_usd, inventories, arrivals
Formula: gdp ~ .

Frequency vector (4=quarterly, 12=monthly):
gdp = 4, building_app = 12, bus_conf = 12, cons_conf = 12, employment = 12, exports_goods = 12, hours_worked = 12, imports_goods = 12, participation = 12, unemp_rate = 12, exports_servs = 4, imports_servs = 4, household_spending = 12, commodity_prices = 12, aud_usd = 12, inventories = 4, arrivals = 12

Preprocessing with Bpanel()...
  NA.replace = FALSE (keep structural NAs)
  na.prop = 1 (don't discard any series)
  aggregate = FALSE (don't apply MA filter that creates more NAs!)

Per-series trans codes:
gdp = 7, building_app = 1, bus_conf = 2, cons_conf = 2, employment = 1, exports_goods = 1, hours_worked = 1, imports_goods = 1, participation = 2, unemp_rate = 2, exports_servs = 7, imports_servs = 7, household_spending = 1, commodity_prices = 1, aud_usd = 2, inventories = 7, arrivals = 1
NULL
COVID mask applied: 5 months × 17 series set to NA
Balanced panel: 305x17
Variables: gdp, building_app, bus_conf, cons_conf, employment, exports_goods, hours_worked, imports_goods, participation, unemp_rate, exports_servs, imports_servs, household_spending, commodity_prices, aud_usd, inventories, arrivals
Blocks structure: 17 variables × 2 factors (unrestricted)
5th iteration: 
The loglikelihood went from -1358.5506 to -1353.0746
10th iteration: 
The loglikelihood went from -1334.936 to -1330.5508
15th iteration: 
The loglikelihood went from -1313.2291 to -1309.2038
20th iteration: 
The loglikelihood went from -1295.9416 to -1293.47
25th iteration: 
The loglikelihood went from -1286.6813 to -1285.5933
30th iteration: 
The loglikelihood went from -1282.6507 to -1282.1418
35th iteration: 
The loglikelihood went from -1280.5652 to -1280.2462
40th iteration: 
The loglikelihood went from -1279.1413 to -1278.896
45th iteration: 
The loglikelihood went from -1277.9956 to -1277.7863
50th iteration: 
The loglikelihood went from -1276.9953 to -1276.8071
55th iteration: 
The loglikelihood went from -1276.0842 to -1275.9099
60th iteration: 
The loglikelihood went from -1275.2344 to -1275.0703
65th iteration: 
The loglikelihood went from -1274.4305 to -1274.2743
70th iteration: 
The loglikelihood went from -1273.6631 to -1273.5134
75th iteration: 
The loglikelihood went from -1272.9262 to -1272.7821
80th iteration: 
The loglikelihood went from -1272.2156 to -1272.0763
85th iteration: 
The loglikelihood went from -1271.5281 to -1271.3932
90th iteration: 
The loglikelihood went from -1270.8616 to -1270.7306
95th iteration: 
The loglikelihood went from -1270.2142 to -1270.0868
✓ Model estimation complete
done.
  nowcasting... 
=== Generating GDP Nowcast ===

Target quarter: 2024 Q2
Nowcast for 2024 Q2: QoQ=+0.62%  implied level=$674,570M  YoY=+1.27%  [out (nowcast)]
done.
→ nowcast $674,570M (+0.62%)
[19/25] 2024-09-30Filtering data available as of: 2024-09-30
  → 3965 observations available across all indicators
target: 2024 Q3, periods: 296, live_indicators: 10  estimating DFM... 
=== Component-Based DFM Estimation ===

Note: Using simplified aggregate approach
(Full component-based approach to be implemented)

=== Preparing Data for DFM ===

Indicator matrix: 296 periods × 16 indicators
GDP observations: 98/296 (quarterly, ~67% NAs expected)

Indicator frequencies:
# A tibble: 16 × 3
   indicator_id       frequency freq_numeric
   <chr>              <chr>            <dbl>
 1 household_spending monthly             12
 2 cons_conf          monthly             12
 3 building_app       monthly             12
 4 bus_conf           monthly             12
 5 exports_goods      monthly             12
 6 exports_servs      quarterly            4
 7 imports_goods      monthly             12
 8 imports_servs      quarterly            4
 9 employment         monthly             12
10 unemp_rate         monthly             12
11 participation      monthly             12
12 hours_worked       monthly             12
13 commodity_prices   monthly             12
14 aud_usd            monthly             12
15 inventories        quarterly            4
16 arrivals           monthly             12

=== Estimating Dynamic Factor Model ===

Estimating with 2 factors...
Time series created: 296 periods, 17 variables
Variables: gdp, building_app, bus_conf, cons_conf, employment, exports_goods, hours_worked, imports_goods, participation, unemp_rate, exports_servs, imports_servs, household_spending, commodity_prices, aud_usd, inventories, arrivals
Formula: gdp ~ .

Frequency vector (4=quarterly, 12=monthly):
gdp = 4, building_app = 12, bus_conf = 12, cons_conf = 12, employment = 12, exports_goods = 12, hours_worked = 12, imports_goods = 12, participation = 12, unemp_rate = 12, exports_servs = 4, imports_servs = 4, household_spending = 12, commodity_prices = 12, aud_usd = 12, inventories = 4, arrivals = 12

Preprocessing with Bpanel()...
  NA.replace = FALSE (keep structural NAs)
  na.prop = 1 (don't discard any series)
  aggregate = FALSE (don't apply MA filter that creates more NAs!)

Per-series trans codes:
gdp = 7, building_app = 1, bus_conf = 2, cons_conf = 2, employment = 1, exports_goods = 1, hours_worked = 1, imports_goods = 1, participation = 2, unemp_rate = 2, exports_servs = 7, imports_servs = 7, household_spending = 1, commodity_prices = 1, aud_usd = 2, inventories = 7, arrivals = 1
NULL
COVID mask applied: 5 months × 17 series set to NA
Balanced panel: 308x17
Variables: gdp, building_app, bus_conf, cons_conf, employment, exports_goods, hours_worked, imports_goods, participation, unemp_rate, exports_servs, imports_servs, household_spending, commodity_prices, aud_usd, inventories, arrivals
Blocks structure: 17 variables × 2 factors (unrestricted)
5th iteration: 
The loglikelihood went from -1373.2092 to -1367.3933
10th iteration: 
The loglikelihood went from -1347.7324 to -1342.9432
15th iteration: 
The loglikelihood went from -1324.2465 to -1319.9998
20th iteration: 
The loglikelihood went from -1306.4474 to -1304.0188
25th iteration: 
The loglikelihood went from -1297.5453 to -1296.5316
30th iteration: 
The loglikelihood went from -1293.7897 to -1293.3104
35th iteration: 
The loglikelihood went from -1291.806 to -1291.4981
40th iteration: 
The loglikelihood went from -1290.4244 to -1290.1848
45th iteration: 
The loglikelihood went from -1289.3038 to -1289.0988
50th iteration: 
The loglikelihood went from -1288.3235 to -1288.139
55th iteration: 
The loglikelihood went from -1287.4304 to -1287.2596
60th iteration: 
The loglikelihood went from -1286.5976 to -1286.4369
65th iteration: 
The loglikelihood went from -1285.8102 to -1285.6573
70th iteration: 
The loglikelihood went from -1285.0588 to -1284.9122
75th iteration: 
The loglikelihood went from -1284.3373 to -1284.1962
80th iteration: 
The loglikelihood went from -1283.6415 to -1283.5051
85th iteration: 
The loglikelihood went from -1282.9684 to -1282.8363
90th iteration: 
The loglikelihood went from -1282.3157 to -1282.1874
✓ Model estimation complete
done.
  nowcasting... 
=== Generating GDP Nowcast ===

Target quarter: 2024 Q3
Nowcast for 2024 Q3: QoQ=+0.63%  implied level=$676,300M  YoY=+1.12%  [out (nowcast)]
done.
→ nowcast $676,300M (+0.63%)
[20/25] 2024-12-31Filtering data available as of: 2024-12-31
  → 4008 observations available across all indicators
target: 2024 Q4, periods: 299, live_indicators: 10  estimating DFM... 
=== Component-Based DFM Estimation ===

Note: Using simplified aggregate approach
(Full component-based approach to be implemented)

=== Preparing Data for DFM ===

Indicator matrix: 299 periods × 16 indicators
GDP observations: 99/299 (quarterly, ~67% NAs expected)

Indicator frequencies:
# A tibble: 16 × 3
   indicator_id       frequency freq_numeric
   <chr>              <chr>            <dbl>
 1 household_spending monthly             12
 2 cons_conf          monthly             12
 3 building_app       monthly             12
 4 bus_conf           monthly             12
 5 exports_goods      monthly             12
 6 exports_servs      quarterly            4
 7 imports_goods      monthly             12
 8 imports_servs      quarterly            4
 9 employment         monthly             12
10 unemp_rate         monthly             12
11 participation      monthly             12
12 hours_worked       monthly             12
13 commodity_prices   monthly             12
14 aud_usd            monthly             12
15 inventories        quarterly            4
16 arrivals           monthly             12

=== Estimating Dynamic Factor Model ===

Estimating with 2 factors...
Time series created: 299 periods, 17 variables
Variables: gdp, building_app, bus_conf, cons_conf, employment, exports_goods, hours_worked, imports_goods, participation, unemp_rate, exports_servs, imports_servs, household_spending, commodity_prices, aud_usd, inventories, arrivals
Formula: gdp ~ .

Frequency vector (4=quarterly, 12=monthly):
gdp = 4, building_app = 12, bus_conf = 12, cons_conf = 12, employment = 12, exports_goods = 12, hours_worked = 12, imports_goods = 12, participation = 12, unemp_rate = 12, exports_servs = 4, imports_servs = 4, household_spending = 12, commodity_prices = 12, aud_usd = 12, inventories = 4, arrivals = 12

Preprocessing with Bpanel()...
  NA.replace = FALSE (keep structural NAs)
  na.prop = 1 (don't discard any series)
  aggregate = FALSE (don't apply MA filter that creates more NAs!)

Per-series trans codes:
gdp = 7, building_app = 1, bus_conf = 2, cons_conf = 2, employment = 1, exports_goods = 1, hours_worked = 1, imports_goods = 1, participation = 2, unemp_rate = 2, exports_servs = 7, imports_servs = 7, household_spending = 1, commodity_prices = 1, aud_usd = 2, inventories = 7, arrivals = 1
NULL
COVID mask applied: 5 months × 17 series set to NA
Balanced panel: 311x17
Variables: gdp, building_app, bus_conf, cons_conf, employment, exports_goods, hours_worked, imports_goods, participation, unemp_rate, exports_servs, imports_servs, household_spending, commodity_prices, aud_usd, inventories, arrivals
Blocks structure: 17 variables × 2 factors (unrestricted)
5th iteration: 
The loglikelihood went from -1383.7515 to -1377.106
10th iteration: 
The loglikelihood went from -1353.5793 to -1347.8029
15th iteration: 
The loglikelihood went from -1326.2198 to -1321.6666
20th iteration: 
The loglikelihood went from -1308.415 to -1306.2814
25th iteration: 
The loglikelihood went from -1300.9307 to -1300.1149
30th iteration: 
The loglikelihood went from -1297.8461 to -1297.4309
35th iteration: 
The loglikelihood went from -1296.0823 to -1295.7989
40th iteration: 
The loglikelihood went from -1294.798 to -1294.5731
45th iteration: 
The loglikelihood went from -1293.7437 to -1293.5506
50th iteration: 
The loglikelihood went from -1292.8213 to -1292.648
55th iteration: 
The loglikelihood went from -1291.9838 to -1291.824
60th iteration: 
The loglikelihood went from -1291.2059 to -1291.056
65th iteration: 
The loglikelihood went from -1290.4726 to -1290.3304
70th iteration: 
The loglikelihood went from -1289.7744 to -1289.6384
75th iteration: 
The loglikelihood went from -1289.105 to -1288.9741
✓ Model estimation complete
done.
  nowcasting... 
=== Generating GDP Nowcast ===

Target quarter: 2024 Q4
Nowcast for 2024 Q4: QoQ=+0.64%  implied level=$678,477M  YoY=+1.45%  [out (nowcast)]
done.
→ nowcast $678,477M (+0.64%)
[21/25] 2025-03-31Filtering data available as of: 2025-03-31
  → 4051 observations available across all indicators
target: 2025 Q1, periods: 302, live_indicators: 10  estimating DFM... 
=== Component-Based DFM Estimation ===

Note: Using simplified aggregate approach
(Full component-based approach to be implemented)

=== Preparing Data for DFM ===

Indicator matrix: 302 periods × 16 indicators
GDP observations: 100/302 (quarterly, ~67% NAs expected)

Indicator frequencies:
# A tibble: 16 × 3
   indicator_id       frequency freq_numeric
   <chr>              <chr>            <dbl>
 1 household_spending monthly             12
 2 cons_conf          monthly             12
 3 building_app       monthly             12
 4 bus_conf           monthly             12
 5 exports_goods      monthly             12
 6 exports_servs      quarterly            4
 7 imports_goods      monthly             12
 8 imports_servs      quarterly            4
 9 employment         monthly             12
10 unemp_rate         monthly             12
11 participation      monthly             12
12 hours_worked       monthly             12
13 commodity_prices   monthly             12
14 aud_usd            monthly             12
15 inventories        quarterly            4
16 arrivals           monthly             12

=== Estimating Dynamic Factor Model ===

Estimating with 2 factors...
Time series created: 302 periods, 17 variables
Variables: gdp, building_app, bus_conf, cons_conf, employment, exports_goods, hours_worked, imports_goods, participation, unemp_rate, exports_servs, imports_servs, household_spending, commodity_prices, aud_usd, inventories, arrivals
Formula: gdp ~ .

Frequency vector (4=quarterly, 12=monthly):
gdp = 4, building_app = 12, bus_conf = 12, cons_conf = 12, employment = 12, exports_goods = 12, hours_worked = 12, imports_goods = 12, participation = 12, unemp_rate = 12, exports_servs = 4, imports_servs = 4, household_spending = 12, commodity_prices = 12, aud_usd = 12, inventories = 4, arrivals = 12

Preprocessing with Bpanel()...
  NA.replace = FALSE (keep structural NAs)
  na.prop = 1 (don't discard any series)
  aggregate = FALSE (don't apply MA filter that creates more NAs!)

Per-series trans codes:
gdp = 7, building_app = 1, bus_conf = 2, cons_conf = 2, employment = 1, exports_goods = 1, hours_worked = 1, imports_goods = 1, participation = 2, unemp_rate = 2, exports_servs = 7, imports_servs = 7, household_spending = 1, commodity_prices = 1, aud_usd = 2, inventories = 7, arrivals = 1
NULL
COVID mask applied: 5 months × 17 series set to NA
Balanced panel: 314x17
Variables: gdp, building_app, bus_conf, cons_conf, employment, exports_goods, hours_worked, imports_goods, participation, unemp_rate, exports_servs, imports_servs, household_spending, commodity_prices, aud_usd, inventories, arrivals
Blocks structure: 17 variables × 2 factors (unrestricted)
5th iteration: 
The loglikelihood went from -1395.2554 to -1388.1765
10th iteration: 
The loglikelihood went from -1362.6706 to -1356.4224
15th iteration: 
The loglikelihood went from -1333.6965 to -1329.0878
20th iteration: 
The loglikelihood went from -1316.2162 to -1314.2336
25th iteration: 
The loglikelihood went from -1309.3581 to -1308.6184
30th iteration: 
The loglikelihood went from -1306.5393 to -1306.1536
35th iteration: 
The loglikelihood went from -1304.8896 to -1304.6221
40th iteration: 
The loglikelihood went from -1303.6731 to -1303.4591
45th iteration: 
The loglikelihood went from -1302.6682 to -1302.4837
50th iteration: 
The loglikelihood went from -1301.7858 to -1301.6198
55th iteration: 
The loglikelihood went from -1300.9829 to -1300.8296
60th iteration: 
The loglikelihood went from -1300.2361 to -1300.0921
65th iteration: 
The loglikelihood went from -1299.5314 to -1299.3946
70th iteration: 
The loglikelihood went from -1298.8598 to -1298.729
✓ Model estimation complete
done.
  nowcasting... 
=== Generating GDP Nowcast ===

Target quarter: 2025 Q1
Nowcast for 2025 Q1: QoQ=+0.59%  implied level=$681,084M  YoY=+1.60%  [out (nowcast)]
done.
→ nowcast $681,084M (+0.59%)
[22/25] 2025-06-30Filtering data available as of: 2025-06-30
  → 4094 observations available across all indicators
target: 2025 Q2, periods: 305, live_indicators: 10  estimating DFM... 
=== Component-Based DFM Estimation ===

Note: Using simplified aggregate approach
(Full component-based approach to be implemented)

=== Preparing Data for DFM ===

Indicator matrix: 305 periods × 16 indicators
GDP observations: 101/305 (quarterly, ~67% NAs expected)

Indicator frequencies:
# A tibble: 16 × 3
   indicator_id       frequency freq_numeric
   <chr>              <chr>            <dbl>
 1 household_spending monthly             12
 2 cons_conf          monthly             12
 3 building_app       monthly             12
 4 bus_conf           monthly             12
 5 exports_goods      monthly             12
 6 exports_servs      quarterly            4
 7 imports_goods      monthly             12
 8 imports_servs      quarterly            4
 9 employment         monthly             12
10 unemp_rate         monthly             12
11 participation      monthly             12
12 hours_worked       monthly             12
13 commodity_prices   monthly             12
14 aud_usd            monthly             12
15 inventories        quarterly            4
16 arrivals           monthly             12

=== Estimating Dynamic Factor Model ===

Estimating with 2 factors...
Time series created: 305 periods, 17 variables
Variables: gdp, building_app, bus_conf, cons_conf, employment, exports_goods, hours_worked, imports_goods, participation, unemp_rate, exports_servs, imports_servs, household_spending, commodity_prices, aud_usd, inventories, arrivals
Formula: gdp ~ .

Frequency vector (4=quarterly, 12=monthly):
gdp = 4, building_app = 12, bus_conf = 12, cons_conf = 12, employment = 12, exports_goods = 12, hours_worked = 12, imports_goods = 12, participation = 12, unemp_rate = 12, exports_servs = 4, imports_servs = 4, household_spending = 12, commodity_prices = 12, aud_usd = 12, inventories = 4, arrivals = 12

Preprocessing with Bpanel()...
  NA.replace = FALSE (keep structural NAs)
  na.prop = 1 (don't discard any series)
  aggregate = FALSE (don't apply MA filter that creates more NAs!)

Per-series trans codes:
gdp = 7, building_app = 1, bus_conf = 2, cons_conf = 2, employment = 1, exports_goods = 1, hours_worked = 1, imports_goods = 1, participation = 2, unemp_rate = 2, exports_servs = 7, imports_servs = 7, household_spending = 1, commodity_prices = 1, aud_usd = 2, inventories = 7, arrivals = 1
NULL
COVID mask applied: 5 months × 17 series set to NA
Balanced panel: 317x17
Variables: gdp, building_app, bus_conf, cons_conf, employment, exports_goods, hours_worked, imports_goods, participation, unemp_rate, exports_servs, imports_servs, household_spending, commodity_prices, aud_usd, inventories, arrivals
Blocks structure: 17 variables × 2 factors (unrestricted)
5th iteration: 
The loglikelihood went from -1379.6109 to -1367.9849
10th iteration: 
The loglikelihood went from -1326.2311 to -1317.6313
15th iteration: 
The loglikelihood went from -1294.8685 to -1291.779
20th iteration: 
The loglikelihood went from -1285.0045 to -1284.0725
25th iteration: 
The loglikelihood went from -1281.5222 to -1281.0579
30th iteration: 
The loglikelihood went from -1279.57 to -1279.2647
35th iteration: 
The loglikelihood went from -1278.2189 to -1277.9919
40th iteration: 
The loglikelihood went from -1277.1827 to -1277.0007
45th iteration: 
The loglikelihood went from -1276.3332 to -1276.1791
50th iteration: 
The loglikelihood went from -1275.6024 to -1275.4668
✓ Model estimation complete
done.
  nowcasting... 
=== Generating GDP Nowcast ===

Target quarter: 2025 Q2
Nowcast for 2025 Q2: QoQ=+0.64%  implied level=$683,188M  YoY=+1.65%  [out (nowcast)]
done.
→ nowcast $683,188M (+0.64%)
[23/25] 2025-09-30Filtering data available as of: 2025-09-30
  → 4137 observations available across all indicators
target: 2025 Q3, periods: 308, live_indicators: 10  estimating DFM... 
=== Component-Based DFM Estimation ===

Note: Using simplified aggregate approach
(Full component-based approach to be implemented)

=== Preparing Data for DFM ===

Indicator matrix: 308 periods × 16 indicators
GDP observations: 102/308 (quarterly, ~67% NAs expected)

Indicator frequencies:
# A tibble: 16 × 3
   indicator_id       frequency freq_numeric
   <chr>              <chr>            <dbl>
 1 household_spending monthly             12
 2 cons_conf          monthly             12
 3 building_app       monthly             12
 4 bus_conf           monthly             12
 5 exports_goods      monthly             12
 6 exports_servs      quarterly            4
 7 imports_goods      monthly             12
 8 imports_servs      quarterly            4
 9 employment         monthly             12
10 unemp_rate         monthly             12
11 participation      monthly             12
12 hours_worked       monthly             12
13 commodity_prices   monthly             12
14 aud_usd            monthly             12
15 inventories        quarterly            4
16 arrivals           monthly             12

=== Estimating Dynamic Factor Model ===

Estimating with 2 factors...
Time series created: 308 periods, 17 variables
Variables: gdp, building_app, bus_conf, cons_conf, employment, exports_goods, hours_worked, imports_goods, participation, unemp_rate, exports_servs, imports_servs, household_spending, commodity_prices, aud_usd, inventories, arrivals
Formula: gdp ~ .

Frequency vector (4=quarterly, 12=monthly):
gdp = 4, building_app = 12, bus_conf = 12, cons_conf = 12, employment = 12, exports_goods = 12, hours_worked = 12, imports_goods = 12, participation = 12, unemp_rate = 12, exports_servs = 4, imports_servs = 4, household_spending = 12, commodity_prices = 12, aud_usd = 12, inventories = 4, arrivals = 12

Preprocessing with Bpanel()...
  NA.replace = FALSE (keep structural NAs)
  na.prop = 1 (don't discard any series)
  aggregate = FALSE (don't apply MA filter that creates more NAs!)

Per-series trans codes:
gdp = 7, building_app = 1, bus_conf = 2, cons_conf = 2, employment = 1, exports_goods = 1, hours_worked = 1, imports_goods = 1, participation = 2, unemp_rate = 2, exports_servs = 7, imports_servs = 7, household_spending = 1, commodity_prices = 1, aud_usd = 2, inventories = 7, arrivals = 1
NULL
COVID mask applied: 5 months × 17 series set to NA
Balanced panel: 320x17
Variables: gdp, building_app, bus_conf, cons_conf, employment, exports_goods, hours_worked, imports_goods, participation, unemp_rate, exports_servs, imports_servs, household_spending, commodity_prices, aud_usd, inventories, arrivals
Blocks structure: 17 variables × 2 factors (unrestricted)
5th iteration: 
The loglikelihood went from -1400.1502 to -1388.679
10th iteration: 
The loglikelihood went from -1346.9088 to -1338.0817
15th iteration: 
The loglikelihood went from -1314.1288 to -1310.8097
20th iteration: 
The loglikelihood went from -1303.5608 to -1302.5822
25th iteration: 
The loglikelihood went from -1299.9463 to -1299.4719
30th iteration: 
The loglikelihood went from -1297.9592 to -1297.6499
35th iteration: 
The loglikelihood went from -1296.5929 to -1296.3638
40th iteration: 
The loglikelihood went from -1295.5487 to -1295.3655
45th iteration: 
The loglikelihood went from -1294.6944 to -1294.5396
50th iteration: 
The loglikelihood went from -1293.9606 to -1293.8245
✓ Model estimation complete
done.
  nowcasting... 
=== Generating GDP Nowcast ===

Target quarter: 2025 Q3
Nowcast for 2025 Q3: QoQ=+0.72%  implied level=$690,330M  YoY=+2.40%  [out (nowcast)]
done.
→ nowcast $690,330M (+0.72%)
[24/25] 2025-12-31Filtering data available as of: 2025-12-31
  → 4180 observations available across all indicators
target: 2025 Q4, periods: 311, live_indicators: 10  estimating DFM... 
=== Component-Based DFM Estimation ===

Note: Using simplified aggregate approach
(Full component-based approach to be implemented)

=== Preparing Data for DFM ===

Indicator matrix: 311 periods × 16 indicators
GDP observations: 103/311 (quarterly, ~67% NAs expected)

Indicator frequencies:
# A tibble: 16 × 3
   indicator_id       frequency freq_numeric
   <chr>              <chr>            <dbl>
 1 household_spending monthly             12
 2 cons_conf          monthly             12
 3 building_app       monthly             12
 4 bus_conf           monthly             12
 5 exports_goods      monthly             12
 6 exports_servs      quarterly            4
 7 imports_goods      monthly             12
 8 imports_servs      quarterly            4
 9 employment         monthly             12
10 unemp_rate         monthly             12
11 participation      monthly             12
12 hours_worked       monthly             12
13 commodity_prices   monthly             12
14 aud_usd            monthly             12
15 inventories        quarterly            4
16 arrivals           monthly             12

=== Estimating Dynamic Factor Model ===

Estimating with 2 factors...
Time series created: 311 periods, 17 variables
Variables: gdp, building_app, bus_conf, cons_conf, employment, exports_goods, hours_worked, imports_goods, participation, unemp_rate, exports_servs, imports_servs, household_spending, commodity_prices, aud_usd, inventories, arrivals
Formula: gdp ~ .

Frequency vector (4=quarterly, 12=monthly):
gdp = 4, building_app = 12, bus_conf = 12, cons_conf = 12, employment = 12, exports_goods = 12, hours_worked = 12, imports_goods = 12, participation = 12, unemp_rate = 12, exports_servs = 4, imports_servs = 4, household_spending = 12, commodity_prices = 12, aud_usd = 12, inventories = 4, arrivals = 12

Preprocessing with Bpanel()...
  NA.replace = FALSE (keep structural NAs)
  na.prop = 1 (don't discard any series)
  aggregate = FALSE (don't apply MA filter that creates more NAs!)

Per-series trans codes:
gdp = 7, building_app = 1, bus_conf = 2, cons_conf = 2, employment = 1, exports_goods = 1, hours_worked = 1, imports_goods = 1, participation = 2, unemp_rate = 2, exports_servs = 7, imports_servs = 7, household_spending = 1, commodity_prices = 1, aud_usd = 2, inventories = 7, arrivals = 1
NULL
COVID mask applied: 5 months × 17 series set to NA
Balanced panel: 323x17
Variables: gdp, building_app, bus_conf, cons_conf, employment, exports_goods, hours_worked, imports_goods, participation, unemp_rate, exports_servs, imports_servs, household_spending, commodity_prices, aud_usd, inventories, arrivals
Blocks structure: 17 variables × 2 factors (unrestricted)
5th iteration: 
The loglikelihood went from -1414.862 to -1402.6639
10th iteration: 
The loglikelihood went from -1358.4097 to -1349.2557
15th iteration: 
The loglikelihood went from -1325.2373 to -1322.0425
20th iteration: 
The loglikelihood went from -1315.1605 to -1314.2272
25th iteration: 
The loglikelihood went from -1311.6764 to -1311.2113
30th iteration: 
The loglikelihood went from -1309.7197 to -1309.4137
35th iteration: 
The loglikelihood went from -1308.3674 to -1308.1408
40th iteration: 
The loglikelihood went from -1307.3352 to -1307.1543
45th iteration: 
The loglikelihood went from -1306.4931 to -1306.3408
50th iteration: 
The loglikelihood went from -1305.772 to -1305.6384
✓ Model estimation complete
done.
  nowcasting... 
=== Generating GDP Nowcast ===

Target quarter: 2025 Q4
Nowcast for 2025 Q4: QoQ=+0.55%  implied level=$691,830M  YoY=+2.18%  [out (nowcast)]
done.
→ nowcast $691,830M (+0.55%)
[25/25] 2026-03-31Filtering data available as of: 2026-03-31
  → 4223 observations available across all indicators
target: 2026 Q1, periods: 314, live_indicators: 10  estimating DFM... 
=== Component-Based DFM Estimation ===

Note: Using simplified aggregate approach
(Full component-based approach to be implemented)

=== Preparing Data for DFM ===

Indicator matrix: 314 periods × 16 indicators
GDP observations: 104/314 (quarterly, ~67% NAs expected)

Indicator frequencies:
# A tibble: 16 × 3
   indicator_id       frequency freq_numeric
   <chr>              <chr>            <dbl>
 1 household_spending monthly             12
 2 cons_conf          monthly             12
 3 building_app       monthly             12
 4 bus_conf           monthly             12
 5 exports_goods      monthly             12
 6 exports_servs      quarterly            4
 7 imports_goods      monthly             12
 8 imports_servs      quarterly            4
 9 employment         monthly             12
10 unemp_rate         monthly             12
11 participation      monthly             12
12 hours_worked       monthly             12
13 commodity_prices   monthly             12
14 aud_usd            monthly             12
15 inventories        quarterly            4
16 arrivals           monthly             12

=== Estimating Dynamic Factor Model ===

Estimating with 2 factors...
Time series created: 314 periods, 17 variables
Variables: gdp, building_app, bus_conf, cons_conf, employment, exports_goods, hours_worked, imports_goods, participation, unemp_rate, exports_servs, imports_servs, household_spending, commodity_prices, aud_usd, inventories, arrivals
Formula: gdp ~ .

Frequency vector (4=quarterly, 12=monthly):
gdp = 4, building_app = 12, bus_conf = 12, cons_conf = 12, employment = 12, exports_goods = 12, hours_worked = 12, imports_goods = 12, participation = 12, unemp_rate = 12, exports_servs = 4, imports_servs = 4, household_spending = 12, commodity_prices = 12, aud_usd = 12, inventories = 4, arrivals = 12

Preprocessing with Bpanel()...
  NA.replace = FALSE (keep structural NAs)
  na.prop = 1 (don't discard any series)
  aggregate = FALSE (don't apply MA filter that creates more NAs!)

Per-series trans codes:
gdp = 7, building_app = 1, bus_conf = 2, cons_conf = 2, employment = 1, exports_goods = 1, hours_worked = 1, imports_goods = 1, participation = 2, unemp_rate = 2, exports_servs = 7, imports_servs = 7, household_spending = 1, commodity_prices = 1, aud_usd = 2, inventories = 7, arrivals = 1
NULL
COVID mask applied: 5 months × 17 series set to NA
Balanced panel: 326x17
Variables: gdp, building_app, bus_conf, cons_conf, employment, exports_goods, hours_worked, imports_goods, participation, unemp_rate, exports_servs, imports_servs, household_spending, commodity_prices, aud_usd, inventories, arrivals
Blocks structure: 17 variables × 2 factors (unrestricted)
5th iteration: 
The loglikelihood went from -1406.5484 to -1390.7308
10th iteration: 
The loglikelihood went from -1337.7953 to -1328.8327
15th iteration: 
The loglikelihood went from -1309.9738 to -1307.9161
20th iteration: 
The loglikelihood went from -1303.284 to -1302.5528
25th iteration: 
The loglikelihood went from -1300.3393 to -1299.9078
30th iteration: 
The loglikelihood went from -1298.4979 to -1298.2075
35th iteration: 
The loglikelihood went from -1297.2241 to -1297.0143
40th iteration: 
The loglikelihood went from -1296.2821 to -1296.121
45th iteration: 
The loglikelihood went from -1295.5425 to -1295.4115
✓ Model estimation complete
done.
  nowcasting... 
=== Generating GDP Nowcast ===

Target quarter: 2026 Q1
Nowcast for 2026 Q1: QoQ=+0.77%  implied level=$699,407M  YoY=+3.03%  [out (nowcast)]
done.
→ nowcast $699,407M (+0.77%)

=== Accuracy metrics ===
# A tibble: 10 × 2
   metric                        value
   <chr>                         <dbl>
 1 n_forecasts                  25    
 2 mae_millions               6491.   
 3 rmse_millions             11502.   
 4 mape_pct                      1.06 
 5 mean_bias_millions         1327.   
 6 median_abs_error_millions  2296.   
 7 correlation_level             0.939
 8 mae_qoq_pp                    1.05 
 9 rmse_qoq_pp                   1.89 
10 hit_rate_direction_pct       84    

Results saved to experimental/backtest_output/r2
Report saved: experimental/backtest_output/r2/backtest_report.md

r = 2 complete in 29.3 min


########## r = 3 ##########

=== DFM Configuration ===
Number of factors: 3
VAR order: 1
EM max iterations: 100
EM tolerance: 1e-04

========================================
  NOWCAST MODEL BACKTESTING
========================================

Period: 2020-01-01 to 2026-03-31Frequency: quarterlyModel: 3-factor DFM
Using wide format from master dataset list

Backtest dates: 25 iterations
[1/25] 2020-03-31Filtering data available as of: 2020-03-31
  → 3191 observations available across all indicators
target: 2020 Q1, periods: 242, live_indicators: 10  estimating DFM... 
=== Component-Based DFM Estimation ===

Note: Using simplified aggregate approach
(Full component-based approach to be implemented)

=== Preparing Data for DFM ===

Indicator matrix: 242 periods × 16 indicators
GDP observations: 80/242 (quarterly, ~67% NAs expected)

Indicator frequencies:
# A tibble: 16 × 3
   indicator_id       frequency freq_numeric
   <chr>              <chr>            <dbl>
 1 household_spending monthly             12
 2 cons_conf          monthly             12
 3 building_app       monthly             12
 4 bus_conf           monthly             12
 5 exports_goods      monthly             12
 6 exports_servs      quarterly            4
 7 imports_goods      monthly             12
 8 imports_servs      quarterly            4
 9 employment         monthly             12
10 unemp_rate         monthly             12
11 participation      monthly             12
12 hours_worked       monthly             12
13 commodity_prices   monthly             12
14 aud_usd            monthly             12
15 inventories        quarterly            4
16 arrivals           monthly             12

=== Estimating Dynamic Factor Model ===

Estimating with 3 factors...
Time series created: 242 periods, 17 variables
Variables: gdp, building_app, bus_conf, cons_conf, employment, exports_goods, hours_worked, imports_goods, participation, unemp_rate, exports_servs, imports_servs, household_spending, commodity_prices, aud_usd, inventories, arrivals
Formula: gdp ~ .

Frequency vector (4=quarterly, 12=monthly):
gdp = 4, building_app = 12, bus_conf = 12, cons_conf = 12, employment = 12, exports_goods = 12, hours_worked = 12, imports_goods = 12, participation = 12, unemp_rate = 12, exports_servs = 4, imports_servs = 4, household_spending = 12, commodity_prices = 12, aud_usd = 12, inventories = 4, arrivals = 12

Preprocessing with Bpanel()...
  NA.replace = FALSE (keep structural NAs)
  na.prop = 1 (don't discard any series)
  aggregate = FALSE (don't apply MA filter that creates more NAs!)

Per-series trans codes:
gdp = 7, building_app = 1, bus_conf = 2, cons_conf = 2, employment = 1, exports_goods = 1, hours_worked = 1, imports_goods = 1, participation = 2, unemp_rate = 2, exports_servs = 7, imports_servs = 7, household_spending = 1, commodity_prices = 1, aud_usd = 2, inventories = 7, arrivals = 1
NULL
COVID mask applied: 5 months × 17 series set to NA
Balanced panel: 254x17
Variables: gdp, building_app, bus_conf, cons_conf, employment, exports_goods, hours_worked, imports_goods, participation, unemp_rate, exports_servs, imports_servs, household_spending, commodity_prices, aud_usd, inventories, arrivals
Blocks structure: 17 variables × 3 factors (unrestricted)
5th iteration: 
The loglikelihood went from -679.493 to -676.1007
10th iteration: 
The loglikelihood went from -669.7665 to -668.817
15th iteration: 
The loglikelihood went from -665.9885 to -665.5011
20th iteration: 
The loglikelihood went from -664.136 to -663.8859
25th iteration: 
The loglikelihood went from -663.0827 to -662.9183
30th iteration: 
The loglikelihood went from -662.3611 to -662.2421
35th iteration: 
The loglikelihood went from -661.8264 to -661.7351
40th iteration: 
The loglikelihood went from -661.4081 to -661.3344
✓ Model estimation complete
done.
  nowcasting... 
=== Generating GDP Nowcast ===

Target quarter: 2020 Q1
Nowcast for 2020 Q1: QoQ=+0.63%  implied level=$615,711M  YoY=+2.13%  [out (nowcast)]
done.
→ nowcast $615,711M (+0.63%)
[2/25] 2020-06-30Filtering data available as of: 2020-06-30
  → 3234 observations available across all indicators
target: 2020 Q2, periods: 245, live_indicators: 10  estimating DFM... 
=== Component-Based DFM Estimation ===

Note: Using simplified aggregate approach
(Full component-based approach to be implemented)

=== Preparing Data for DFM ===

Indicator matrix: 245 periods × 16 indicators
GDP observations: 81/245 (quarterly, ~67% NAs expected)

Indicator frequencies:
# A tibble: 16 × 3
   indicator_id       frequency freq_numeric
   <chr>              <chr>            <dbl>
 1 household_spending monthly             12
 2 cons_conf          monthly             12
 3 building_app       monthly             12
 4 bus_conf           monthly             12
 5 exports_goods      monthly             12
 6 exports_servs      quarterly            4
 7 imports_goods      monthly             12
 8 imports_servs      quarterly            4
 9 employment         monthly             12
10 unemp_rate         monthly             12
11 participation      monthly             12
12 hours_worked       monthly             12
13 commodity_prices   monthly             12
14 aud_usd            monthly             12
15 inventories        quarterly            4
16 arrivals           monthly             12

=== Estimating Dynamic Factor Model ===

Estimating with 3 factors...
Time series created: 245 periods, 17 variables
Variables: gdp, building_app, bus_conf, cons_conf, employment, exports_goods, hours_worked, imports_goods, participation, unemp_rate, exports_servs, imports_servs, household_spending, commodity_prices, aud_usd, inventories, arrivals
Formula: gdp ~ .

Frequency vector (4=quarterly, 12=monthly):
gdp = 4, building_app = 12, bus_conf = 12, cons_conf = 12, employment = 12, exports_goods = 12, hours_worked = 12, imports_goods = 12, participation = 12, unemp_rate = 12, exports_servs = 4, imports_servs = 4, household_spending = 12, commodity_prices = 12, aud_usd = 12, inventories = 4, arrivals = 12

Preprocessing with Bpanel()...
  NA.replace = FALSE (keep structural NAs)
  na.prop = 1 (don't discard any series)
  aggregate = FALSE (don't apply MA filter that creates more NAs!)

Per-series trans codes:
gdp = 7, building_app = 1, bus_conf = 2, cons_conf = 2, employment = 1, exports_goods = 1, hours_worked = 1, imports_goods = 1, participation = 2, unemp_rate = 2, exports_servs = 7, imports_servs = 7, household_spending = 1, commodity_prices = 1, aud_usd = 2, inventories = 7, arrivals = 1
NULL
COVID mask applied: 5 months × 17 series set to NA
Balanced panel: 257x17
Variables: gdp, building_app, bus_conf, cons_conf, employment, exports_goods, hours_worked, imports_goods, participation, unemp_rate, exports_servs, imports_servs, household_spending, commodity_prices, aud_usd, inventories, arrivals
Blocks structure: 17 variables × 3 factors (unrestricted)
5th iteration: 
The loglikelihood went from -689.7614 to -686.2631
10th iteration: 
The loglikelihood went from -679.8113 to -678.8606
15th iteration: 
The loglikelihood went from -676.1088 to -675.6436
20th iteration: 
The loglikelihood went from -674.3208 to -674.0752
25th iteration: 
The loglikelihood went from -673.2848 to -673.1233
30th iteration: 
The loglikelihood went from -672.577 to -672.4606
35th iteration: 
The loglikelihood went from -672.0557 to -671.967
40th iteration: 
The loglikelihood went from -671.6506 to -671.5795
✓ Model estimation complete
done.
  nowcasting... 
=== Generating GDP Nowcast ===

Target quarter: 2020 Q2
Nowcast for 2020 Q2: QoQ=+0.71%  implied level=$614,856M  YoY=+1.68%  [out (nowcast)]
done.
→ nowcast $614,856M (+0.71%)
[3/25] 2020-09-30Filtering data available as of: 2020-09-30
  → 3277 observations available across all indicators
target: 2020 Q3, periods: 248, live_indicators: 10  estimating DFM... 
=== Component-Based DFM Estimation ===

Note: Using simplified aggregate approach
(Full component-based approach to be implemented)

=== Preparing Data for DFM ===

Indicator matrix: 248 periods × 16 indicators
GDP observations: 82/248 (quarterly, ~67% NAs expected)

Indicator frequencies:
# A tibble: 16 × 3
   indicator_id       frequency freq_numeric
   <chr>              <chr>            <dbl>
 1 household_spending monthly             12
 2 cons_conf          monthly             12
 3 building_app       monthly             12
 4 bus_conf           monthly             12
 5 exports_goods      monthly             12
 6 exports_servs      quarterly            4
 7 imports_goods      monthly             12
 8 imports_servs      quarterly            4
 9 employment         monthly             12
10 unemp_rate         monthly             12
11 participation      monthly             12
12 hours_worked       monthly             12
13 commodity_prices   monthly             12
14 aud_usd            monthly             12
15 inventories        quarterly            4
16 arrivals           monthly             12

=== Estimating Dynamic Factor Model ===

Estimating with 3 factors...
Time series created: 248 periods, 17 variables
Variables: gdp, building_app, bus_conf, cons_conf, employment, exports_goods, hours_worked, imports_goods, participation, unemp_rate, exports_servs, imports_servs, household_spending, commodity_prices, aud_usd, inventories, arrivals
Formula: gdp ~ .

Frequency vector (4=quarterly, 12=monthly):
gdp = 4, building_app = 12, bus_conf = 12, cons_conf = 12, employment = 12, exports_goods = 12, hours_worked = 12, imports_goods = 12, participation = 12, unemp_rate = 12, exports_servs = 4, imports_servs = 4, household_spending = 12, commodity_prices = 12, aud_usd = 12, inventories = 4, arrivals = 12

Preprocessing with Bpanel()...
  NA.replace = FALSE (keep structural NAs)
  na.prop = 1 (don't discard any series)
  aggregate = FALSE (don't apply MA filter that creates more NAs!)

Per-series trans codes:
gdp = 7, building_app = 1, bus_conf = 2, cons_conf = 2, employment = 1, exports_goods = 1, hours_worked = 1, imports_goods = 1, participation = 2, unemp_rate = 2, exports_servs = 7, imports_servs = 7, household_spending = 1, commodity_prices = 1, aud_usd = 2, inventories = 7, arrivals = 1
NULL
COVID mask applied: 5 months × 17 series set to NA
Balanced panel: 260x17
Variables: gdp, building_app, bus_conf, cons_conf, employment, exports_goods, hours_worked, imports_goods, participation, unemp_rate, exports_servs, imports_servs, household_spending, commodity_prices, aud_usd, inventories, arrivals
Blocks structure: 17 variables × 3 factors (unrestricted)
5th iteration: 
The loglikelihood went from -713.9394 to -710.456
10th iteration: 
The loglikelihood went from -704.1155 to -703.1858
15th iteration: 
The loglikelihood went from -700.338 to -699.8243
20th iteration: 
The loglikelihood went from -698.3546 to -698.0818
25th iteration: 
The loglikelihood went from -697.199 to -697.0175
30th iteration: 
The loglikelihood went from -696.4027 to -696.272
35th iteration: 
The loglikelihood went from -695.8203 to -695.7224
40th iteration: 
The loglikelihood went from -695.3779 to -695.3019
✓ Model estimation complete
done.
  nowcasting... 
=== Generating GDP Nowcast ===

Target quarter: 2020 Q3
Nowcast for 2020 Q3: QoQ=+0.85%  implied level=$574,166M  YoY=-5.60%  [out (nowcast)]
done.
→ nowcast $574,166M (+0.85%)
[4/25] 2020-12-31Filtering data available as of: 2020-12-31
  → 3320 observations available across all indicators
target: 2020 Q4, periods: 251, live_indicators: 10  estimating DFM... 
=== Component-Based DFM Estimation ===

Note: Using simplified aggregate approach
(Full component-based approach to be implemented)

=== Preparing Data for DFM ===

Indicator matrix: 251 periods × 16 indicators
GDP observations: 83/251 (quarterly, ~67% NAs expected)

Indicator frequencies:
# A tibble: 16 × 3
   indicator_id       frequency freq_numeric
   <chr>              <chr>            <dbl>
 1 household_spending monthly             12
 2 cons_conf          monthly             12
 3 building_app       monthly             12
 4 bus_conf           monthly             12
 5 exports_goods      monthly             12
 6 exports_servs      quarterly            4
 7 imports_goods      monthly             12
 8 imports_servs      quarterly            4
 9 employment         monthly             12
10 unemp_rate         monthly             12
11 participation      monthly             12
12 hours_worked       monthly             12
13 commodity_prices   monthly             12
14 aud_usd            monthly             12
15 inventories        quarterly            4
16 arrivals           monthly             12

=== Estimating Dynamic Factor Model ===

Estimating with 3 factors...
Time series created: 251 periods, 17 variables
Variables: gdp, building_app, bus_conf, cons_conf, employment, exports_goods, hours_worked, imports_goods, participation, unemp_rate, exports_servs, imports_servs, household_spending, commodity_prices, aud_usd, inventories, arrivals
Formula: gdp ~ .

Frequency vector (4=quarterly, 12=monthly):
gdp = 4, building_app = 12, bus_conf = 12, cons_conf = 12, employment = 12, exports_goods = 12, hours_worked = 12, imports_goods = 12, participation = 12, unemp_rate = 12, exports_servs = 4, imports_servs = 4, household_spending = 12, commodity_prices = 12, aud_usd = 12, inventories = 4, arrivals = 12

Preprocessing with Bpanel()...
  NA.replace = FALSE (keep structural NAs)
  na.prop = 1 (don't discard any series)
  aggregate = FALSE (don't apply MA filter that creates more NAs!)

Per-series trans codes:
gdp = 7, building_app = 1, bus_conf = 2, cons_conf = 2, employment = 1, exports_goods = 1, hours_worked = 1, imports_goods = 1, participation = 2, unemp_rate = 2, exports_servs = 7, imports_servs = 7, household_spending = 1, commodity_prices = 1, aud_usd = 2, inventories = 7, arrivals = 1
NULL
COVID mask applied: 5 months × 17 series set to NA
Balanced panel: 263x17
Variables: gdp, building_app, bus_conf, cons_conf, employment, exports_goods, hours_worked, imports_goods, participation, unemp_rate, exports_servs, imports_servs, household_spending, commodity_prices, aud_usd, inventories, arrivals
Blocks structure: 17 variables × 3 factors (unrestricted)
5th iteration: 
The loglikelihood went from -726.7494 to -722.6958
10th iteration: 
The loglikelihood went from -714.3454 to -712.9371
15th iteration: 
The loglikelihood went from -708.0492 to -707.0125
20th iteration: 
The loglikelihood went from -703.9179 to -703.3552
25th iteration: 
The loglikelihood went from -701.5618 to -701.1977
30th iteration: 
The loglikelihood went from -699.9839 to -699.731
35th iteration: 
The loglikelihood went from -698.8771 to -698.6972
40th iteration: 
The loglikelihood went from -698.0831 to -697.9521
45th iteration: 
The loglikelihood went from -697.499 to -697.4008
50th iteration: 
The loglikelihood went from -697.0557 to -696.9796
✓ Model estimation complete
done.
  nowcasting... 
=== Generating GDP Nowcast ===

Target quarter: 2020 Q4
Nowcast for 2020 Q4: QoQ=+0.98%  implied level=$594,920M  YoY=-2.77%  [out (nowcast)]
done.
→ nowcast $594,920M (+0.98%)
[5/25] 2021-03-31Filtering data available as of: 2021-03-31
  → 3363 observations available across all indicators
target: 2021 Q1, periods: 254, live_indicators: 10  estimating DFM... 
=== Component-Based DFM Estimation ===

Note: Using simplified aggregate approach
(Full component-based approach to be implemented)

=== Preparing Data for DFM ===

Indicator matrix: 254 periods × 16 indicators
GDP observations: 84/254 (quarterly, ~67% NAs expected)

Indicator frequencies:
# A tibble: 16 × 3
   indicator_id       frequency freq_numeric
   <chr>              <chr>            <dbl>
 1 household_spending monthly             12
 2 cons_conf          monthly             12
 3 building_app       monthly             12
 4 bus_conf           monthly             12
 5 exports_goods      monthly             12
 6 exports_servs      quarterly            4
 7 imports_goods      monthly             12
 8 imports_servs      quarterly            4
 9 employment         monthly             12
10 unemp_rate         monthly             12
11 participation      monthly             12
12 hours_worked       monthly             12
13 commodity_prices   monthly             12
14 aud_usd            monthly             12
15 inventories        quarterly            4
16 arrivals           monthly             12

=== Estimating Dynamic Factor Model ===

Estimating with 3 factors...
Time series created: 254 periods, 17 variables
Variables: gdp, building_app, bus_conf, cons_conf, employment, exports_goods, hours_worked, imports_goods, participation, unemp_rate, exports_servs, imports_servs, household_spending, commodity_prices, aud_usd, inventories, arrivals
Formula: gdp ~ .

Frequency vector (4=quarterly, 12=monthly):
gdp = 4, building_app = 12, bus_conf = 12, cons_conf = 12, employment = 12, exports_goods = 12, hours_worked = 12, imports_goods = 12, participation = 12, unemp_rate = 12, exports_servs = 4, imports_servs = 4, household_spending = 12, commodity_prices = 12, aud_usd = 12, inventories = 4, arrivals = 12

Preprocessing with Bpanel()...
  NA.replace = FALSE (keep structural NAs)
  na.prop = 1 (don't discard any series)
  aggregate = FALSE (don't apply MA filter that creates more NAs!)

Per-series trans codes:
gdp = 7, building_app = 1, bus_conf = 2, cons_conf = 2, employment = 1, exports_goods = 1, hours_worked = 1, imports_goods = 1, participation = 2, unemp_rate = 2, exports_servs = 7, imports_servs = 7, household_spending = 1, commodity_prices = 1, aud_usd = 2, inventories = 7, arrivals = 1
NULL
COVID mask applied: 5 months × 17 series set to NA
Balanced panel: 266x17
Variables: gdp, building_app, bus_conf, cons_conf, employment, exports_goods, hours_worked, imports_goods, participation, unemp_rate, exports_servs, imports_servs, household_spending, commodity_prices, aud_usd, inventories, arrivals
Blocks structure: 17 variables × 3 factors (unrestricted)
5th iteration: 
The loglikelihood went from -746.4643 to -741.9368
10th iteration: 
The loglikelihood went from -731.5783 to -729.4676
15th iteration: 
The loglikelihood went from -721.9224 to -720.6501
20th iteration: 
The loglikelihood went from -717.0318 to -716.3319
25th iteration: 
The loglikelihood went from -714.0397 to -713.5697
30th iteration: 
The loglikelihood went from -712.0066 to -711.6831
35th iteration: 
The loglikelihood went from -710.6015 to -710.3763
40th iteration: 
The loglikelihood went from -709.6179 to -709.4585
45th iteration: 
The loglikelihood went from -708.916 to -708.8006
50th iteration: 
The loglikelihood went from -708.4019 to -708.3157
✓ Model estimation complete
done.
  nowcasting... 
=== Generating GDP Nowcast ===

Target quarter: 2021 Q1
Nowcast for 2021 Q1: QoQ=+0.79%  implied level=$614,006M  YoY=+0.57%  [out (nowcast)]
done.
→ nowcast $614,006M (+0.79%)
[6/25] 2021-06-30Filtering data available as of: 2021-06-30
  → 3406 observations available across all indicators
target: 2021 Q2, periods: 257, live_indicators: 10  estimating DFM... 
=== Component-Based DFM Estimation ===

Note: Using simplified aggregate approach
(Full component-based approach to be implemented)

=== Preparing Data for DFM ===

Indicator matrix: 257 periods × 16 indicators
GDP observations: 85/257 (quarterly, ~67% NAs expected)

Indicator frequencies:
# A tibble: 16 × 3
   indicator_id       frequency freq_numeric
   <chr>              <chr>            <dbl>
 1 household_spending monthly             12
 2 cons_conf          monthly             12
 3 building_app       monthly             12
 4 bus_conf           monthly             12
 5 exports_goods      monthly             12
 6 exports_servs      quarterly            4
 7 imports_goods      monthly             12
 8 imports_servs      quarterly            4
 9 employment         monthly             12
10 unemp_rate         monthly             12
11 participation      monthly             12
12 hours_worked       monthly             12
13 commodity_prices   monthly             12
14 aud_usd            monthly             12
15 inventories        quarterly            4
16 arrivals           monthly             12

=== Estimating Dynamic Factor Model ===

Estimating with 3 factors...
Time series created: 257 periods, 17 variables
Variables: gdp, building_app, bus_conf, cons_conf, employment, exports_goods, hours_worked, imports_goods, participation, unemp_rate, exports_servs, imports_servs, household_spending, commodity_prices, aud_usd, inventories, arrivals
Formula: gdp ~ .

Frequency vector (4=quarterly, 12=monthly):
gdp = 4, building_app = 12, bus_conf = 12, cons_conf = 12, employment = 12, exports_goods = 12, hours_worked = 12, imports_goods = 12, participation = 12, unemp_rate = 12, exports_servs = 4, imports_servs = 4, household_spending = 12, commodity_prices = 12, aud_usd = 12, inventories = 4, arrivals = 12

Preprocessing with Bpanel()...
  NA.replace = FALSE (keep structural NAs)
  na.prop = 1 (don't discard any series)
  aggregate = FALSE (don't apply MA filter that creates more NAs!)

Per-series trans codes:
gdp = 7, building_app = 1, bus_conf = 2, cons_conf = 2, employment = 1, exports_goods = 1, hours_worked = 1, imports_goods = 1, participation = 2, unemp_rate = 2, exports_servs = 7, imports_servs = 7, household_spending = 1, commodity_prices = 1, aud_usd = 2, inventories = 7, arrivals = 1
NULL
COVID mask applied: 5 months × 17 series set to NA
Balanced panel: 269x17
Variables: gdp, building_app, bus_conf, cons_conf, employment, exports_goods, hours_worked, imports_goods, participation, unemp_rate, exports_servs, imports_servs, household_spending, commodity_prices, aud_usd, inventories, arrivals
Blocks structure: 17 variables × 3 factors (unrestricted)
5th iteration: 
The loglikelihood went from -757.0233 to -752.6379
10th iteration: 
The loglikelihood went from -741.5452 to -738.9137
15th iteration: 
The loglikelihood went from -729.4995 to -728.0446
20th iteration: 
The loglikelihood went from -723.6523 to -722.7694
25th iteration: 
The loglikelihood went from -719.8218 to -719.2075
30th iteration: 
The loglikelihood went from -717.143 to -716.7123
35th iteration: 
The loglikelihood went from -715.266 to -714.9642
40th iteration: 
The loglikelihood went from -713.9489 to -713.7363
45th iteration: 
The loglikelihood went from -713.0167 to -712.8647
50th iteration: 
The loglikelihood went from -712.3454 to -712.2344
55th iteration: 
The loglikelihood went from -711.8498 to -711.7663
✓ Model estimation complete
done.
  nowcasting... 
=== Generating GDP Nowcast ===

Target quarter: 2021 Q2
Nowcast for 2021 Q2: QoQ=+1.09%  implied level=$629,122M  YoY=+10.50%  [out (nowcast)]
done.
→ nowcast $629,122M (+1.09%)
[7/25] 2021-09-30Filtering data available as of: 2021-09-30
  → 3449 observations available across all indicators
target: 2021 Q3, periods: 260, live_indicators: 10  estimating DFM... 
=== Component-Based DFM Estimation ===

Note: Using simplified aggregate approach
(Full component-based approach to be implemented)

=== Preparing Data for DFM ===

Indicator matrix: 260 periods × 16 indicators
GDP observations: 86/260 (quarterly, ~67% NAs expected)

Indicator frequencies:
# A tibble: 16 × 3
   indicator_id       frequency freq_numeric
   <chr>              <chr>            <dbl>
 1 household_spending monthly             12
 2 cons_conf          monthly             12
 3 building_app       monthly             12
 4 bus_conf           monthly             12
 5 exports_goods      monthly             12
 6 exports_servs      quarterly            4
 7 imports_goods      monthly             12
 8 imports_servs      quarterly            4
 9 employment         monthly             12
10 unemp_rate         monthly             12
11 participation      monthly             12
12 hours_worked       monthly             12
13 commodity_prices   monthly             12
14 aud_usd            monthly             12
15 inventories        quarterly            4
16 arrivals           monthly             12

=== Estimating Dynamic Factor Model ===

Estimating with 3 factors...
Time series created: 260 periods, 17 variables
Variables: gdp, building_app, bus_conf, cons_conf, employment, exports_goods, hours_worked, imports_goods, participation, unemp_rate, exports_servs, imports_servs, household_spending, commodity_prices, aud_usd, inventories, arrivals
Formula: gdp ~ .

Frequency vector (4=quarterly, 12=monthly):
gdp = 4, building_app = 12, bus_conf = 12, cons_conf = 12, employment = 12, exports_goods = 12, hours_worked = 12, imports_goods = 12, participation = 12, unemp_rate = 12, exports_servs = 4, imports_servs = 4, household_spending = 12, commodity_prices = 12, aud_usd = 12, inventories = 4, arrivals = 12

Preprocessing with Bpanel()...
  NA.replace = FALSE (keep structural NAs)
  na.prop = 1 (don't discard any series)
  aggregate = FALSE (don't apply MA filter that creates more NAs!)

Per-series trans codes:
gdp = 7, building_app = 1, bus_conf = 2, cons_conf = 2, employment = 1, exports_goods = 1, hours_worked = 1, imports_goods = 1, participation = 2, unemp_rate = 2, exports_servs = 7, imports_servs = 7, household_spending = 1, commodity_prices = 1, aud_usd = 2, inventories = 7, arrivals = 1
NULL
COVID mask applied: 5 months × 17 series set to NA
Balanced panel: 272x17
Variables: gdp, building_app, bus_conf, cons_conf, employment, exports_goods, hours_worked, imports_goods, participation, unemp_rate, exports_servs, imports_servs, household_spending, commodity_prices, aud_usd, inventories, arrivals
Blocks structure: 17 variables × 3 factors (unrestricted)
5th iteration: 
The loglikelihood went from -765.425 to -760.4016
10th iteration: 
The loglikelihood went from -748.3502 to -745.4941
15th iteration: 
The loglikelihood went from -731.8709 to -729.967
20th iteration: 
The loglikelihood went from -725.138 to -724.2339
25th iteration: 
The loglikelihood went from -721.3439 to -720.7653
30th iteration: 
The loglikelihood went from -718.879 to -718.4967
35th iteration: 
The loglikelihood went from -717.2413 to -716.9848
40th iteration: 
The loglikelihood went from -716.1343 to -715.9583
45th iteration: 
The loglikelihood went from -715.3667 to -715.2422
50th iteration: 
The loglikelihood went from -714.8158 to -714.7242
55th iteration: 
The loglikelihood went from -714.4035 to -714.333
✓ Model estimation complete
done.
  nowcasting... 
=== Generating GDP Nowcast ===

Target quarter: 2021 Q3
Nowcast for 2021 Q3: QoQ=+0.21%  implied level=$628,775M  YoY=+6.73%  [out (nowcast)]
done.
→ nowcast $628,775M (+0.21%)
[8/25] 2021-12-31Filtering data available as of: 2021-12-31
  → 3492 observations available across all indicators
target: 2021 Q4, periods: 263, live_indicators: 10  estimating DFM... 
=== Component-Based DFM Estimation ===

Note: Using simplified aggregate approach
(Full component-based approach to be implemented)

=== Preparing Data for DFM ===

Indicator matrix: 263 periods × 16 indicators
GDP observations: 87/263 (quarterly, ~67% NAs expected)

Indicator frequencies:
# A tibble: 16 × 3
   indicator_id       frequency freq_numeric
   <chr>              <chr>            <dbl>
 1 household_spending monthly             12
 2 cons_conf          monthly             12
 3 building_app       monthly             12
 4 bus_conf           monthly             12
 5 exports_goods      monthly             12
 6 exports_servs      quarterly            4
 7 imports_goods      monthly             12
 8 imports_servs      quarterly            4
 9 employment         monthly             12
10 unemp_rate         monthly             12
11 participation      monthly             12
12 hours_worked       monthly             12
13 commodity_prices   monthly             12
14 aud_usd            monthly             12
15 inventories        quarterly            4
16 arrivals           monthly             12

=== Estimating Dynamic Factor Model ===

Estimating with 3 factors...
Time series created: 263 periods, 17 variables
Variables: gdp, building_app, bus_conf, cons_conf, employment, exports_goods, hours_worked, imports_goods, participation, unemp_rate, exports_servs, imports_servs, household_spending, commodity_prices, aud_usd, inventories, arrivals
Formula: gdp ~ .

Frequency vector (4=quarterly, 12=monthly):
gdp = 4, building_app = 12, bus_conf = 12, cons_conf = 12, employment = 12, exports_goods = 12, hours_worked = 12, imports_goods = 12, participation = 12, unemp_rate = 12, exports_servs = 4, imports_servs = 4, household_spending = 12, commodity_prices = 12, aud_usd = 12, inventories = 4, arrivals = 12

Preprocessing with Bpanel()...
  NA.replace = FALSE (keep structural NAs)
  na.prop = 1 (don't discard any series)
  aggregate = FALSE (don't apply MA filter that creates more NAs!)

Per-series trans codes:
gdp = 7, building_app = 1, bus_conf = 2, cons_conf = 2, employment = 1, exports_goods = 1, hours_worked = 1, imports_goods = 1, participation = 2, unemp_rate = 2, exports_servs = 7, imports_servs = 7, household_spending = 1, commodity_prices = 1, aud_usd = 2, inventories = 7, arrivals = 1
NULL
COVID mask applied: 5 months × 17 series set to NA
Balanced panel: 275x17
Variables: gdp, building_app, bus_conf, cons_conf, employment, exports_goods, hours_worked, imports_goods, participation, unemp_rate, exports_servs, imports_servs, household_spending, commodity_prices, aud_usd, inventories, arrivals
Blocks structure: 17 variables × 3 factors (unrestricted)
5th iteration: 
The loglikelihood went from -930.0011 to -928.3079
10th iteration: 
The loglikelihood went from -924.7238 to -924.1082
15th iteration: 
The loglikelihood went from -922.0631 to -921.6192
20th iteration: 
The loglikelihood went from -920.0147 to -919.6489
25th iteration: 
The loglikelihood went from -918.3008 to -917.9897
30th iteration: 
The loglikelihood went from -916.8352 to -916.567
35th iteration: 
The loglikelihood went from -915.5657 to -915.3317
40th iteration: 
The loglikelihood went from -914.4538 to -914.2477
45th iteration: 
The loglikelihood went from -913.4712 to -913.2881
50th iteration: 
The loglikelihood went from -912.5962 to -912.4326
55th iteration: 
The loglikelihood went from -911.8128 to -911.666
60th iteration: 
The loglikelihood went from -911.1093 to -910.9774
65th iteration: 
The loglikelihood went from -910.477 to -910.3585
70th iteration: 
The loglikelihood went from -909.9088 to -909.8023
75th iteration: 
The loglikelihood went from -909.398 to -909.3021
✓ Model estimation complete
done.
  nowcasting... 
=== Generating GDP Nowcast ===

Target quarter: 2021 Q4
Nowcast for 2021 Q4: QoQ=+0.71%  implied level=$621,102M  YoY=+1.96%  [out (nowcast)]
done.
→ nowcast $621,102M (+0.71%)
[9/25] 2022-03-31Filtering data available as of: 2022-03-31
  → 3535 observations available across all indicators
target: 2022 Q1, periods: 266, live_indicators: 10  estimating DFM... 
=== Component-Based DFM Estimation ===

Note: Using simplified aggregate approach
(Full component-based approach to be implemented)

=== Preparing Data for DFM ===

Indicator matrix: 266 periods × 16 indicators
GDP observations: 88/266 (quarterly, ~67% NAs expected)

Indicator frequencies:
# A tibble: 16 × 3
   indicator_id       frequency freq_numeric
   <chr>              <chr>            <dbl>
 1 household_spending monthly             12
 2 cons_conf          monthly             12
 3 building_app       monthly             12
 4 bus_conf           monthly             12
 5 exports_goods      monthly             12
 6 exports_servs      quarterly            4
 7 imports_goods      monthly             12
 8 imports_servs      quarterly            4
 9 employment         monthly             12
10 unemp_rate         monthly             12
11 participation      monthly             12
12 hours_worked       monthly             12
13 commodity_prices   monthly             12
14 aud_usd            monthly             12
15 inventories        quarterly            4
16 arrivals           monthly             12

=== Estimating Dynamic Factor Model ===

Estimating with 3 factors...
Time series created: 266 periods, 17 variables
Variables: gdp, building_app, bus_conf, cons_conf, employment, exports_goods, hours_worked, imports_goods, participation, unemp_rate, exports_servs, imports_servs, household_spending, commodity_prices, aud_usd, inventories, arrivals
Formula: gdp ~ .

Frequency vector (4=quarterly, 12=monthly):
gdp = 4, building_app = 12, bus_conf = 12, cons_conf = 12, employment = 12, exports_goods = 12, hours_worked = 12, imports_goods = 12, participation = 12, unemp_rate = 12, exports_servs = 4, imports_servs = 4, household_spending = 12, commodity_prices = 12, aud_usd = 12, inventories = 4, arrivals = 12

Preprocessing with Bpanel()...
  NA.replace = FALSE (keep structural NAs)
  na.prop = 1 (don't discard any series)
  aggregate = FALSE (don't apply MA filter that creates more NAs!)

Per-series trans codes:
gdp = 7, building_app = 1, bus_conf = 2, cons_conf = 2, employment = 1, exports_goods = 1, hours_worked = 1, imports_goods = 1, participation = 2, unemp_rate = 2, exports_servs = 7, imports_servs = 7, household_spending = 1, commodity_prices = 1, aud_usd = 2, inventories = 7, arrivals = 1
NULL
COVID mask applied: 5 months × 17 series set to NA
Balanced panel: 278x17
Variables: gdp, building_app, bus_conf, cons_conf, employment, exports_goods, hours_worked, imports_goods, participation, unemp_rate, exports_servs, imports_servs, household_spending, commodity_prices, aud_usd, inventories, arrivals
Blocks structure: 17 variables × 3 factors (unrestricted)
5th iteration: 
The loglikelihood went from -944.1304 to -942.8901
10th iteration: 
The loglikelihood went from -939.9505 to -939.4235
15th iteration: 
The loglikelihood went from -937.7488 to -937.4182
20th iteration: 
The loglikelihood went from -936.3653 to -936.156
25th iteration: 
The loglikelihood went from -935.4604 to -935.3124
30th iteration: 
The loglikelihood went from -934.7854 to -934.666
35th iteration: 
The loglikelihood went from -934.2227 to -934.1191
40th iteration: 
The loglikelihood went from -933.7275 to -933.6348
✓ Model estimation complete
done.
  nowcasting... 
=== Generating GDP Nowcast ===

Target quarter: 2022 Q1
Nowcast for 2022 Q1: QoQ=+1.14%  implied level=$646,388M  YoY=+3.86%  [out (nowcast)]
done.
→ nowcast $646,388M (+1.14%)
[10/25] 2022-06-30Filtering data available as of: 2022-06-30
  → 3578 observations available across all indicators
target: 2022 Q2, periods: 269, live_indicators: 10  estimating DFM... 
=== Component-Based DFM Estimation ===

Note: Using simplified aggregate approach
(Full component-based approach to be implemented)

=== Preparing Data for DFM ===

Indicator matrix: 269 periods × 16 indicators
GDP observations: 89/269 (quarterly, ~67% NAs expected)

Indicator frequencies:
# A tibble: 16 × 3
   indicator_id       frequency freq_numeric
   <chr>              <chr>            <dbl>
 1 household_spending monthly             12
 2 cons_conf          monthly             12
 3 building_app       monthly             12
 4 bus_conf           monthly             12
 5 exports_goods      monthly             12
 6 exports_servs      quarterly            4
 7 imports_goods      monthly             12
 8 imports_servs      quarterly            4
 9 employment         monthly             12
10 unemp_rate         monthly             12
11 participation      monthly             12
12 hours_worked       monthly             12
13 commodity_prices   monthly             12
14 aud_usd            monthly             12
15 inventories        quarterly            4
16 arrivals           monthly             12

=== Estimating Dynamic Factor Model ===

Estimating with 3 factors...
Time series created: 269 periods, 17 variables
Variables: gdp, building_app, bus_conf, cons_conf, employment, exports_goods, hours_worked, imports_goods, participation, unemp_rate, exports_servs, imports_servs, household_spending, commodity_prices, aud_usd, inventories, arrivals
Formula: gdp ~ .

Frequency vector (4=quarterly, 12=monthly):
gdp = 4, building_app = 12, bus_conf = 12, cons_conf = 12, employment = 12, exports_goods = 12, hours_worked = 12, imports_goods = 12, participation = 12, unemp_rate = 12, exports_servs = 4, imports_servs = 4, household_spending = 12, commodity_prices = 12, aud_usd = 12, inventories = 4, arrivals = 12

Preprocessing with Bpanel()...
  NA.replace = FALSE (keep structural NAs)
  na.prop = 1 (don't discard any series)
  aggregate = FALSE (don't apply MA filter that creates more NAs!)

Per-series trans codes:
gdp = 7, building_app = 1, bus_conf = 2, cons_conf = 2, employment = 1, exports_goods = 1, hours_worked = 1, imports_goods = 1, participation = 2, unemp_rate = 2, exports_servs = 7, imports_servs = 7, household_spending = 1, commodity_prices = 1, aud_usd = 2, inventories = 7, arrivals = 1
NULL
COVID mask applied: 5 months × 17 series set to NA
Balanced panel: 281x17
Variables: gdp, building_app, bus_conf, cons_conf, employment, exports_goods, hours_worked, imports_goods, participation, unemp_rate, exports_servs, imports_servs, household_spending, commodity_prices, aud_usd, inventories, arrivals
Blocks structure: 17 variables × 3 factors (unrestricted)
5th iteration: 
The loglikelihood went from -1124.9203 to -1123.1999
10th iteration: 
The loglikelihood went from -1118.7997 to -1117.9673
15th iteration: 
The loglikelihood went from -1115.4431 to -1114.9718
20th iteration: 
The loglikelihood went from -1113.4375 to -1113.1106
25th iteration: 
The loglikelihood went from -1111.942 to -1111.6789
30th iteration: 
The loglikelihood went from -1110.7249 to -1110.5091
35th iteration: 
The loglikelihood went from -1109.7249 to -1109.5469
40th iteration: 
The loglikelihood went from -1108.8971 to -1108.749
45th iteration: 
The loglikelihood went from -1108.2076 to -1108.0844
✓ Model estimation complete
done.
  nowcasting... 
=== Generating GDP Nowcast ===

Target quarter: 2022 Q2
Nowcast for 2022 Q2: QoQ=+0.93%  implied level=$651,038M  YoY=+3.76%  [out (nowcast)]
done.
→ nowcast $651,038M (+0.93%)
[11/25] 2022-09-30Filtering data available as of: 2022-09-30
  → 3621 observations available across all indicators
target: 2022 Q3, periods: 272, live_indicators: 10  estimating DFM... 
=== Component-Based DFM Estimation ===

Note: Using simplified aggregate approach
(Full component-based approach to be implemented)

=== Preparing Data for DFM ===

Indicator matrix: 272 periods × 16 indicators
GDP observations: 90/272 (quarterly, ~67% NAs expected)

Indicator frequencies:
# A tibble: 16 × 3
   indicator_id       frequency freq_numeric
   <chr>              <chr>            <dbl>
 1 household_spending monthly             12
 2 cons_conf          monthly             12
 3 building_app       monthly             12
 4 bus_conf           monthly             12
 5 exports_goods      monthly             12
 6 exports_servs      quarterly            4
 7 imports_goods      monthly             12
 8 imports_servs      quarterly            4
 9 employment         monthly             12
10 unemp_rate         monthly             12
11 participation      monthly             12
12 hours_worked       monthly             12
13 commodity_prices   monthly             12
14 aud_usd            monthly             12
15 inventories        quarterly            4
16 arrivals           monthly             12

=== Estimating Dynamic Factor Model ===

Estimating with 3 factors...
Time series created: 272 periods, 17 variables
Variables: gdp, building_app, bus_conf, cons_conf, employment, exports_goods, hours_worked, imports_goods, participation, unemp_rate, exports_servs, imports_servs, household_spending, commodity_prices, aud_usd, inventories, arrivals
Formula: gdp ~ .

Frequency vector (4=quarterly, 12=monthly):
gdp = 4, building_app = 12, bus_conf = 12, cons_conf = 12, employment = 12, exports_goods = 12, hours_worked = 12, imports_goods = 12, participation = 12, unemp_rate = 12, exports_servs = 4, imports_servs = 4, household_spending = 12, commodity_prices = 12, aud_usd = 12, inventories = 4, arrivals = 12

Preprocessing with Bpanel()...
  NA.replace = FALSE (keep structural NAs)
  na.prop = 1 (don't discard any series)
  aggregate = FALSE (don't apply MA filter that creates more NAs!)

Per-series trans codes:
gdp = 7, building_app = 1, bus_conf = 2, cons_conf = 2, employment = 1, exports_goods = 1, hours_worked = 1, imports_goods = 1, participation = 2, unemp_rate = 2, exports_servs = 7, imports_servs = 7, household_spending = 1, commodity_prices = 1, aud_usd = 2, inventories = 7, arrivals = 1
NULL
COVID mask applied: 5 months × 17 series set to NA
Balanced panel: 284x17
Variables: gdp, building_app, bus_conf, cons_conf, employment, exports_goods, hours_worked, imports_goods, participation, unemp_rate, exports_servs, imports_servs, household_spending, commodity_prices, aud_usd, inventories, arrivals
Blocks structure: 17 variables × 3 factors (unrestricted)
5th iteration: 
The loglikelihood went from -958.9558 to -957.6664
10th iteration: 
The loglikelihood went from -954.6106 to -954.039
15th iteration: 
The loglikelihood went from -952.101 to -951.694
20th iteration: 
The loglikelihood went from -950.3735 to -950.1139
25th iteration: 
The loglikelihood went from -949.2794 to -949.1076
30th iteration: 
The loglikelihood went from -948.5067 to -948.3719
35th iteration: 
The loglikelihood went from -947.8728 to -947.7562
40th iteration: 
The loglikelihood went from -947.3158 to -947.2115
45th iteration: 
The loglikelihood went from -946.8148 to -946.7203
✓ Model estimation complete
done.
  nowcasting... 
=== Generating GDP Nowcast ===

Target quarter: 2022 Q3
Nowcast for 2022 Q3: QoQ=+1.03%  implied level=$658,136M  YoY=+6.72%  [out (nowcast)]
done.
→ nowcast $658,136M (+1.03%)
[12/25] 2022-12-31Filtering data available as of: 2022-12-31
  → 3664 observations available across all indicators
target: 2022 Q4, periods: 275, live_indicators: 10  estimating DFM... 
=== Component-Based DFM Estimation ===

Note: Using simplified aggregate approach
(Full component-based approach to be implemented)

=== Preparing Data for DFM ===

Indicator matrix: 275 periods × 16 indicators
GDP observations: 91/275 (quarterly, ~67% NAs expected)

Indicator frequencies:
# A tibble: 16 × 3
   indicator_id       frequency freq_numeric
   <chr>              <chr>            <dbl>
 1 household_spending monthly             12
 2 cons_conf          monthly             12
 3 building_app       monthly             12
 4 bus_conf           monthly             12
 5 exports_goods      monthly             12
 6 exports_servs      quarterly            4
 7 imports_goods      monthly             12
 8 imports_servs      quarterly            4
 9 employment         monthly             12
10 unemp_rate         monthly             12
11 participation      monthly             12
12 hours_worked       monthly             12
13 commodity_prices   monthly             12
14 aud_usd            monthly             12
15 inventories        quarterly            4
16 arrivals           monthly             12

=== Estimating Dynamic Factor Model ===

Estimating with 3 factors...
Time series created: 275 periods, 17 variables
Variables: gdp, building_app, bus_conf, cons_conf, employment, exports_goods, hours_worked, imports_goods, participation, unemp_rate, exports_servs, imports_servs, household_spending, commodity_prices, aud_usd, inventories, arrivals
Formula: gdp ~ .

Frequency vector (4=quarterly, 12=monthly):
gdp = 4, building_app = 12, bus_conf = 12, cons_conf = 12, employment = 12, exports_goods = 12, hours_worked = 12, imports_goods = 12, participation = 12, unemp_rate = 12, exports_servs = 4, imports_servs = 4, household_spending = 12, commodity_prices = 12, aud_usd = 12, inventories = 4, arrivals = 12

Preprocessing with Bpanel()...
  NA.replace = FALSE (keep structural NAs)
  na.prop = 1 (don't discard any series)
  aggregate = FALSE (don't apply MA filter that creates more NAs!)

Per-series trans codes:
gdp = 7, building_app = 1, bus_conf = 2, cons_conf = 2, employment = 1, exports_goods = 1, hours_worked = 1, imports_goods = 1, participation = 2, unemp_rate = 2, exports_servs = 7, imports_servs = 7, household_spending = 1, commodity_prices = 1, aud_usd = 2, inventories = 7, arrivals = 1
NULL
COVID mask applied: 5 months × 17 series set to NA
Balanced panel: 287x17
Variables: gdp, building_app, bus_conf, cons_conf, employment, exports_goods, hours_worked, imports_goods, participation, unemp_rate, exports_servs, imports_servs, household_spending, commodity_prices, aud_usd, inventories, arrivals
Blocks structure: 17 variables × 3 factors (unrestricted)
5th iteration: 
The loglikelihood went from -958.287 to -956.9335
10th iteration: 
The loglikelihood went from -953.8261 to -953.299
15th iteration: 
The loglikelihood went from -951.726 to -951.4368
20th iteration: 
The loglikelihood went from -950.5515 to -950.3783
25th iteration: 
The loglikelihood went from -949.7946 to -949.6676
30th iteration: 
The loglikelihood went from -949.2061 to -949.0997
35th iteration: 
The loglikelihood went from -948.7004 to -948.6063
✓ Model estimation complete
done.
  nowcasting... 
=== Generating GDP Nowcast ===

Target quarter: 2022 Q4
Nowcast for 2022 Q4: QoQ=+0.82%  implied level=$659,894M  YoY=+3.26%  [out (nowcast)]
done.
→ nowcast $659,894M (+0.82%)
[13/25] 2023-03-31Filtering data available as of: 2023-03-31
  → 3707 observations available across all indicators
target: 2023 Q1, periods: 278, live_indicators: 10  estimating DFM... 
=== Component-Based DFM Estimation ===

Note: Using simplified aggregate approach
(Full component-based approach to be implemented)

=== Preparing Data for DFM ===

Indicator matrix: 278 periods × 16 indicators
GDP observations: 92/278 (quarterly, ~67% NAs expected)

Indicator frequencies:
# A tibble: 16 × 3
   indicator_id       frequency freq_numeric
   <chr>              <chr>            <dbl>
 1 household_spending monthly             12
 2 cons_conf          monthly             12
 3 building_app       monthly             12
 4 bus_conf           monthly             12
 5 exports_goods      monthly             12
 6 exports_servs      quarterly            4
 7 imports_goods      monthly             12
 8 imports_servs      quarterly            4
 9 employment         monthly             12
10 unemp_rate         monthly             12
11 participation      monthly             12
12 hours_worked       monthly             12
13 commodity_prices   monthly             12
14 aud_usd            monthly             12
15 inventories        quarterly            4
16 arrivals           monthly             12

=== Estimating Dynamic Factor Model ===

Estimating with 3 factors...
Time series created: 278 periods, 17 variables
Variables: gdp, building_app, bus_conf, cons_conf, employment, exports_goods, hours_worked, imports_goods, participation, unemp_rate, exports_servs, imports_servs, household_spending, commodity_prices, aud_usd, inventories, arrivals
Formula: gdp ~ .

Frequency vector (4=quarterly, 12=monthly):
gdp = 4, building_app = 12, bus_conf = 12, cons_conf = 12, employment = 12, exports_goods = 12, hours_worked = 12, imports_goods = 12, participation = 12, unemp_rate = 12, exports_servs = 4, imports_servs = 4, household_spending = 12, commodity_prices = 12, aud_usd = 12, inventories = 4, arrivals = 12

Preprocessing with Bpanel()...
  NA.replace = FALSE (keep structural NAs)
  na.prop = 1 (don't discard any series)
  aggregate = FALSE (don't apply MA filter that creates more NAs!)

Per-series trans codes:
gdp = 7, building_app = 1, bus_conf = 2, cons_conf = 2, employment = 1, exports_goods = 1, hours_worked = 1, imports_goods = 1, participation = 2, unemp_rate = 2, exports_servs = 7, imports_servs = 7, household_spending = 1, commodity_prices = 1, aud_usd = 2, inventories = 7, arrivals = 1
NULL
COVID mask applied: 5 months × 17 series set to NA
Balanced panel: 290x17
Variables: gdp, building_app, bus_conf, cons_conf, employment, exports_goods, hours_worked, imports_goods, participation, unemp_rate, exports_servs, imports_servs, household_spending, commodity_prices, aud_usd, inventories, arrivals
Blocks structure: 17 variables × 3 factors (unrestricted)
5th iteration: 
The loglikelihood went from -972.9312 to -971.5657
10th iteration: 
The loglikelihood went from -968.3826 to -967.8151
15th iteration: 
The loglikelihood went from -966.0117 to -965.6595
20th iteration: 
The loglikelihood went from -964.5536 to -964.335
25th iteration: 
The loglikelihood went from -963.5994 to -963.4395
30th iteration: 
The loglikelihood went from -962.858 to -962.7237
35th iteration: 
The loglikelihood went from -962.2182 to -962.0987
40th iteration: 
The loglikelihood went from -961.6431 to -961.5343
45th iteration: 
The loglikelihood went from -961.1169 to -961.0167
✓ Model estimation complete
done.
  nowcasting... 
=== Generating GDP Nowcast ===

Target quarter: 2023 Q1
Nowcast for 2023 Q1: QoQ=+0.64%  implied level=$664,196M  YoY=+2.97%  [out (nowcast)]
done.
→ nowcast $664,196M (+0.64%)
[14/25] 2023-06-30Filtering data available as of: 2023-06-30
  → 3750 observations available across all indicators
target: 2023 Q2, periods: 281, live_indicators: 10  estimating DFM... 
=== Component-Based DFM Estimation ===

Note: Using simplified aggregate approach
(Full component-based approach to be implemented)

=== Preparing Data for DFM ===

Indicator matrix: 281 periods × 16 indicators
GDP observations: 93/281 (quarterly, ~67% NAs expected)

Indicator frequencies:
# A tibble: 16 × 3
   indicator_id       frequency freq_numeric
   <chr>              <chr>            <dbl>
 1 household_spending monthly             12
 2 cons_conf          monthly             12
 3 building_app       monthly             12
 4 bus_conf           monthly             12
 5 exports_goods      monthly             12
 6 exports_servs      quarterly            4
 7 imports_goods      monthly             12
 8 imports_servs      quarterly            4
 9 employment         monthly             12
10 unemp_rate         monthly             12
11 participation      monthly             12
12 hours_worked       monthly             12
13 commodity_prices   monthly             12
14 aud_usd            monthly             12
15 inventories        quarterly            4
16 arrivals           monthly             12

=== Estimating Dynamic Factor Model ===

Estimating with 3 factors...
Time series created: 281 periods, 17 variables
Variables: gdp, building_app, bus_conf, cons_conf, employment, exports_goods, hours_worked, imports_goods, participation, unemp_rate, exports_servs, imports_servs, household_spending, commodity_prices, aud_usd, inventories, arrivals
Formula: gdp ~ .

Frequency vector (4=quarterly, 12=monthly):
gdp = 4, building_app = 12, bus_conf = 12, cons_conf = 12, employment = 12, exports_goods = 12, hours_worked = 12, imports_goods = 12, participation = 12, unemp_rate = 12, exports_servs = 4, imports_servs = 4, household_spending = 12, commodity_prices = 12, aud_usd = 12, inventories = 4, arrivals = 12

Preprocessing with Bpanel()...
  NA.replace = FALSE (keep structural NAs)
  na.prop = 1 (don't discard any series)
  aggregate = FALSE (don't apply MA filter that creates more NAs!)

Per-series trans codes:
gdp = 7, building_app = 1, bus_conf = 2, cons_conf = 2, employment = 1, exports_goods = 1, hours_worked = 1, imports_goods = 1, participation = 2, unemp_rate = 2, exports_servs = 7, imports_servs = 7, household_spending = 1, commodity_prices = 1, aud_usd = 2, inventories = 7, arrivals = 1
NULL
COVID mask applied: 5 months × 17 series set to NA
Balanced panel: 293x17
Variables: gdp, building_app, bus_conf, cons_conf, employment, exports_goods, hours_worked, imports_goods, participation, unemp_rate, exports_servs, imports_servs, household_spending, commodity_prices, aud_usd, inventories, arrivals
Blocks structure: 17 variables × 3 factors (unrestricted)
5th iteration: 
The loglikelihood went from -984.8787 to -983.4201
10th iteration: 
The loglikelihood went from -979.8777 to -979.2033
15th iteration: 
The loglikelihood went from -976.9798 to -976.541
20th iteration: 
The loglikelihood went from -975.1914 to -974.9316
25th iteration: 
The loglikelihood went from -974.0695 to -973.8834
30th iteration: 
The loglikelihood went from -973.2072 to -973.0509
35th iteration: 
The loglikelihood went from -972.4632 to -972.3243
40th iteration: 
The loglikelihood went from -971.7956 to -971.6695
45th iteration: 
The loglikelihood went from -971.1868 to -971.0712
50th iteration: 
The loglikelihood went from -970.6264 to -970.5194
55th iteration: 
The loglikelihood went from -970.1066 to -970.007
✓ Model estimation complete
done.
  nowcasting... 
=== Generating GDP Nowcast ===

Target quarter: 2023 Q2
Nowcast for 2023 Q2: QoQ=+0.77%  implied level=$668,176M  YoY=+2.57%  [out (nowcast)]
done.
→ nowcast $668,176M (+0.77%)
[15/25] 2023-09-30Filtering data available as of: 2023-09-30
  → 3793 observations available across all indicators
target: 2023 Q3, periods: 284, live_indicators: 10  estimating DFM... 
=== Component-Based DFM Estimation ===

Note: Using simplified aggregate approach
(Full component-based approach to be implemented)

=== Preparing Data for DFM ===

Indicator matrix: 284 periods × 16 indicators
GDP observations: 94/284 (quarterly, ~67% NAs expected)

Indicator frequencies:
# A tibble: 16 × 3
   indicator_id       frequency freq_numeric
   <chr>              <chr>            <dbl>
 1 household_spending monthly             12
 2 cons_conf          monthly             12
 3 building_app       monthly             12
 4 bus_conf           monthly             12
 5 exports_goods      monthly             12
 6 exports_servs      quarterly            4
 7 imports_goods      monthly             12
 8 imports_servs      quarterly            4
 9 employment         monthly             12
10 unemp_rate         monthly             12
11 participation      monthly             12
12 hours_worked       monthly             12
13 commodity_prices   monthly             12
14 aud_usd            monthly             12
15 inventories        quarterly            4
16 arrivals           monthly             12

=== Estimating Dynamic Factor Model ===

Estimating with 3 factors...
Time series created: 284 periods, 17 variables
Variables: gdp, building_app, bus_conf, cons_conf, employment, exports_goods, hours_worked, imports_goods, participation, unemp_rate, exports_servs, imports_servs, household_spending, commodity_prices, aud_usd, inventories, arrivals
Formula: gdp ~ .

Frequency vector (4=quarterly, 12=monthly):
gdp = 4, building_app = 12, bus_conf = 12, cons_conf = 12, employment = 12, exports_goods = 12, hours_worked = 12, imports_goods = 12, participation = 12, unemp_rate = 12, exports_servs = 4, imports_servs = 4, household_spending = 12, commodity_prices = 12, aud_usd = 12, inventories = 4, arrivals = 12

Preprocessing with Bpanel()...
  NA.replace = FALSE (keep structural NAs)
  na.prop = 1 (don't discard any series)
  aggregate = FALSE (don't apply MA filter that creates more NAs!)

Per-series trans codes:
gdp = 7, building_app = 1, bus_conf = 2, cons_conf = 2, employment = 1, exports_goods = 1, hours_worked = 1, imports_goods = 1, participation = 2, unemp_rate = 2, exports_servs = 7, imports_servs = 7, household_spending = 1, commodity_prices = 1, aud_usd = 2, inventories = 7, arrivals = 1
NULL
COVID mask applied: 5 months × 17 series set to NA
Balanced panel: 296x17
Variables: gdp, building_app, bus_conf, cons_conf, employment, exports_goods, hours_worked, imports_goods, participation, unemp_rate, exports_servs, imports_servs, household_spending, commodity_prices, aud_usd, inventories, arrivals
Blocks structure: 17 variables × 3 factors (unrestricted)
5th iteration: 
The loglikelihood went from -995.0758 to -993.5242
10th iteration: 
The loglikelihood went from -989.5777 to -988.8162
15th iteration: 
The loglikelihood went from -986.3905 to -985.9335
20th iteration: 
The loglikelihood went from -984.5483 to -984.2791
25th iteration: 
The loglikelihood went from -983.367 to -983.1665
30th iteration: 
The loglikelihood went from -982.4311 to -982.2602
35th iteration: 
The loglikelihood went from -981.6158 to -981.4631
40th iteration: 
The loglikelihood went from -980.8812 to -980.7422
45th iteration: 
The loglikelihood went from -980.209 to -980.081
50th iteration: 
The loglikelihood went from -979.5883 to -979.4697
55th iteration: 
The loglikelihood went from -979.0118 to -978.9013
60th iteration: 
The loglikelihood went from -978.4741 to -978.3708
65th iteration: 
The loglikelihood went from -977.971 to -977.8742
✓ Model estimation complete
done.
  nowcasting... 
=== Generating GDP Nowcast ===

Target quarter: 2023 Q3
Nowcast for 2023 Q3: QoQ=+0.56%  implied level=$669,841M  YoY=+2.34%  [out (nowcast)]
done.
→ nowcast $669,841M (+0.56%)
[16/25] 2023-12-31Filtering data available as of: 2023-12-31
  → 3836 observations available across all indicators
target: 2023 Q4, periods: 287, live_indicators: 10  estimating DFM... 
=== Component-Based DFM Estimation ===

Note: Using simplified aggregate approach
(Full component-based approach to be implemented)

=== Preparing Data for DFM ===

Indicator matrix: 287 periods × 16 indicators
GDP observations: 95/287 (quarterly, ~67% NAs expected)

Indicator frequencies:
# A tibble: 16 × 3
   indicator_id       frequency freq_numeric
   <chr>              <chr>            <dbl>
 1 household_spending monthly             12
 2 cons_conf          monthly             12
 3 building_app       monthly             12
 4 bus_conf           monthly             12
 5 exports_goods      monthly             12
 6 exports_servs      quarterly            4
 7 imports_goods      monthly             12
 8 imports_servs      quarterly            4
 9 employment         monthly             12
10 unemp_rate         monthly             12
11 participation      monthly             12
12 hours_worked       monthly             12
13 commodity_prices   monthly             12
14 aud_usd            monthly             12
15 inventories        quarterly            4
16 arrivals           monthly             12

=== Estimating Dynamic Factor Model ===

Estimating with 3 factors...
Time series created: 287 periods, 17 variables
Variables: gdp, building_app, bus_conf, cons_conf, employment, exports_goods, hours_worked, imports_goods, participation, unemp_rate, exports_servs, imports_servs, household_spending, commodity_prices, aud_usd, inventories, arrivals
Formula: gdp ~ .

Frequency vector (4=quarterly, 12=monthly):
gdp = 4, building_app = 12, bus_conf = 12, cons_conf = 12, employment = 12, exports_goods = 12, hours_worked = 12, imports_goods = 12, participation = 12, unemp_rate = 12, exports_servs = 4, imports_servs = 4, household_spending = 12, commodity_prices = 12, aud_usd = 12, inventories = 4, arrivals = 12

Preprocessing with Bpanel()...
  NA.replace = FALSE (keep structural NAs)
  na.prop = 1 (don't discard any series)
  aggregate = FALSE (don't apply MA filter that creates more NAs!)

Per-series trans codes:
gdp = 7, building_app = 1, bus_conf = 2, cons_conf = 2, employment = 1, exports_goods = 1, hours_worked = 1, imports_goods = 1, participation = 2, unemp_rate = 2, exports_servs = 7, imports_servs = 7, household_spending = 1, commodity_prices = 1, aud_usd = 2, inventories = 7, arrivals = 1
NULL
COVID mask applied: 5 months × 17 series set to NA
Balanced panel: 299x17
Variables: gdp, building_app, bus_conf, cons_conf, employment, exports_goods, hours_worked, imports_goods, participation, unemp_rate, exports_servs, imports_servs, household_spending, commodity_prices, aud_usd, inventories, arrivals
Blocks structure: 17 variables × 3 factors (unrestricted)
5th iteration: 
The loglikelihood went from -1012.2009 to -1010.5443
10th iteration: 
The loglikelihood went from -1006.2017 to -1005.3706
15th iteration: 
The loglikelihood went from -1002.7959 to -1002.322
20th iteration: 
The loglikelihood went from -1000.9101 to -1000.6413
25th iteration: 
The loglikelihood went from -999.7423 to -999.5458
30th iteration: 
The loglikelihood went from -998.8241 to -998.6557
35th iteration: 
The loglikelihood went from -998.0183 to -997.8669
40th iteration: 
The loglikelihood went from -997.2887 to -997.1505
45th iteration: 
The loglikelihood went from -996.6209 to -996.4939
50th iteration: 
The loglikelihood went from -996.0059 to -995.8887
55th iteration: 
The loglikelihood went from -995.4372 to -995.3284
60th iteration: 
The loglikelihood went from -994.909 to -994.8077
✓ Model estimation complete
done.
  nowcasting... 
=== Generating GDP Nowcast ===

Target quarter: 2023 Q4
Nowcast for 2023 Q4: QoQ=+0.45%  implied level=$671,826M  YoY=+1.80%  [out (nowcast)]
done.
→ nowcast $671,826M (+0.45%)
[17/25] 2024-03-31Filtering data available as of: 2024-03-31
  → 3879 observations available across all indicators
target: 2024 Q1, periods: 290, live_indicators: 10  estimating DFM... 
=== Component-Based DFM Estimation ===

Note: Using simplified aggregate approach
(Full component-based approach to be implemented)

=== Preparing Data for DFM ===

Indicator matrix: 290 periods × 16 indicators
GDP observations: 96/290 (quarterly, ~67% NAs expected)

Indicator frequencies:
# A tibble: 16 × 3
   indicator_id       frequency freq_numeric
   <chr>              <chr>            <dbl>
 1 household_spending monthly             12
 2 cons_conf          monthly             12
 3 building_app       monthly             12
 4 bus_conf           monthly             12
 5 exports_goods      monthly             12
 6 exports_servs      quarterly            4
 7 imports_goods      monthly             12
 8 imports_servs      quarterly            4
 9 employment         monthly             12
10 unemp_rate         monthly             12
11 participation      monthly             12
12 hours_worked       monthly             12
13 commodity_prices   monthly             12
14 aud_usd            monthly             12
15 inventories        quarterly            4
16 arrivals           monthly             12

=== Estimating Dynamic Factor Model ===

Estimating with 3 factors...
Time series created: 290 periods, 17 variables
Variables: gdp, building_app, bus_conf, cons_conf, employment, exports_goods, hours_worked, imports_goods, participation, unemp_rate, exports_servs, imports_servs, household_spending, commodity_prices, aud_usd, inventories, arrivals
Formula: gdp ~ .

Frequency vector (4=quarterly, 12=monthly):
gdp = 4, building_app = 12, bus_conf = 12, cons_conf = 12, employment = 12, exports_goods = 12, hours_worked = 12, imports_goods = 12, participation = 12, unemp_rate = 12, exports_servs = 4, imports_servs = 4, household_spending = 12, commodity_prices = 12, aud_usd = 12, inventories = 4, arrivals = 12

Preprocessing with Bpanel()...
  NA.replace = FALSE (keep structural NAs)
  na.prop = 1 (don't discard any series)
  aggregate = FALSE (don't apply MA filter that creates more NAs!)

Per-series trans codes:
gdp = 7, building_app = 1, bus_conf = 2, cons_conf = 2, employment = 1, exports_goods = 1, hours_worked = 1, imports_goods = 1, participation = 2, unemp_rate = 2, exports_servs = 7, imports_servs = 7, household_spending = 1, commodity_prices = 1, aud_usd = 2, inventories = 7, arrivals = 1
NULL
COVID mask applied: 5 months × 17 series set to NA
Balanced panel: 302x17
Variables: gdp, building_app, bus_conf, cons_conf, employment, exports_goods, hours_worked, imports_goods, participation, unemp_rate, exports_servs, imports_servs, household_spending, commodity_prices, aud_usd, inventories, arrivals
Blocks structure: 17 variables × 3 factors (unrestricted)
5th iteration: 
The loglikelihood went from -1022.62 to -1020.8446
10th iteration: 
The loglikelihood went from -1016.261 to -1015.4298
15th iteration: 
The loglikelihood went from -1012.9839 to -1012.5481
20th iteration: 
The loglikelihood went from -1011.2286 to -1010.9676
25th iteration: 
The loglikelihood went from -1010.0621 to -1009.8585
30th iteration: 
The loglikelihood went from -1009.1006 to -1008.9223
35th iteration: 
The loglikelihood went from -1008.2453 to -1008.0841
40th iteration: 
The loglikelihood went from -1007.4685 to -1007.3214
45th iteration: 
The loglikelihood went from -1006.758 to -1006.6231
50th iteration: 
The loglikelihood went from -1006.106 to -1005.982
55th iteration: 
The loglikelihood went from -1005.5064 to -1005.3923
60th iteration: 
The loglikelihood went from -1004.9542 to -1004.8491
✓ Model estimation complete
done.
  nowcasting... 
=== Generating GDP Nowcast ===

Target quarter: 2024 Q1
Nowcast for 2024 Q1: QoQ=+0.51%  implied level=$672,165M  YoY=+1.37%  [out (nowcast)]
done.
→ nowcast $672,165M (+0.51%)
[18/25] 2024-06-30Filtering data available as of: 2024-06-30
  → 3922 observations available across all indicators
target: 2024 Q2, periods: 293, live_indicators: 10  estimating DFM... 
=== Component-Based DFM Estimation ===

Note: Using simplified aggregate approach
(Full component-based approach to be implemented)

=== Preparing Data for DFM ===

Indicator matrix: 293 periods × 16 indicators
GDP observations: 97/293 (quarterly, ~67% NAs expected)

Indicator frequencies:
# A tibble: 16 × 3
   indicator_id       frequency freq_numeric
   <chr>              <chr>            <dbl>
 1 household_spending monthly             12
 2 cons_conf          monthly             12
 3 building_app       monthly             12
 4 bus_conf           monthly             12
 5 exports_goods      monthly             12
 6 exports_servs      quarterly            4
 7 imports_goods      monthly             12
 8 imports_servs      quarterly            4
 9 employment         monthly             12
10 unemp_rate         monthly             12
11 participation      monthly             12
12 hours_worked       monthly             12
13 commodity_prices   monthly             12
14 aud_usd            monthly             12
15 inventories        quarterly            4
16 arrivals           monthly             12

=== Estimating Dynamic Factor Model ===

Estimating with 3 factors...
Time series created: 293 periods, 17 variables
Variables: gdp, building_app, bus_conf, cons_conf, employment, exports_goods, hours_worked, imports_goods, participation, unemp_rate, exports_servs, imports_servs, household_spending, commodity_prices, aud_usd, inventories, arrivals
Formula: gdp ~ .

Frequency vector (4=quarterly, 12=monthly):
gdp = 4, building_app = 12, bus_conf = 12, cons_conf = 12, employment = 12, exports_goods = 12, hours_worked = 12, imports_goods = 12, participation = 12, unemp_rate = 12, exports_servs = 4, imports_servs = 4, household_spending = 12, commodity_prices = 12, aud_usd = 12, inventories = 4, arrivals = 12

Preprocessing with Bpanel()...
  NA.replace = FALSE (keep structural NAs)
  na.prop = 1 (don't discard any series)
  aggregate = FALSE (don't apply MA filter that creates more NAs!)

Per-series trans codes:
gdp = 7, building_app = 1, bus_conf = 2, cons_conf = 2, employment = 1, exports_goods = 1, hours_worked = 1, imports_goods = 1, participation = 2, unemp_rate = 2, exports_servs = 7, imports_servs = 7, household_spending = 1, commodity_prices = 1, aud_usd = 2, inventories = 7, arrivals = 1
NULL
COVID mask applied: 5 months × 17 series set to NA
Balanced panel: 305x17
Variables: gdp, building_app, bus_conf, cons_conf, employment, exports_goods, hours_worked, imports_goods, participation, unemp_rate, exports_servs, imports_servs, household_spending, commodity_prices, aud_usd, inventories, arrivals
Blocks structure: 17 variables × 3 factors (unrestricted)
5th iteration: 
The loglikelihood went from -1034.606 to -1032.9702
10th iteration: 
The loglikelihood went from -1028.942 to -1028.2243
15th iteration: 
The loglikelihood went from -1026.0596 to -1025.657
20th iteration: 
The loglikelihood went from -1024.398 to -1024.1439
25th iteration: 
The loglikelihood went from -1023.2615 to -1023.0639
30th iteration: 
The loglikelihood went from -1022.332 to -1022.1606
35th iteration: 
The loglikelihood went from -1021.5113 to -1021.3571
40th iteration: 
The loglikelihood went from -1020.7682 to -1020.6275
45th iteration: 
The loglikelihood went from -1020.0882 to -1019.9589
50th iteration: 
The loglikelihood went from -1019.4622 to -1019.3429
55th iteration: 
The loglikelihood went from -1018.8839 to -1018.7734
60th iteration: 
The loglikelihood went from -1018.3479 to -1018.2454
✓ Model estimation complete
done.
  nowcasting... 
=== Generating GDP Nowcast ===

Target quarter: 2024 Q2
Nowcast for 2024 Q2: QoQ=+0.62%  implied level=$674,536M  YoY=+1.26%  [out (nowcast)]
done.
→ nowcast $674,536M (+0.62%)
[19/25] 2024-09-30Filtering data available as of: 2024-09-30
  → 3965 observations available across all indicators
target: 2024 Q3, periods: 296, live_indicators: 10  estimating DFM... 
=== Component-Based DFM Estimation ===

Note: Using simplified aggregate approach
(Full component-based approach to be implemented)

=== Preparing Data for DFM ===

Indicator matrix: 296 periods × 16 indicators
GDP observations: 98/296 (quarterly, ~67% NAs expected)

Indicator frequencies:
# A tibble: 16 × 3
   indicator_id       frequency freq_numeric
   <chr>              <chr>            <dbl>
 1 household_spending monthly             12
 2 cons_conf          monthly             12
 3 building_app       monthly             12
 4 bus_conf           monthly             12
 5 exports_goods      monthly             12
 6 exports_servs      quarterly            4
 7 imports_goods      monthly             12
 8 imports_servs      quarterly            4
 9 employment         monthly             12
10 unemp_rate         monthly             12
11 participation      monthly             12
12 hours_worked       monthly             12
13 commodity_prices   monthly             12
14 aud_usd            monthly             12
15 inventories        quarterly            4
16 arrivals           monthly             12

=== Estimating Dynamic Factor Model ===

Estimating with 3 factors...
Time series created: 296 periods, 17 variables
Variables: gdp, building_app, bus_conf, cons_conf, employment, exports_goods, hours_worked, imports_goods, participation, unemp_rate, exports_servs, imports_servs, household_spending, commodity_prices, aud_usd, inventories, arrivals
Formula: gdp ~ .

Frequency vector (4=quarterly, 12=monthly):
gdp = 4, building_app = 12, bus_conf = 12, cons_conf = 12, employment = 12, exports_goods = 12, hours_worked = 12, imports_goods = 12, participation = 12, unemp_rate = 12, exports_servs = 4, imports_servs = 4, household_spending = 12, commodity_prices = 12, aud_usd = 12, inventories = 4, arrivals = 12

Preprocessing with Bpanel()...
  NA.replace = FALSE (keep structural NAs)
  na.prop = 1 (don't discard any series)
  aggregate = FALSE (don't apply MA filter that creates more NAs!)

Per-series trans codes:
gdp = 7, building_app = 1, bus_conf = 2, cons_conf = 2, employment = 1, exports_goods = 1, hours_worked = 1, imports_goods = 1, participation = 2, unemp_rate = 2, exports_servs = 7, imports_servs = 7, household_spending = 1, commodity_prices = 1, aud_usd = 2, inventories = 7, arrivals = 1
NULL
COVID mask applied: 5 months × 17 series set to NA
Balanced panel: 308x17
Variables: gdp, building_app, bus_conf, cons_conf, employment, exports_goods, hours_worked, imports_goods, participation, unemp_rate, exports_servs, imports_servs, household_spending, commodity_prices, aud_usd, inventories, arrivals
Blocks structure: 17 variables × 3 factors (unrestricted)
5th iteration: 
The loglikelihood went from -1048.2671 to -1046.6235
10th iteration: 
The loglikelihood went from -1042.5382 to -1041.7992
15th iteration: 
The loglikelihood went from -1039.5438 to -1039.1216
20th iteration: 
The loglikelihood went from -1037.8075 to -1037.5449
25th iteration: 
The loglikelihood went from -1036.6415 to -1036.4409
30th iteration: 
The loglikelihood went from -1035.7008 to -1035.5281
35th iteration: 
The loglikelihood went from -1034.8749 to -1034.7199
40th iteration: 
The loglikelihood went from -1034.1289 to -1033.9877
45th iteration: 
The loglikelihood went from -1033.4474 to -1033.318
50th iteration: 
The loglikelihood went from -1032.8211 to -1032.7019
55th iteration: 
The loglikelihood went from -1032.2434 to -1032.1332
60th iteration: 
The loglikelihood went from -1031.709 to -1031.6069
✓ Model estimation complete
done.
  nowcasting... 
=== Generating GDP Nowcast ===

Target quarter: 2024 Q3
Nowcast for 2024 Q3: QoQ=+0.59%  implied level=$676,019M  YoY=+1.08%  [out (nowcast)]
done.
→ nowcast $676,019M (+0.59%)
[20/25] 2024-12-31Filtering data available as of: 2024-12-31
  → 4008 observations available across all indicators
target: 2024 Q4, periods: 299, live_indicators: 10  estimating DFM... 
=== Component-Based DFM Estimation ===

Note: Using simplified aggregate approach
(Full component-based approach to be implemented)

=== Preparing Data for DFM ===

Indicator matrix: 299 periods × 16 indicators
GDP observations: 99/299 (quarterly, ~67% NAs expected)

Indicator frequencies:
# A tibble: 16 × 3
   indicator_id       frequency freq_numeric
   <chr>              <chr>            <dbl>
 1 household_spending monthly             12
 2 cons_conf          monthly             12
 3 building_app       monthly             12
 4 bus_conf           monthly             12
 5 exports_goods      monthly             12
 6 exports_servs      quarterly            4
 7 imports_goods      monthly             12
 8 imports_servs      quarterly            4
 9 employment         monthly             12
10 unemp_rate         monthly             12
11 participation      monthly             12
12 hours_worked       monthly             12
13 commodity_prices   monthly             12
14 aud_usd            monthly             12
15 inventories        quarterly            4
16 arrivals           monthly             12

=== Estimating Dynamic Factor Model ===

Estimating with 3 factors...
Time series created: 299 periods, 17 variables
Variables: gdp, building_app, bus_conf, cons_conf, employment, exports_goods, hours_worked, imports_goods, participation, unemp_rate, exports_servs, imports_servs, household_spending, commodity_prices, aud_usd, inventories, arrivals
Formula: gdp ~ .

Frequency vector (4=quarterly, 12=monthly):
gdp = 4, building_app = 12, bus_conf = 12, cons_conf = 12, employment = 12, exports_goods = 12, hours_worked = 12, imports_goods = 12, participation = 12, unemp_rate = 12, exports_servs = 4, imports_servs = 4, household_spending = 12, commodity_prices = 12, aud_usd = 12, inventories = 4, arrivals = 12

Preprocessing with Bpanel()...
  NA.replace = FALSE (keep structural NAs)
  na.prop = 1 (don't discard any series)
  aggregate = FALSE (don't apply MA filter that creates more NAs!)

Per-series trans codes:
gdp = 7, building_app = 1, bus_conf = 2, cons_conf = 2, employment = 1, exports_goods = 1, hours_worked = 1, imports_goods = 1, participation = 2, unemp_rate = 2, exports_servs = 7, imports_servs = 7, household_spending = 1, commodity_prices = 1, aud_usd = 2, inventories = 7, arrivals = 1
NULL
COVID mask applied: 5 months × 17 series set to NA
Balanced panel: 311x17
Variables: gdp, building_app, bus_conf, cons_conf, employment, exports_goods, hours_worked, imports_goods, participation, unemp_rate, exports_servs, imports_servs, household_spending, commodity_prices, aud_usd, inventories, arrivals
Blocks structure: 17 variables × 3 factors (unrestricted)
5th iteration: 
The loglikelihood went from -1059.8337 to -1058.2339
10th iteration: 
The loglikelihood went from -1054.222 to -1053.4878
15th iteration: 
The loglikelihood went from -1051.2294 to -1050.805
20th iteration: 
The loglikelihood went from -1049.4869 to -1049.2245
25th iteration: 
The loglikelihood went from -1048.3242 to -1048.1245
30th iteration: 
The loglikelihood went from -1047.387 to -1047.2145
35th iteration: 
The loglikelihood went from -1046.5614 to -1046.4062
40th iteration: 
The loglikelihood went from -1045.8136 to -1045.672
45th iteration: 
The loglikelihood went from -1045.1293 to -1044.9993
50th iteration: 
The loglikelihood went from -1044.5001 to -1044.3803
55th iteration: 
The loglikelihood went from -1043.9196 to -1043.809
✓ Model estimation complete
done.
  nowcasting... 
=== Generating GDP Nowcast ===

Target quarter: 2024 Q4
Nowcast for 2024 Q4: QoQ=+0.70%  implied level=$678,873M  YoY=+1.51%  [out (nowcast)]
done.
→ nowcast $678,873M (+0.70%)
[21/25] 2025-03-31Filtering data available as of: 2025-03-31
  → 4051 observations available across all indicators
target: 2025 Q1, periods: 302, live_indicators: 10  estimating DFM... 
=== Component-Based DFM Estimation ===

Note: Using simplified aggregate approach
(Full component-based approach to be implemented)

=== Preparing Data for DFM ===

Indicator matrix: 302 periods × 16 indicators
GDP observations: 100/302 (quarterly, ~67% NAs expected)

Indicator frequencies:
# A tibble: 16 × 3
   indicator_id       frequency freq_numeric
   <chr>              <chr>            <dbl>
 1 household_spending monthly             12
 2 cons_conf          monthly             12
 3 building_app       monthly             12
 4 bus_conf           monthly             12
 5 exports_goods      monthly             12
 6 exports_servs      quarterly            4
 7 imports_goods      monthly             12
 8 imports_servs      quarterly            4
 9 employment         monthly             12
10 unemp_rate         monthly             12
11 participation      monthly             12
12 hours_worked       monthly             12
13 commodity_prices   monthly             12
14 aud_usd            monthly             12
15 inventories        quarterly            4
16 arrivals           monthly             12

=== Estimating Dynamic Factor Model ===

Estimating with 3 factors...
Time series created: 302 periods, 17 variables
Variables: gdp, building_app, bus_conf, cons_conf, employment, exports_goods, hours_worked, imports_goods, participation, unemp_rate, exports_servs, imports_servs, household_spending, commodity_prices, aud_usd, inventories, arrivals
Formula: gdp ~ .

Frequency vector (4=quarterly, 12=monthly):
gdp = 4, building_app = 12, bus_conf = 12, cons_conf = 12, employment = 12, exports_goods = 12, hours_worked = 12, imports_goods = 12, participation = 12, unemp_rate = 12, exports_servs = 4, imports_servs = 4, household_spending = 12, commodity_prices = 12, aud_usd = 12, inventories = 4, arrivals = 12

Preprocessing with Bpanel()...
  NA.replace = FALSE (keep structural NAs)
  na.prop = 1 (don't discard any series)
  aggregate = FALSE (don't apply MA filter that creates more NAs!)

Per-series trans codes:
gdp = 7, building_app = 1, bus_conf = 2, cons_conf = 2, employment = 1, exports_goods = 1, hours_worked = 1, imports_goods = 1, participation = 2, unemp_rate = 2, exports_servs = 7, imports_servs = 7, household_spending = 1, commodity_prices = 1, aud_usd = 2, inventories = 7, arrivals = 1
NULL
COVID mask applied: 5 months × 17 series set to NA
Balanced panel: 314x17
Variables: gdp, building_app, bus_conf, cons_conf, employment, exports_goods, hours_worked, imports_goods, participation, unemp_rate, exports_servs, imports_servs, household_spending, commodity_prices, aud_usd, inventories, arrivals
Blocks structure: 17 variables × 3 factors (unrestricted)
5th iteration: 
The loglikelihood went from -1071.7837 to -1070.2202
10th iteration: 
The loglikelihood went from -1066.3379 to -1065.6179
15th iteration: 
The loglikelihood went from -1063.3535 to -1062.9206
20th iteration: 
The loglikelihood went from -1061.5758 to -1061.31
25th iteration: 
The loglikelihood went from -1060.4049 to -1060.2051
30th iteration: 
The loglikelihood went from -1059.4682 to -1059.2958
35th iteration: 
The loglikelihood went from -1058.6411 to -1058.4851
40th iteration: 
The loglikelihood went from -1057.8881 to -1057.7451
45th iteration: 
The loglikelihood went from -1057.196 to -1057.0641
50th iteration: 
The loglikelihood went from -1056.5572 to -1056.4353
55th iteration: 
The loglikelihood went from -1055.9662 to -1055.8534
60th iteration: 
The loglikelihood went from -1055.4186 to -1055.3139
✓ Model estimation complete
done.
  nowcasting... 
=== Generating GDP Nowcast ===

Target quarter: 2025 Q1
Nowcast for 2025 Q1: QoQ=+0.63%  implied level=$681,354M  YoY=+1.64%  [out (nowcast)]
done.
→ nowcast $681,354M (+0.63%)
[22/25] 2025-06-30Filtering data available as of: 2025-06-30
  → 4094 observations available across all indicators
target: 2025 Q2, periods: 305, live_indicators: 10  estimating DFM... 
=== Component-Based DFM Estimation ===

Note: Using simplified aggregate approach
(Full component-based approach to be implemented)

=== Preparing Data for DFM ===

Indicator matrix: 305 periods × 16 indicators
GDP observations: 101/305 (quarterly, ~67% NAs expected)

Indicator frequencies:
# A tibble: 16 × 3
   indicator_id       frequency freq_numeric
   <chr>              <chr>            <dbl>
 1 household_spending monthly             12
 2 cons_conf          monthly             12
 3 building_app       monthly             12
 4 bus_conf           monthly             12
 5 exports_goods      monthly             12
 6 exports_servs      quarterly            4
 7 imports_goods      monthly             12
 8 imports_servs      quarterly            4
 9 employment         monthly             12
10 unemp_rate         monthly             12
11 participation      monthly             12
12 hours_worked       monthly             12
13 commodity_prices   monthly             12
14 aud_usd            monthly             12
15 inventories        quarterly            4
16 arrivals           monthly             12

=== Estimating Dynamic Factor Model ===

Estimating with 3 factors...
Time series created: 305 periods, 17 variables
Variables: gdp, building_app, bus_conf, cons_conf, employment, exports_goods, hours_worked, imports_goods, participation, unemp_rate, exports_servs, imports_servs, household_spending, commodity_prices, aud_usd, inventories, arrivals
Formula: gdp ~ .

Frequency vector (4=quarterly, 12=monthly):
gdp = 4, building_app = 12, bus_conf = 12, cons_conf = 12, employment = 12, exports_goods = 12, hours_worked = 12, imports_goods = 12, participation = 12, unemp_rate = 12, exports_servs = 4, imports_servs = 4, household_spending = 12, commodity_prices = 12, aud_usd = 12, inventories = 4, arrivals = 12

Preprocessing with Bpanel()...
  NA.replace = FALSE (keep structural NAs)
  na.prop = 1 (don't discard any series)
  aggregate = FALSE (don't apply MA filter that creates more NAs!)

Per-series trans codes:
gdp = 7, building_app = 1, bus_conf = 2, cons_conf = 2, employment = 1, exports_goods = 1, hours_worked = 1, imports_goods = 1, participation = 2, unemp_rate = 2, exports_servs = 7, imports_servs = 7, household_spending = 1, commodity_prices = 1, aud_usd = 2, inventories = 7, arrivals = 1
NULL
COVID mask applied: 5 months × 17 series set to NA
Balanced panel: 317x17
Variables: gdp, building_app, bus_conf, cons_conf, employment, exports_goods, hours_worked, imports_goods, participation, unemp_rate, exports_servs, imports_servs, household_spending, commodity_prices, aud_usd, inventories, arrivals
Blocks structure: 17 variables × 3 factors (unrestricted)
5th iteration: 
The loglikelihood went from -1083.9598 to -1082.3704
10th iteration: 
The loglikelihood went from -1078.5046 to -1077.8338
15th iteration: 
The loglikelihood went from -1075.8208 to -1075.4407
20th iteration: 
The loglikelihood went from -1074.2163 to -1073.9612
25th iteration: 
The loglikelihood went from -1073.0588 to -1072.8546
30th iteration: 
The loglikelihood went from -1072.0968 to -1071.9198
35th iteration: 
The loglikelihood went from -1071.2523 to -1071.0946
40th iteration: 
The loglikelihood went from -1070.4961 to -1070.354
45th iteration: 
The loglikelihood went from -1069.8121 to -1069.6829
50th iteration: 
The loglikelihood went from -1069.1889 to -1069.0708
55th iteration: 
The loglikelihood went from -1068.6181 to -1068.5097
✓ Model estimation complete
done.
  nowcasting... 
=== Generating GDP Nowcast ===

Target quarter: 2025 Q2
Nowcast for 2025 Q2: QoQ=+0.60%  implied level=$682,894M  YoY=+1.61%  [out (nowcast)]
done.
→ nowcast $682,894M (+0.60%)
[23/25] 2025-09-30Filtering data available as of: 2025-09-30
  → 4137 observations available across all indicators
target: 2025 Q3, periods: 308, live_indicators: 10  estimating DFM... 
=== Component-Based DFM Estimation ===

Note: Using simplified aggregate approach
(Full component-based approach to be implemented)

=== Preparing Data for DFM ===

Indicator matrix: 308 periods × 16 indicators
GDP observations: 102/308 (quarterly, ~67% NAs expected)

Indicator frequencies:
# A tibble: 16 × 3
   indicator_id       frequency freq_numeric
   <chr>              <chr>            <dbl>
 1 household_spending monthly             12
 2 cons_conf          monthly             12
 3 building_app       monthly             12
 4 bus_conf           monthly             12
 5 exports_goods      monthly             12
 6 exports_servs      quarterly            4
 7 imports_goods      monthly             12
 8 imports_servs      quarterly            4
 9 employment         monthly             12
10 unemp_rate         monthly             12
11 participation      monthly             12
12 hours_worked       monthly             12
13 commodity_prices   monthly             12
14 aud_usd            monthly             12
15 inventories        quarterly            4
16 arrivals           monthly             12

=== Estimating Dynamic Factor Model ===

Estimating with 3 factors...
Time series created: 308 periods, 17 variables
Variables: gdp, building_app, bus_conf, cons_conf, employment, exports_goods, hours_worked, imports_goods, participation, unemp_rate, exports_servs, imports_servs, household_spending, commodity_prices, aud_usd, inventories, arrivals
Formula: gdp ~ .

Frequency vector (4=quarterly, 12=monthly):
gdp = 4, building_app = 12, bus_conf = 12, cons_conf = 12, employment = 12, exports_goods = 12, hours_worked = 12, imports_goods = 12, participation = 12, unemp_rate = 12, exports_servs = 4, imports_servs = 4, household_spending = 12, commodity_prices = 12, aud_usd = 12, inventories = 4, arrivals = 12

Preprocessing with Bpanel()...
  NA.replace = FALSE (keep structural NAs)
  na.prop = 1 (don't discard any series)
  aggregate = FALSE (don't apply MA filter that creates more NAs!)

Per-series trans codes:
gdp = 7, building_app = 1, bus_conf = 2, cons_conf = 2, employment = 1, exports_goods = 1, hours_worked = 1, imports_goods = 1, participation = 2, unemp_rate = 2, exports_servs = 7, imports_servs = 7, household_spending = 1, commodity_prices = 1, aud_usd = 2, inventories = 7, arrivals = 1
NULL
COVID mask applied: 5 months × 17 series set to NA
Balanced panel: 320x17
Variables: gdp, building_app, bus_conf, cons_conf, employment, exports_goods, hours_worked, imports_goods, participation, unemp_rate, exports_servs, imports_servs, household_spending, commodity_prices, aud_usd, inventories, arrivals
Blocks structure: 17 variables × 3 factors (unrestricted)
5th iteration: 
The loglikelihood went from -1097.6323 to -1096.0072
10th iteration: 
The loglikelihood went from -1092.041 to -1091.3549
15th iteration: 
The loglikelihood went from -1089.2957 to -1088.9056
20th iteration: 
The loglikelihood went from -1087.6422 to -1087.3777
25th iteration: 
The loglikelihood went from -1086.4403 to -1086.2283
30th iteration: 
The loglikelihood went from -1085.4434 to -1085.2606
35th iteration: 
The loglikelihood went from -1084.5738 to -1084.4121
40th iteration: 
The loglikelihood went from -1083.8 to -1083.655
45th iteration: 
The loglikelihood went from -1083.1033 to -1082.9719
50th iteration: 
The loglikelihood went from -1082.4703 to -1082.3504
55th iteration: 
The loglikelihood went from -1081.8916 to -1081.7817
✓ Model estimation complete
done.
  nowcasting... 
=== Generating GDP Nowcast ===

Target quarter: 2025 Q3
Nowcast for 2025 Q3: QoQ=+0.76%  implied level=$690,596M  YoY=+2.44%  [out (nowcast)]
done.
→ nowcast $690,596M (+0.76%)
[24/25] 2025-12-31Filtering data available as of: 2025-12-31
  → 4180 observations available across all indicators
target: 2025 Q4, periods: 311, live_indicators: 10  estimating DFM... 
=== Component-Based DFM Estimation ===

Note: Using simplified aggregate approach
(Full component-based approach to be implemented)

=== Preparing Data for DFM ===

Indicator matrix: 311 periods × 16 indicators
GDP observations: 103/311 (quarterly, ~67% NAs expected)

Indicator frequencies:
# A tibble: 16 × 3
   indicator_id       frequency freq_numeric
   <chr>              <chr>            <dbl>
 1 household_spending monthly             12
 2 cons_conf          monthly             12
 3 building_app       monthly             12
 4 bus_conf           monthly             12
 5 exports_goods      monthly             12
 6 exports_servs      quarterly            4
 7 imports_goods      monthly             12
 8 imports_servs      quarterly            4
 9 employment         monthly             12
10 unemp_rate         monthly             12
11 participation      monthly             12
12 hours_worked       monthly             12
13 commodity_prices   monthly             12
14 aud_usd            monthly             12
15 inventories        quarterly            4
16 arrivals           monthly             12

=== Estimating Dynamic Factor Model ===

Estimating with 3 factors...
Time series created: 311 periods, 17 variables
Variables: gdp, building_app, bus_conf, cons_conf, employment, exports_goods, hours_worked, imports_goods, participation, unemp_rate, exports_servs, imports_servs, household_spending, commodity_prices, aud_usd, inventories, arrivals
Formula: gdp ~ .

Frequency vector (4=quarterly, 12=monthly):
gdp = 4, building_app = 12, bus_conf = 12, cons_conf = 12, employment = 12, exports_goods = 12, hours_worked = 12, imports_goods = 12, participation = 12, unemp_rate = 12, exports_servs = 4, imports_servs = 4, household_spending = 12, commodity_prices = 12, aud_usd = 12, inventories = 4, arrivals = 12

Preprocessing with Bpanel()...
  NA.replace = FALSE (keep structural NAs)
  na.prop = 1 (don't discard any series)
  aggregate = FALSE (don't apply MA filter that creates more NAs!)

Per-series trans codes:
gdp = 7, building_app = 1, bus_conf = 2, cons_conf = 2, employment = 1, exports_goods = 1, hours_worked = 1, imports_goods = 1, participation = 2, unemp_rate = 2, exports_servs = 7, imports_servs = 7, household_spending = 1, commodity_prices = 1, aud_usd = 2, inventories = 7, arrivals = 1
NULL
COVID mask applied: 5 months × 17 series set to NA
Balanced panel: 323x17
Variables: gdp, building_app, bus_conf, cons_conf, employment, exports_goods, hours_worked, imports_goods, participation, unemp_rate, exports_servs, imports_servs, household_spending, commodity_prices, aud_usd, inventories, arrivals
Blocks structure: 17 variables × 3 factors (unrestricted)
5th iteration: 
The loglikelihood went from -1112.9895 to -1111.3833
10th iteration: 
The loglikelihood went from -1107.5019 to -1106.8423
15th iteration: 
The loglikelihood went from -1104.8757 to -1104.5019
20th iteration: 
The loglikelihood went from -1103.2747 to -1103.0136
25th iteration: 
The loglikelihood went from -1102.076 to -1101.8616
30th iteration: 
The loglikelihood went from -1101.0622 to -1100.8751
35th iteration: 
The loglikelihood went from -1100.1707 to -1100.0047
40th iteration: 
The loglikelihood went from -1099.3774 to -1099.2291
45th iteration: 
The loglikelihood went from -1098.666 to -1098.5323
50th iteration: 
The loglikelihood went from -1098.0229 to -1097.9015
55th iteration: 
The loglikelihood went from -1097.4378 to -1097.327
✓ Model estimation complete
done.
  nowcasting... 
=== Generating GDP Nowcast ===

Target quarter: 2025 Q4
Nowcast for 2025 Q4: QoQ=+0.53%  implied level=$691,665M  YoY=+2.15%  [out (nowcast)]
done.
→ nowcast $691,665M (+0.53%)
[25/25] 2026-03-31Filtering data available as of: 2026-03-31
  → 4223 observations available across all indicators
target: 2026 Q1, periods: 314, live_indicators: 10  estimating DFM... 
=== Component-Based DFM Estimation ===

Note: Using simplified aggregate approach
(Full component-based approach to be implemented)

=== Preparing Data for DFM ===

Indicator matrix: 314 periods × 16 indicators
GDP observations: 104/314 (quarterly, ~67% NAs expected)

Indicator frequencies:
# A tibble: 16 × 3
   indicator_id       frequency freq_numeric
   <chr>              <chr>            <dbl>
 1 household_spending monthly             12
 2 cons_conf          monthly             12
 3 building_app       monthly             12
 4 bus_conf           monthly             12
 5 exports_goods      monthly             12
 6 exports_servs      quarterly            4
 7 imports_goods      monthly             12
 8 imports_servs      quarterly            4
 9 employment         monthly             12
10 unemp_rate         monthly             12
11 participation      monthly             12
12 hours_worked       monthly             12
13 commodity_prices   monthly             12
14 aud_usd            monthly             12
15 inventories        quarterly            4
16 arrivals           monthly             12

=== Estimating Dynamic Factor Model ===

Estimating with 3 factors...
Time series created: 314 periods, 17 variables
Variables: gdp, building_app, bus_conf, cons_conf, employment, exports_goods, hours_worked, imports_goods, participation, unemp_rate, exports_servs, imports_servs, household_spending, commodity_prices, aud_usd, inventories, arrivals
Formula: gdp ~ .

Frequency vector (4=quarterly, 12=monthly):
gdp = 4, building_app = 12, bus_conf = 12, cons_conf = 12, employment = 12, exports_goods = 12, hours_worked = 12, imports_goods = 12, participation = 12, unemp_rate = 12, exports_servs = 4, imports_servs = 4, household_spending = 12, commodity_prices = 12, aud_usd = 12, inventories = 4, arrivals = 12

Preprocessing with Bpanel()...
  NA.replace = FALSE (keep structural NAs)
  na.prop = 1 (don't discard any series)
  aggregate = FALSE (don't apply MA filter that creates more NAs!)

Per-series trans codes:
gdp = 7, building_app = 1, bus_conf = 2, cons_conf = 2, employment = 1, exports_goods = 1, hours_worked = 1, imports_goods = 1, participation = 2, unemp_rate = 2, exports_servs = 7, imports_servs = 7, household_spending = 1, commodity_prices = 1, aud_usd = 2, inventories = 7, arrivals = 1
NULL
COVID mask applied: 5 months × 17 series set to NA
Balanced panel: 326x17
Variables: gdp, building_app, bus_conf, cons_conf, employment, exports_goods, hours_worked, imports_goods, participation, unemp_rate, exports_servs, imports_servs, household_spending, commodity_prices, aud_usd, inventories, arrivals
Blocks structure: 17 variables × 3 factors (unrestricted)
5th iteration: 
The loglikelihood went from -1127.4707 to -1125.8177
10th iteration: 
The loglikelihood went from -1121.8276 to -1121.1522
15th iteration: 
The loglikelihood went from -1119.1493 to -1118.7718
20th iteration: 
The loglikelihood went from -1117.5451 to -1117.2866
25th iteration: 
The loglikelihood went from -1116.3629 to -1116.1522
30th iteration: 
The loglikelihood went from -1115.3654 to -1115.1808
35th iteration: 
The loglikelihood went from -1114.4835 to -1114.3187
40th iteration: 
The loglikelihood went from -1113.6944 to -1113.5466
45th iteration: 
The loglikelihood went from -1112.985 to -1112.8517
50th iteration: 
The loglikelihood went from -1112.3439 to -1112.223
55th iteration: 
The loglikelihood went from -1111.7615 to -1111.6513
✓ Model estimation complete
done.
  nowcasting... 
=== Generating GDP Nowcast ===

Target quarter: 2026 Q1
Nowcast for 2026 Q1: QoQ=+0.87%  implied level=$700,090M  YoY=+3.13%  [out (nowcast)]
done.
→ nowcast $700,090M (+0.87%)

=== Accuracy metrics ===
# A tibble: 10 × 2
   metric                        value
   <chr>                         <dbl>
 1 n_forecasts                  25    
 2 mae_millions               6187.   
 3 rmse_millions             11236.   
 4 mape_pct                      1.01 
 5 mean_bias_millions         1316.   
 6 median_abs_error_millions  2514.   
 7 correlation_level             0.941
 8 mae_qoq_pp                    1.000
 9 rmse_qoq_pp                   1.85 
10 hit_rate_direction_pct       84    

Results saved to experimental/backtest_output/r3
Report saved: experimental/backtest_output/r3/backtest_report.md

r = 3 complete in 51.3 min


=== SWEEP COMPLETE (80.5 min) ===
r completed: 2, 3
outputs: experimental/backtest_output/ (comparison.md, comparison.csv, r*/)
SWEEP_DONE_MARKER
